episode_id,task_id,episode_seed,initial_state_index,initial_state_sha256,episode_success,action_token_ids,decoded_action_chunk_sha256,decoded_action_chunk_json,reasoning_sha256,state_before_sha256,state_before_ee_position
libero_90-task0-episode0-seed7,0,7,13,7770753833d2b838bda7deed575eb815bac6e7a57243d980034aedb12ee88c73,true,"[151809,151786,151864,151856,151842,151665,151902]",694fb516f888da26a6574a22d85807a1aaec716062434cd480d67bfb273a5a73,"[[-0.027698161825604473,-0.029132463970071854,0.1583888080357383,0.0037378837319304026,0.008969480639365202,-0.025028853963448228,0.9830936193466187],[-0.028468928107443503,0.03693030749246873,0.2246284856974512,-0.0011054352034478576,0.008232265694815055,-0.025047490718201004,0.9838656187057495],[-0.019525302267350497,0.1330411886902283,0.3045167255023671,-0.014297782349447896,0.007650056853279352,-0.02424249892480823,0.9839668869972229],[-0.007449478260285858,0.2516902021634593,0.3668116190327737,-0.030034974553707183,0.007066596761248434,-0.022463792830386353,0.9839504957199097],[0.024543811705417085,0.3541650228243043,0.41294210354078587,-0.04730282777436212,0.006471090900561194,-0.020890109749846175,0.9842449426651001],[0.06954808678439761,0.44349161737855525,0.4265826937757424,-0.06371344807491663,0.005841215373493469,-0.021205942865782035,0.9839431047439575],[0.12955316886404944,0.5217262123042588,0.41721220705107953,-0.07850469786157377,0.0061244845828269945,-0.022150710319820632,0.9843212366104126],[0.20513664706416535,0.5736877247210259,0.38109411168790075,-0.09133286820434816,0.0071506490167365655,-0.02480410892194662,0.9842138886451721],[0.2694280019331323,0.6136031795830377,0.3296620897875755,-0.09857709266380987,0.007599113083117004,-0.026793844454221727,0.9844207763671875],[0.29910091457510646,0.6323639271620607,0.28420386647360374,-0.09869202835416502,0.0085470048471592,-0.027151685114755963,0.9839810132980347]]",b52bb182202d68fdc405b8613064f0e6c259bd867b2ea405170a528361036963,32f2ca335ba921a485ccc4dcdd3c4051fa48f1034977f889ff013ed9d579abd4,"[-0.21164333680302222,0.00664899663726582,1.1735963504901228]"
libero_90-task0-episode1-seed8,0,8,14,6a50ee7a01412dc40d6c440913ade9e3a2cd12fcce23fa61b2070edee13e0b52,true,"[151888,151677,151705,151697,151705,151914,151894]",64faca164239131e6ec1f1ec433eb321a7efa5d149f0e5135c2740513fe13e7f,"[[0.05284272088105446,0.23477166377091407,0.35446935779975774,-0.0006159688082549852,0.0009522321191042238,-0.006843011375362806,0.9848599433898926],[0.07963642857262165,0.2798774479482802,0.33895951888735,-0.004616016902979414,0.002359253370414649,-0.006159944375111692,0.985493540763855],[0.12400630031618931,0.3407672123762495,0.30401613334618105,-0.015454752415949402,0.007028950010237622,-0.005715244462004776,0.9857408404350281],[0.16893085008560504,0.41228127485162247,0.26093473993608995,-0.028019507320651726,0.013407268923515403,-0.0041396715097477,0.9859756231307983],[0.2165508746069733,0.4647953577755004,0.22283153021533053,-0.0407738622810776,0.0238721322319293,-0.002410906678814939,0.9855320453643799],[0.2528023171946643,0.49431190923769464,0.18291247268194866,-0.05155537449289205,0.037118565113445356,-0.0016045863617399903,0.9844456911087036],[0.28485454032109203,0.5077677339515674,0.14899822773412552,-0.05859697808096653,0.04913793834265334,3.673915698421126e-05,0.984583854675293],[0.30721100038463334,0.5047079426738321,0.11032431674630061,-0.062189661975366795,0.0598375203550745,4.88829861353679e-05,0.9847283363342285],[0.32346472196784504,0.4991980224029646,0.07118759826329324,-0.06245343730841468,0.06734812166092752,-0.0005892574597368139,0.9847385883331299],[0.3256832574924786,0.49027325534765964,0.04078175737345191,-0.061000116799515336,0.06959008449268822,-0.0006785679320611138,0.9846246838569641]]",0b6c18345d98428ca84eaf2a07a4a21bce382606b1491f866c810f6c6a37238a,95dbf24b3c05c451eaca2b8a4620636353e9a11dc959e3482b2635512ecaa230,"[-0.1984083670006052,-0.010391535603149158,1.1807783381213417]"
libero_90-task0-episode2-seed9,0,9,15,c5757df641db2c8fcd83de4daf02a7d597012ee5e00a555ba123b08a11bbb191,true,"[151888,151825,151747,151697,151796,151792,151708]",80a03780b2f0dd6fc3d298a13566b7676cca38db4dfacfcb47362f33ecd95f8f,"[[0.11141773573847402,0.526538936398282,0.22199884801835879,-0.048388289477590885,0.001504659212741899,-0.018397219262448417,0.9825941324234009],[0.12528949815585122,0.550924505294077,0.20237190071145505,-0.05274705135436952,0.0018124668345649297,-0.016920499699105918,0.9835906028747559],[0.14849530204886463,0.5770150376132221,0.1680154878665121,-0.06031225599188206,0.004334531027183175,-0.014584562122216482,0.9839306473731995],[0.17774486711679316,0.60459333860436,0.12943494648897058,-0.06749033360040313,0.00845951661808897,-0.010516341933376694,0.9840327501296997],[0.22372650562532215,0.6220617825377417,0.09631723714045393,-0.07433820295457028,0.017029758273878315,-0.006531949717722085,0.9832597970962524],[0.2754624927232143,0.624629272545647,0.05869758371716216,-0.07990345275529287,0.028749228606613997,-0.00344575178082529,0.9824739694595337],[0.336064146139222,0.6193798014787433,0.02597978023163705,-0.08329277753220166,0.04099591234245281,-0.000626250295225006,0.9826911687850952],[0.40096240220193025,0.59900551931932,-0.011434023232141044,-0.08393316911533177,0.05309331990810051,0.0005329521080774668,0.9827670454978943],[0.45795293171261164,0.5775199462235037,-0.050801271828959216,-0.08164605500014188,0.06224512491905898,0.0004919362783404324,0.9831745624542236],[0.4833475176094133,0.553554622009429,-0.08089751874786089,-0.07907036971087766,0.06550534745937853,0.0006647940498325511,0.98329097032547]]",1c264dfa229f27c561bb383d25f83b149592ac3c2c6f1b474e3550d5d5fa6908,296f01736bfa2d8321e48f9645ce6263dbf49f5466d3b1994f9b99da94de4f4c,"[-0.2136127668303975,0.007527068983755582,1.15678457926345]"
libero_90-task1-episode0-seed10,1,10,13,f3539d43042e203b15264af1683d951c0c3cf3ca68f1dbd08a762266802a4bfa,true,"[151746,151742,151773,151845,151712,151685,151836]",061206fefb5ec2494277dd10401ef01c7a05b922c18c69ee01a82853eb59c3ad,"[[0.14160157901882187,0.35058064318533866,0.01065116572655711,0.0006809265792304675,-0.0007374922996490341,0.0026320195259152968,0.9879768490791321],[0.21471798709139733,0.37987098001032393,0.015961876273564712,0.000445822879256319,0.0018374123999933545,0.0029733191310263862,0.9882690906524658],[0.31589284821491503,0.4182802164338284,0.011721585516028199,0.00043945550660717814,0.007975521009868203,0.002857325915451625,0.9888651967048645],[0.42863935684464494,0.4662379245195325,0.007003799295375757,0.00011345525504746767,0.015191532268573837,0.0028828672510314846,0.9883221387863159],[0.5371826729910403,0.5000500941198283,-0.0004011206275436052,-0.0006501772871105871,0.02324279295507381,0.0022618104970160147,0.9878127574920654],[0.6230493034949447,0.520698765306804,-0.02172100639458563,-0.0027284046671034456,0.03177046230234737,0.0011029449025343752,0.9872786402702332],[0.6892969744318371,0.5331209931010505,-0.051811956908693446,-0.005889943608546444,0.03746768386272947,0.00026402897624322463,0.9874311089515686],[0.7349385222510598,0.5366373136013181,-0.09107688114897883,-0.010102772686667816,0.041232537713881356,-0.0010067132815585467,0.987682044506073],[0.7639353148258721,0.5329304480124364,-0.13329692625367784,-0.01316189843729898,0.04306593746727572,-0.0019966318291899654,0.9880180358886719],[0.7674333400362343,0.5197881668306081,-0.16894680851265775,-0.014240475995605628,0.04350425250186163,-0.002456413292829751,0.9878307580947876]]",872d8f94ff272bab77c1efbf43fd8d435dcbf874167ae408a6b91b5638de5d29,fcc3665ef56c531d9f6c0d07446cca28a1272b8148d160ff2353bbb6e175dc1a,"[-0.20486849305407231,-0.022872551104737706,1.1831482368027728]"
libero_90-task1-episode1-seed11,1,11,14,0b443d40e27a74cb54d04177d5e05f2e07ed1b713aac60cd1cbe25693517b46b,true,"[151790,151676,151799,151719,151679,151830,151698]",9c454b8f08c130bbe83111e8756c2f559cfaee6ba299fca5c2e339a23751058d,"[[0.056796804880516305,0.17922700169961558,0.014848921439408969,-0.0054705183124941215,0.005582603743363279,-0.00020563221280767152,0.9888775944709778],[0.061421888163136984,0.19990509001431178,0.024407894652199502,-0.005317000035115704,0.007657981439749051,6.430134548907063e-05,0.9897502660751343],[0.07015198613924056,0.22590716595288995,0.03143726125375679,-0.004386265487261065,0.012655068764701127,0.00014850355069739862,0.9900381565093994],[0.08779176268907207,0.2607107030072342,0.03458168763796721,-0.003688253795694374,0.0179836878180879,0.0005755771355140382,0.9900206327438354],[0.12879184954580225,0.2879640831103103,0.03871987244741604,-0.0034399354904541823,0.02225446395280528,0.0006698836053473656,0.9898989200592041],[0.18504639879011364,0.3071466128515965,0.03831035661283977,-0.0038257152203053924,0.02611784881517565,-0.0005494953072773257,0.989639163017273],[0.25891688645182853,0.32168287639230186,0.03649188789887603,-0.004199498450962569,0.028130773222954986,-0.001927155654092516,0.9895957112312317],[0.3418880667595232,0.3324797822553194,0.025971371506500418,-0.005480290845299107,0.0294256784576703,-0.0039476156354680825,0.9896003603935242],[0.41480079123390823,0.33824687177165913,0.01351258936801969,-0.0063157362772479075,0.02971130120960197,-0.005768591236904541,0.9893596172332764],[0.45433712847017915,0.3357913103472754,0.005178341511168583,-0.006675871183052795,0.029959287141082314,-0.006735307399100776,0.9890482425689697]]",a5833e6cf38d8bc320a79ae6dde58debdeade22b7c68ab751bb8d609b8bbc79a,4a29286c20536aa44a979c11bdf3368531b3d0c62ce2f3fe5bc10dbcfd1d735f,"[-0.20409535552714572,-0.0034705802765411455,1.1654311493701932]"
libero_90-task1-episode2-seed12,1,12,15,763ca92765bf2ff4ad84d890bd072fe6ceac4157ce9839d0a881cde3ff29528f,true,"[151790,151809,151843,151737,151780,151823,151815]",886935491600ad2b01b1c37da5b49b23c9b1f1a3140dcb5681a2e18b8ff0fb74,"[[0.0018176840104828784,0.029882291686504914,-0.005781066651650235,0.0007969511825893782,0.0005400741782040086,-0.0016779171266758652,0.989515483379364],[0.0018121659242726906,0.06688001847294345,-0.0010766033461493407,0.0006293877730776387,0.0007037595902090743,-0.0011466012118113156,0.9902664422988892],[0.007115311640401245,0.11921360118108737,-0.0021682633569071186,0.0006414765530347033,0.001683637686355155,-0.0004232668458694633,0.9905871152877808],[0.02419370017155309,0.18666943251417933,-0.002056383630900882,0.00047412538927793513,0.0029377680438216203,0.0006354542592177381,0.9904735684394836],[0.06296130178171033,0.24442601659316665,0.0007180588472976979,0.0006550787375054767,0.003975660468483966,0.0016811333782982274,0.9906628131866455],[0.11955660388567324,0.29672474974233864,0.00504948052855525,0.0005094966057477279,0.005019114006458381,0.0016348970118382766,0.990949809551239],[0.19591958901618511,0.34271417523704883,0.013549991814244322,0.0006473917499449922,0.005778116598520455,0.0015054127318290256,0.9910714626312256],[0.28629860140995333,0.3798994746497186,0.021289786485624518,0.00040542236120133524,0.006893030442554959,0.0006539787443635703,0.990952730178833],[0.3663708882356431,0.4075791468579837,0.026068017243460417,0.0003979291632432158,0.00750941033928143,-0.0006043951450731555,0.9908791780471802],[0.41167993825218474,0.4189431780439179,0.029200758775857594,0.0002004852426620296,0.00847215822031444,-0.0013263261409282023,0.9901940226554871]]",33e6b2d48ed1b9fec58ac421234fcab09993527abb71e74e9f3ccee21064be7f,9b0c6232c7d04f5464f66e93a2c7bb1d73d2f2ffed56c18e8e82726f6a224ee7,"[-0.21064474104769715,0.0018485860292973902,1.178748291716742]"
libero_90-task2-episode0-seed13,2,13,13,5423e35f4aeca71d8a7f5033ca4de52979f47496403bdd558f7330499cee4a40,true,"[151790,151773,151764,151751,151720,151673,151751]",b09f5b44ed4c20b68758846f6e42c5987ca05922cf6017fbfe8e622d3ee05055,"[[0.1299718371009888,0.016239611837320922,-0.031467537859612094,-0.03652320731818981,-0.000292374831815323,0.0012859069386514932,0.9854720234870911],[0.15426766167161787,0.049221439445759074,-0.01571067899578793,-0.039481627072125214,0.0023236920368958636,0.0007288251489931952,0.9866935014724731],[0.18468785562052048,0.09464353462014685,-0.003324517665305393,-0.044427672952909614,0.009276225691323248,-0.0001291578988773523,0.9867125153541565],[0.21426003008064143,0.1521796439892853,0.0007510931246201835,-0.04964355701287304,0.01691710600707097,-0.0006591640016608835,0.9867020845413208],[0.25432954687888554,0.20471330416540923,0.002723321383939492,-0.05639974542896886,0.023664901316578835,-0.001516454720288607,0.9865063428878784],[0.29191875014268476,0.25769170621323667,-0.006867757870281821,-0.06461851011449604,0.030057063429779873,-0.004019393337507893,0.9861155152320862],[0.32956410545175885,0.3087256053691334,-0.01912756991526976,-0.07364215684325615,0.03420521701596613,-0.006609303476906803,0.9864380955696106],[0.3675827482567797,0.34715052409417524,-0.04085009165086717,-0.08264149681903388,0.037025396604349226,-0.00956635394261518,0.9865620732307434],[0.39708905883989587,0.3774325358693176,-0.06922336894842829,-0.08786165347832564,0.03807507660312126,-0.011838092015933555,0.9865002632141113],[0.4053415554183353,0.3870156520930834,-0.09203836972645263,-0.08795591827776184,0.038464453840560964,-0.012767983747052014,0.9862435460090637]]",bd2948c4372df33ca81affc702aa0be8a5695b9de91caa2e52a2a9ae9a801e7f,93202fe0a126515efb36dfd187b64788548ef525a45d62b815d0c56f72796e93,"[-0.21830864335542755,-0.005018239503283602,1.160439128882162]"
libero_90-task2-episode1-seed14,2,14,14,e8aecff491647a9f827d44ecaec624a4e7d2ab96e7c1d12a467e37e49a52abfb,true,"[151827,151670,151725,151857,151864,151779,151729]",d0770118cab3ac5098499339acb84e97fa23da14a04b425ca44da58e3d5c606a,"[[0.014840985492181602,-0.0026662739049498896,-0.0845987228607612,0.0005628994833137835,-0.05190705359302683,0.0006686299280698194,0.9885867834091187],[0.008545687875461283,-0.0011257184009849652,-0.07601275927092388,0.0003331296114428284,-0.0526634643090631,0.00037927372777168955,0.9894888401031494],[0.0008236780329244908,-0.0038061619794405033,-0.07305818442762302,0.00032697448454865885,-0.051444120701475526,0.0004293272608677512,0.9896754622459412],[-0.007609900062588437,-0.0010446419270238039,-0.06828710654636438,0.0005987321035987314,-0.0486283105592662,0.001028547576332528,0.9893028140068054],[-0.00924025174190568,0.00027410638395508613,-0.06021565865108869,0.0007969788668182876,-0.0450380657355538,0.0013011381819936219,0.9896607398986816],[-0.011207074245975335,0.004778616878482467,-0.05133953944192626,0.0006418456760868274,-0.03975500808908805,0.0007747621298346274,0.9885774254798889],[-0.01006889171191716,0.01029396958060147,-0.03596019957547014,0.0006091967421264499,-0.03562796687236869,3.279100913999855e-05,0.9888737201690674],[-0.006984325665111868,0.019563952267134255,-0.018434996735834375,0.0005995164900844951,-0.030759569667793585,-0.0009399877118312361,0.9891065359115601],[0.00015899144039011048,0.02940208526361232,-0.002931491668334729,0.0006127218672742352,-0.02656914168987612,-0.0013764170972265788,0.988418698310852],[0.00716598974415561,0.03434293273620881,0.010315799559094785,0.0004670105424482429,-0.023505276102270045,-0.0013989458650200959,0.9877063632011414]]",f1a8b1214649c39eae33cc6de0bd22224ef288bba175ebf5faceb64f8d04c316,0e78a1617714a61338d93d4a145cd684c397f331d641cab91b34d47d1ebc7af4,"[-0.21223110930681136,-0.00916102925381057,1.1777706828605332]"
libero_90-task2-episode2-seed15,2,15,15,745e0a3cdc31ec477177ae305a1e7743b8035b68cf94c1ed142b1341cb86f4c7,true,"[151790,151867,151708,151782,151758,151738,151808]",7c288dee384c34455e86f697cae02a31e39a0c056448a229cb444864131ae1a5,"[[0.026799163901245038,0.20838234773293607,-0.02903053642910436,-0.0031290785121078635,-0.010702560479700196,-0.00280781716256584,0.9848297238349915],[0.027110604686948037,0.2300756856994468,-0.029524139515046954,-0.005434491902606808,-0.009619066925878883,-0.0042465147523564895,0.9859040975570679],[0.032199383789983216,0.25798126504881225,-0.02763468805642333,-0.01216397426588145,-0.004988208704205022,-0.006192465137923264,0.9861834645271301],[0.0411218201790291,0.2940504560860546,-0.03452056030954509,-0.020868135764951834,-0.0002870023991334847,-0.008136001726940734,0.9858943819999695],[0.07384583719302995,0.32974111941364015,-0.039564430338742795,-0.0337458977897791,0.000885329939848134,-0.011355351417673631,0.9857064485549927],[0.117824101394433,0.36669610424098664,-0.057619164453541316,-0.049063664697986065,0.0006293995607791203,-0.01668132801311195,0.9843711256980896],[0.1739781773250293,0.40513250282074864,-0.08092159827893397,-0.06715169088430817,6.8925088498872356e-06,-0.023335304365893705,0.9848152995109558],[0.24395686914442294,0.43337766037268466,-0.10911250452483046,-0.08546608178234538,-0.0001715397839916477,-0.0302398851929766,0.9849622249603271],[0.30413791195714523,0.4535018456971329,-0.14332149166932595,-0.09838306313146084,-0.0006523774742959176,-0.03497058962079436,0.9850082397460938],[0.33141129584679163,0.4561848517431599,-0.16872550615565274,-0.10087465296137488,7.557225825394198e-05,-0.03708509410958705,0.9845331311225891]]",865455ac9c490e9c6b9afebf2c671f6a26ef571af58ab107e227d811d3bf60a5,30dcc2981e70b5bb4ab99a38d60490565bb781df46160e2bbbf263f40c45fdc1,"[-0.2032161536099439,0.00021695087395543408,1.1689096259247842]"
libero_90-task3-episode0-seed16,3,16,13,b46893669e6297e5b7cdc3c46139d9ec2fd9480f1a6642b8e29f454b69a0ed4b,true,"[151790,151847,151831,151706,151887,151905,151718]",e22b505b621a5d3402ddec60d1287ea401e5cb210b4d1ebeb997514f2c503613,"[[0.0497642909461149,-0.011310399511827995,0.05628875697607327,0.0002988103956715893,0.0011396714293994137,-0.008023937947609028,0.9909454584121704],[0.04633526388572484,0.009008533348051628,0.06054794006411157,0.00017038325776130847,0.0008933041791152618,-0.007681291107214605,0.991736888885498],[0.04650716330734461,0.034218499310938455,0.057601937752281174,0.00031453503769207636,0.0005234206299462585,-0.006951781912890809,0.9920840263366699],[0.056347191216110204,0.07063065100794574,0.0546968870239084,0.0005231726148289262,0.00037251584799946613,-0.0054052680772311845,0.9920583367347717],[0.08549791632384185,0.11790551273520578,0.05413077233419017,0.0008833813452442385,0.00022428238655436417,-0.003542939837236858,0.9923157691955566],[0.1304419780460968,0.19083897724776477,0.05705635345640303,0.0007071158597786731,0.00013043859941319624,-0.0020270943158742227,0.9920885562896729],[0.19161813045361953,0.27533511543239797,0.0619511051197037,0.0005177372778863987,-0.0019127839453574325,-0.000842238307384946,0.9921578764915466],[0.26588256532605214,0.3618995749420151,0.06544979000187823,7.801944204355316e-05,-0.004524620395727652,-0.00033799807939516313,0.9921554923057556],[0.3325411350345,0.43439403751023065,0.0665793984799734,-7.935617122956096e-05,-0.007138323791281209,-0.0005991746083502392,0.9918843507766724],[0.3697397460839973,0.472316200097751,0.06710598124112721,-0.0004251875587646392,-0.007320231779942787,-0.0007018077406986123,0.9913519620895386]]",7d9aa7df98003d7316f3764e6473d459ad1e36a32b0a9f1ef9a0ecca5ba88c9f,d8a5c777415b466223ae0737a1f2ddea5b58acb4c5756b4a195dd9d0ce85281f,"[-0.21059569118086205,-0.0006536470797195482,1.1696239040860728]"
libero_90-task3-episode1-seed17,3,17,14,8c0747f5ad8d65b633d7a7c8d79bd2b5b8d2d494ff65afd62c883401fdf4e773,true,"[151790,151821,151872,151682,151723,151792,151730]",ef11133eee4dd5694ad3706d0a9f6bd0e452d9b2e56f81e9edb1545270d99f9e,"[[0.0016863977033700905,0.06918101185341641,-0.023654303348564554,0.0007226282560441888,0.014360721800869669,0.00011164169641730837,0.9881550073623657],[0.017312381799310828,0.10745658996839325,-0.01076853269989897,0.0003790023787455521,0.013347089733031225,0.0003192094880564156,0.9892090559005737],[0.04658472552711501,0.16030604864802456,0.005023926740477691,-0.000565020598985555,0.010160959097035516,0.0003995758150274753,0.9895159006118774],[0.093747675931521,0.22911148040165585,0.021933436173355858,-0.002214022465892196,0.007212367443941048,0.0011065936647600694,0.9896472692489624],[0.16628587685864815,0.30031435681515006,0.04426821138270043,-0.004849136566548395,0.0072025262594905826,0.001818476530793589,0.989631175994873],[0.2612807462948936,0.3879087232910905,0.07460634565455848,-0.008332772283274892,0.009446226939161306,0.001658548475701238,0.9896988272666931],[0.37244784621719873,0.48119105028476383,0.10620185734489951,-0.01183979194535345,0.015083189864583346,0.0013520337371417668,0.9899011254310608],[0.49350697649271424,0.5664932382686771,0.127137617259109,-0.01554370184343501,0.023193199741001536,0.0011856314680489533,0.9897620677947998],[0.5963635737143385,0.6351154023415972,0.13998341916231993,-0.018028878160318396,0.029542461837223755,0.00012934287111221465,0.9897141456604004],[0.6521498360905085,0.6689475591889504,0.14608804440729273,-0.01888405321940323,0.03214037564319483,-0.0006439888931222271,0.989234983921051]]",ac25eee8309244b783bb7ab004742f447f192e0ac04866126098d1300ecbb739,59208c5c7545a3b1c4e73cde63abbe4382f9cb971f197e4b4bab2a14ac8a057f,"[-0.2013771600156843,-0.0061788649342347825,1.1815799563709097]"
libero_90-task3-episode2-seed18,3,18,15,8734ed0bbae00bf171cee1ad2d952b1f9759b2ec06446702534c48c106d4efdf,true,"[151790,151847,151831,151706,151887,151905,151769]",11599b6fa47179eb6ce1fc5c5c3613aa240167a94b39c4fd0cc235ebaf10aa16,"[[0.07870855134020616,-0.012701614405727923,0.015532430668372399,0.0005242061593748737,0.0009590345523520227,-0.01687733203523578,0.9908925890922546],[0.07244336040184862,0.006321939847424574,0.02480463359273699,0.00033310192721391907,0.000780344064963856,-0.015986584973738616,0.991729736328125],[0.06811413482947337,0.029619382513672576,0.031102550311629784,0.000384382347230261,0.00021549384140939765,-0.014238584616816041,0.9920446276664734],[0.07390026759540724,0.06383908695653417,0.03538368344840137,0.0004613168193692285,-0.0001821853437604659,-0.011094062619111611,0.9919509887695312],[0.10278947956146567,0.11117596039902367,0.040278325907479484,0.0006778997702030498,-0.00045558357696506846,-0.0076309194768988675,0.9922827482223511],[0.15201769512793106,0.18643214801706165,0.04418259527221835,0.0004780473217067538,-0.0003794261162681778,-0.004747068794918263,0.9919841885566711],[0.22124168933252975,0.2748025321723446,0.045560752560845685,0.00039436712579021815,-0.0023468884227213493,-0.00233587315817374,0.9920929074287415],[0.30601918205261214,0.3654485925284945,0.04050721795795198,-7.155844675343914e-05,-0.004989330857426921,-0.00117116954413099,0.9921182990074158],[0.3818063438509185,0.4407366572431215,0.03281421729593603,-0.000199090461262319,-0.007628605443656511,-0.0009209018786506817,0.991845965385437],[0.42364791678235747,0.47925095483705604,0.02738130722389087,-0.0005433530758258698,-0.007918101113787657,-0.000690599491605326,0.9914103150367737]]",b71da283c0695f1ffdb6d0f3bcccc3b4e381d0cb1a5a2afc9e023d8f84f6706a,37ca8474b0e039014df8f28b79096f4b544db18a023faf47f213b5a006a760db,"[-0.20902941475087472,-0.002484692788617952,1.168374883834723]"
libero_90-task4-episode0-seed19,4,19,13,0609b5e12b259383602e1b689029cd4950d5c9b3ad20771f3f4bdb9161d403fa,true,"[151746,151821,151885,151745,151790,151713,151676]",fcf8e781a015f23536c90e6f9d0a6e7872c0b431cd867ef361941ff065b51dba,"[[0.26356841240356843,0.3290230135014127,0.004909644521575274,-0.009626419387901652,-0.0011005634850107526,-0.009386909687515654,0.9899692535400391],[0.348463418287583,0.38655174296394534,0.012582387800307515,-0.010540155819205976,0.0021602250971994863,-0.009076240973499239,0.9907305240631104],[0.4634145127200071,0.46675861793005424,0.004889550944625398,-0.011755170485653998,0.011040320070065945,-0.009230368432232794,0.9908096194267273],[0.5849755681172013,0.5649860973418441,0.005001430670631635,-0.013016740797051174,0.020158698817795084,-0.008363815471032154,0.9909375905990601],[0.6813674404031076,0.6325508847960748,0.00880321187250388,-0.013864025850896855,0.02419358444248587,-0.007860641804308344,0.9901447296142578],[0.7350883493278388,0.6583254136143069,0.00572851238439398,-0.01389595499490559,0.025131823702707834,-0.0079163649525551,0.9909514784812927],[0.7521922976343163,0.6693723138135965,-0.0016842156404379693,-0.014178491007077687,0.018610206816049413,-0.00978327753483299,0.9909616112709045],[0.7523130775052849,0.6766642765323638,0.0015959515924066636,-0.01356305214227116,0.009407835396189057,-0.01155620174449723,0.9912779331207275],[0.7438523062809281,0.6761583429350537,-0.003065922066298299,-0.011938790747933137,0.0005662312718897056,-0.012786358539388587,0.9916723966598511],[0.7250028769444441,0.6675467094169818,-0.017860364116756955,-0.011312878016522587,-0.0022650606125580452,-0.012966775797748298,0.9913884401321411]]",ad9e8ee32a478b7e75d906bcb83ea0098d34158f87e6ec2deeb14b94dc5e8f45,9feac71409e4ca26d8b936ff2652e1cce90e602ba484687cb4e1040bffc0505a,"[-0.19759037079520642,0.00735907379560194,1.1837669129597093]"
libero_90-task4-episode1-seed20,4,20,14,8a9eea2ccbac227ea28b700a7de79646d54315875034b3b3d18810927aa244da,false,"[151790,151808,151760,151786,151681,151737,151842]",f7e009c3ca480c5ca28f04abcdf91827838baa9468a127dde6aff123fb109c47,"[[0.248598948132571,-0.03349106756108,-0.015370617046755797,0.0010330976551857773,-0.0008694197824183902,-0.06156518251820309,0.9905706644058228],[0.27602109962644406,0.023122297235573797,-0.002267475393097129,0.0004760725133778898,-0.0009205919554489128,-0.060512823357509404,0.9916411638259888],[0.31289833733506,0.10408725260802498,0.0056528884602755625,-0.00033343279608288867,-0.0004663185117692592,-0.0582998771350276,0.9916009902954102],[0.358322516702291,0.20642523750055375,0.014884740424406573,-0.0015844646443419208,0.00016654611370370276,-0.053696785827103355,0.9919370412826538],[0.41067070235668623,0.2928845333410379,0.02615046643148844,-0.0028980813060885957,-7.508425970570443e-05,-0.04868507057310367,0.9919959306716919],[0.46311106212313646,0.36805513454218897,0.034359784657738146,-0.0039644132071410265,0.00021927738457350188,-0.044168557843734746,0.9925652742385864],[0.5188228965525035,0.43125901218459717,0.04683866037316875,-0.003793426181320836,0.002938383738509742,-0.039406081117151714,0.992429256439209],[0.57410096526106,0.47704364527099585,0.056673374247907304,-0.004049689860257999,0.007704893402760149,-0.03691865441729192,0.9924172163009644],[0.6194707583706034,0.5101582086996359,0.060262480226356274,-0.0035949671723463084,0.011273012939938098,-0.03559986076771793,0.9923791885375977],[0.6388394175471213,0.5232087535424057,0.05798338810166115,-0.003625124525704848,0.013053820450295461,-0.03450347320950087,0.9920209646224976]]",f1d18de466afa95cf2efafe73ce66a3da5f605617a87065bdcb87183d9a70997,985065e0ff228f6d9ea8adaadcf4b73876af9db48bde33690060f98b66abc042,"[-0.20926532378107832,-0.008965158500095332,1.1630415870721]"
libero_90-task4-episode2-seed21,4,21,15,b17482d0b9ae71d26082ba22e86dee8b6521f56a21fdd7d3409a7e43b2bf8658,true,"[151790,151821,151872,151727,151683,151771,151719]",e20cf5095f2a5c5e4a580d87f043101eba7d59f88cfd32d07258b6172052465c,"[[0.02312120493574099,0.04847504389154267,-0.0585191710537174,0.0002914833030869257,-0.0003150860213594342,0.000501591464537654,0.9891166090965271],[0.03359704880998926,0.08879526613114308,-0.0458455842094736,0.00014616878554196688,-0.00020347646329810232,0.0008110252128776807,0.990148663520813],[0.05639698642607094,0.14530300601450108,-0.02342022409752076,-0.000312983378995213,-4.530251180767664e-05,0.0009291515509843862,0.9904546737670898],[0.09932222319981143,0.21845182030176602,-3.8125791775200923e-05,-0.0015152725282212565,0.00026895997368114877,0.0014406518802232426,0.9905257225036621],[0.17410540232069138,0.29189562585585804,0.030105515759714763,-0.0041821312113601294,0.0009964826921731174,0.002189190772924121,0.9905012845993042],[0.2793799807749302,0.37814162189569345,0.0701069132769021,-0.009282673545611075,0.003097282620842634,0.002287389255798189,0.989303469657898],[0.40663481824724457,0.4686408016106469,0.11060486239404099,-0.016563588836453924,0.008354620118240064,0.002071457378441721,0.9896146655082703],[0.5466760767964267,0.5476110297267667,0.1337527722445202,-0.025208764471794876,0.016394738716996926,0.0019488402560572382,0.9893722534179688],[0.6661232195835325,0.609947050852071,0.14833372003988643,-0.03174264852974895,0.022816275425157073,0.0008417309503769843,0.9893885850906372],[0.7321138801370992,0.6398400800498649,0.15600138532226993,-0.03362299826957438,0.025504716211401046,-4.968972876184807e-05,0.988875150680542]]",549172be7293b5da0cc72b4e7f204062b0bf8cefceb2ba2dbf7558cc6fc795c7,56fd22e03db028d34cd449ba840598611ecae2255a3c04779324bdd91c14f20e,"[-0.21443580047542796,-0.008272579183419535,1.1728129191249201]"
libero_90-task5-episode0-seed22,5,22,13,d03c88d858cf4570215c8883f8b3dd7f31370c695f8c643065d3f17af67d92cd,true,"[151855,151888,151670,151711,151872,151919,151910]",9276a57cff48ae729adfb7b8d82634e946ab9c07e6f6a603a3f48182e5be7979,"[[0.18026129100739752,-0.01879823725175811,-0.0028834964125223905,0.00040372439516156433,0.014047750288114003,-0.010250131983710276,0.9880545139312744],[0.1703833869548852,-0.01828681997384507,0.007997393914280337,0.00026738879585952446,0.013559842039455816,-0.009673084915617025,0.9889439344406128],[0.15509193131735088,-0.019689514722465162,0.012063558538955022,0.0005252304758445181,0.012780312980936515,-0.008700830119478198,0.9892106056213379],[0.148202799335035,-0.013921605216502542,0.018892043973124828,0.0005838933569033422,0.011647474477030073,-0.0069113274311884965,0.9891819953918457],[0.16877961037875622,-0.0020161246327177196,0.03144654361267385,0.0007928539167108006,0.00913101111996184,-0.0045824067047330885,0.9892934560775757],[0.2138140804254789,0.020851540972444127,0.051660136003135904,0.0006046565285853234,0.005887889003076907,-0.002833844999775792,0.9892705678939819],[0.28582148560387566,0.05017529237456131,0.08081471491095726,0.00025382352369396344,0.0029995559849425035,-0.0015567969323839748,0.9892259240150452],[0.37507577959393856,0.0818249443419461,0.11211395554551018,-0.0006147968425644912,0.0011113991265432333,-0.0013716269273302828,0.9891749620437622],[0.45782809053019236,0.10728736460997368,0.1411502662803059,-0.00099768818453283,-0.0006353068425397623,-0.0017383743100154447,0.9890305995941162],[0.5075159406056216,0.1176332761804133,0.16241079955239002,-0.001234628271691296,-0.0003189887312373685,-0.00207855121905709,0.9882717132568359]]",59aeb4cfe36cdfc72c9b0d6887cec918396742c55cb95c86ad479cd1c4eaaa0c,13f77cb8629e52f50603190e7af9e6386de3ccc004f31228b50361608b1a87ce,"[-0.20934996892648988,-0.01050986463124557,1.1716125461297837]"
libero_90-task5-episode1-seed23,5,23,14,3022c5a19a70c18e3c5e957aad053d55f19bf723ec3d9c5152808f39d0edc5d3,true,"[151790,151869,151909,151726,151771,151760,151820]",08f7858af13f5b1e283c12bc4b093ec554eed4eac0ad0655f492997423b706a3,"[[0.24727663809785128,0.01609078372077022,-0.0010586392515392617,-0.0011483273021046791,0.006855195010913917,-0.057638683996529494,0.989743709564209],[0.25496955658988796,0.03780318644601266,0.018025781477717828,-0.0016793938652719387,0.007490145053878905,-0.057066314828725595,0.9908128976821899],[0.26401921797459593,0.06479734732955933,0.03593363591318166,-0.0024802247830078006,0.009652464798563187,-0.055551292617813885,0.9908701181411743],[0.2816380699415184,0.10396712412827469,0.050502243631399324,-0.003879579501686603,0.011925391114800732,-0.05194784989012291,0.991124153137207],[0.32255022057640304,0.15168467775318106,0.0659187129335237,-0.005724050480845566,0.012610679163799432,-0.048198456673404166,0.9910068511962891],[0.3818089925322994,0.21861612572244837,0.0785076665052884,-0.0072109704155645105,0.012597173602898692,-0.04542925197171499,0.9907974004745483],[0.4612357074160869,0.29407884822674646,0.089840007088128,-0.007652866077414888,0.011825529408611146,-0.0428954766357883,0.9908536076545715],[0.5524070287002587,0.3682608494388262,0.08929529642603029,-0.008675355387951278,0.011086993699649383,-0.042203109969761954,0.9907423853874207],[0.6323465282993865,0.4279718787839215,0.08382361885497858,-0.008854749191283595,0.009866657036113224,-0.04202113964850618,0.9907768964767456],[0.6733282509652092,0.4549851044261999,0.07857875845417084,-0.00901727407113384,0.010024016681725811,-0.04153035306174857,0.9902889728546143]]",1c770876c1d1b9cc141dcab8f2bdbcc2adea170c32fa960bdc625049744a6060,4ad7732c6270a08d52e452e3d967bd2a327b7a14c927911c4cf5281a97ab226d,"[-0.2013828617298179,-0.009209621476509855,1.1766130307910505]"
libero_90-task5-episode2-seed24,5,24,15,0b4df0fe39d13e6c345c4827e2feb96ce4522f8ebe6bfc64f24166596b555b83,true,"[151790,151775,151920,151801,151704,151861,151820]",6a8a09e88aab5622c2dcf914ce569aff8682c34dac27461e203398e02060f199,"[[-0.00718068124481519,-0.0052990555865761735,-0.004333346273256211,5.6859463080538575e-05,0.03797779684239799,0.0007960559319517557,0.9878501296043396],[0.010667281661554284,0.013478194283607081,0.007870061790782756,1.1937187637034441e-05,0.04200209649067688,0.0006473174143515337,0.9884662628173828],[0.03946396635804028,0.03675370222744334,0.010463825882766287,0.000720487342341869,0.0483723915118901,0.00044487660142955576,0.9887834787368774],[0.078127827947446,0.07278168878613656,0.01576623690885981,0.001206954612736233,0.05407439960194438,-0.0003295217240708581,0.988821804523468],[0.13200116848564747,0.11943448588574768,0.021705526960886345,0.001670527025822599,0.05661608658010664,-0.0013930329990543555,0.9889105558395386],[0.19549438736517288,0.19665311366871663,0.03254339082400293,0.0013134466132740386,0.05711877150127975,-0.00340636386038895,0.9895226359367371],[0.2688399946665747,0.28727272935952897,0.04864467980576137,0.001058391812332582,0.054668842892766634,-0.0055881365553425155,0.9895352125167847],[0.34629582573484186,0.379209043387263,0.062021541843250816,-1.0545193851463353e-07,0.050513638609345435,-0.008221626013837025,0.9895794987678528],[0.41236223857590204,0.45662887612394343,0.07186575648535154,-0.000517053058362027,0.045481387173254006,-0.010214093439881111,0.989285945892334],[0.44745355871876313,0.496300179075746,0.07892351618477278,-0.0009385269873536384,0.04308840039283268,-0.010939897737175741,0.9888841509819031]]",19a363233060e19a9f928f2fe64edecebb3b76ba615aa271978075b9cc5d9355,8d680d8fa527de120f8199fa726e190340d48b897fcac844bd1e2a6243988038,"[-0.20939585437111738,-0.001966040032947238,1.167152522778243]"
libero_90-task6-episode0-seed25,6,25,13,9f6e2648253fab04c594fab386139c79d4d544f720b9f34801e50a23845be65c,false,"[151708,151676,151793,151818,151824,151919,151711]",4b22e35600e4791d781ade18ee418df0eb7c5510d572bff0f5a2da186abd9129,"[[0.12348548126732695,-0.002481366244992955,-0.05047933778087099,-0.02322768105104478,0.08766755581399366,0.006797502617571283,0.9845350384712219],[0.1548527553886565,-0.014355533475054472,-0.025222475984435277,-0.02344283365005162,0.0994416045016635,0.013791917841810886,0.9846678972244263],[0.1876792763720978,-0.03537668494821844,-0.008758738188021198,-0.02226020953142749,0.11922615885970345,0.02447081573835419,0.985101580619812],[0.2198812382859252,-0.05242754916615411,0.00661323039341255,-0.021132815449477427,0.13786923512708427,0.041449572935775336,0.9850683212280273],[0.2627232181749264,-0.07563776543626943,0.018355742036163747,-0.02055905057725571,0.14848103099365062,0.06232008121152077,0.983953595161438],[0.29774249418422727,-0.10538186401880978,0.01892928261301563,-0.022538915891933797,0.15128115085187233,0.08343945378265971,0.9844801425933838],[0.3344662849515103,-0.13899416114853125,0.016879901570462152,-0.025102789243530044,0.14121968673089214,0.10627509183515826,0.9843742251396179],[0.36617541554973343,-0.17543537122779895,-0.0016250269518138794,-0.02905554344720107,0.12335244535390189,0.12547921975822973,0.9848776459693909],[0.3906964663271175,-0.2047758299184821,-0.0232690308513952,-0.03125781462886024,0.1051711599637315,0.13670636756868504,0.9849079847335815],[0.3981602738797072,-0.22027189131275549,-0.039221911294703204,-0.031340876543664464,0.09693018586881408,0.14120478617973475,0.9849587082862854]]",7989152a210dbae0b625eafd68b804dc711a7bf76eafde2fd6bf98d39e3c76dc,79676d0f86fa58cc0af0a7e933b0468542185395709b6ef503b8e1dc2bfacaf6,"[-0.20157974398604553,0.017151756132616044,1.1810107670839554]"
libero_90-task6-episode1-seed26,6,26,14,541507083a5f609e01e21dd5fc484368bc05aa1063853cc1610e07c8e211910c,true,"[151708,151777,151902,151918,151824,151703,151708]",dfcbd1c63e188ceb6ae604940c941cfb19ac639567fa9b6623dc2f2314c20478,"[[0.3247337052174295,-0.006413523982757852,-0.018031869348277496,-0.006253659007956935,0.07779830760242135,0.01798915452063099,0.9822563529014587],[0.3582837576647506,-0.010281415033830399,-0.0076040673408499515,-0.0071556388700511064,0.08125642633217467,0.02232667207332817,0.9827247858047485],[0.39039637072666267,-0.018241464297830134,-0.00955177925220596,-0.008909997684110271,0.08387861042552913,0.028306843668431725,0.9827742576599121],[0.42345014857258434,-0.020306761911079718,-0.007725174823661973,-0.01163852760118278,0.08568922947546298,0.037866525853345934,0.9829854965209961],[0.4622399108169617,-0.03221905865860464,-0.005428009400134215,-0.015133587676372517,0.0876352020511888,0.04909131600205541,0.9823898077011108],[0.49367693354798803,-0.05698976643039089,-0.005918773176290415,-0.019309163010458263,0.08932415188630216,0.059678863861748255,0.982002317905426],[0.5244733285423564,-0.0895364357958428,-0.001240136669423464,-0.02312608915902392,0.09075083564539455,0.07055094032864062,0.9819570779800415],[0.5497952522799423,-0.1290243685682313,0.003026526907859761,-0.027299043719439586,0.09191302888314112,0.07968542008885393,0.9820970892906189],[0.5693547048052636,-0.16163858457886704,0.005158848557442752,-0.029428911414424608,0.09070577076644781,0.08514280825922071,0.9821269512176514],[0.5746096886649497,-0.1789584053931037,0.00454473861191218,-0.029532192044408934,0.08858633117762338,0.08709465279915207,0.9818455576896667]]",80d0da3fcd7842bf1a18ff966eacec8abea43d1258f05d056f94589ff31e35da,14f00a08bcab49808fd0e04fe949e6b81d871f2ccd3a2985b62ef518134856f4,"[-0.20226628746543,0.002886542886873826,1.1633063286819068]"
libero_90-task6-episode2-seed27,6,27,15,4d7140c7b45fad72d6585f9ee904dd70812c38cc143bfa770053455aeae4307a,true,"[151855,151905,151665,151740,151680,151707,151729]",1bb083dcd61467173a726a996ba223eac0c32a7dac4c43a9f9f9003553608976,"[[0.18277488963786226,-0.005070380980498612,0.011719237625243295,-0.000906422509895144,0.0662378453881729,0.026167303057290425,0.9831204414367676],[0.19281542272716123,-0.0035080957515276623,0.014675668940327569,-0.0007892259408457392,0.06689451356473342,0.027756928422016713,0.9837342500686646],[0.20128572920448917,-0.0039046632328876285,0.006256241789884598,-0.00027405935314872565,0.06443107939531956,0.029249216037522174,0.983731210231781],[0.21648951348831602,0.002257046289457776,0.0017134007337631374,-3.898333740348647e-05,0.061141402815565016,0.03084492267262462,0.9838417172431946],[0.24614326733496839,-0.006674690677641593,-0.0013754953032787398,2.200501888371953e-05,0.05956977261021734,0.03225051943996782,0.9836939573287964],[0.28086668563402384,-0.03503141806763921,-0.005654335151376699,-0.0010817467315777929,0.059337278351534906,0.032267490862217585,0.9824214577674866],[0.3244573594600233,-0.07564442785195524,-0.005011395291091958,-0.0033942103723723083,0.061469448917620184,0.031102506574157474,0.9824116230010986],[0.3734070220345984,-0.12660565542752522,-0.000498967610951695,-0.0067515414087382375,0.0653574814286344,0.029766329847108253,0.9825255274772644],[0.4161626549105826,-0.17048939882005953,0.0042949339528206565,-0.009174354385965255,0.0672996803917556,0.028836700078405997,0.9821921586990356],[0.4378355785990955,-0.19413959077219545,0.007836481492347502,-0.009950620164582258,0.0670778912761989,0.027972018277321098,0.9818141460418701]]",a96c8bce851244d7a4f55e793afef81df16e9e4ac112e3120b77fad4f8f8dcc7,0f7906432c12255b24debc2850057e71763b3f577f41882bba34655f063c30b1,"[-0.2057997504533176,0.008574307309009419,1.178120257471812]"
libero_90-task7-episode0-seed28,7,28,13,e4d1aeb838573e4d38f75c686ffdc05db27a5a84a9dce2dc241d658bdcca9763,true,"[151775,151890,151799,151907,151758,151871,151706]",f87bb7e5fd3e21ec5fd4e617d8eec011272086a1cef3bc968d6450fc063d8a46,"[[0.01131682662552791,-0.07704876257982107,-0.008047600290751689,0.0006150657986552233,0.0008627379170178529,-0.0008758069198613327,0.9883993864059448],[0.00386348136439274,-0.07352895712365637,0.006007965989908826,0.0005840040938189794,0.0004995177732638467,-0.00012700606474425058,0.9888749122619629],[-0.005528698667554011,-0.06935561993806516,0.015985245977191198,0.0006111069539211922,0.00037070848617304364,0.0005872718862374171,0.9892768859863281],[-0.002365466783736281,-0.058763352735304863,0.02841547121147414,0.0005049748483592076,0.0005105704859715843,0.0016723389257542465,0.988893985748291],[0.027640296818436383,-0.06529487757756414,0.04073600080420192,0.0005187062258982245,0.00048153353003499433,0.002773947020694223,0.9891128540039062],[0.07715558530190059,-0.09772910586598016,0.04942985816592227,-0.00037178468119858366,0.0004910072837844837,0.002430009079819939,0.9880809187889099],[0.1504864041322591,-0.14634598310976799,0.055219866045717936,-0.0015926776322516822,-7.052613290170484e-05,0.0016185430724267036,0.988269031047821],[0.23981071160015688,-0.20744376865518888,0.05352370606101431,-0.0029449507056320545,-0.00012440934867186115,0.0003730988993897455,0.9882625341415405],[0.31933171954110406,-0.2608850548451258,0.04945781444689601,-0.0037207089400523863,-0.00047631858517149794,-0.0008480763269460567,0.9882272481918335],[0.3651414586280133,-0.289742283401182,0.04719553977247415,-0.0038441621448352947,9.656546100700325e-05,-0.0017117477015684557,0.9873731136322021]]",8ca0e8cd7220086aa63b525672d29db11ac5e2a05b6d524035da013f2cd3702f,c6fdcf624701989aaa1f4e8e6222689cecba32e7cd50d179dabaf707180f886e,"[-0.2187389461698147,-0.008100684860948877,1.1749535372134767]"
libero_90-task7-episode1-seed29,7,29,14,acd089746d1e9834851d7a9926dae3902ca36b44aaea1be790ac2001636c21a1,true,"[151804,151723,151722,151891,151861,151667,151830]",c32c2a5e69c5e827c0beb02e4afeb411a1406715791632a1e6cffd1e5438210c,"[[0.1065629234907508,-0.00974042688014265,-0.04108892128559205,0.0027833592033663646,-0.0014037831883513263,5.1633591505506615e-05,0.9842248558998108],[0.20580994187118762,-0.011138714184539822,-0.020560110906728823,-0.00040615003735133826,0.0062483981040912795,0.00021289017028003343,0.9846580028533936],[0.3495869006399772,-0.017726510814668472,-0.014752084330211801,-0.00897117060192354,0.02897941897549572,-0.0008642992851495279,0.9847267270088196],[0.4940863314000943,-0.026996544750552687,0.005554932272644919,-0.01705666340948131,0.0541299908739461,-0.0015990851509997128,0.9849030375480652],[0.6003382732838816,-0.055900666463166715,0.028640431909934705,-0.02111864112427586,0.07566289967394368,-0.003071070679249388,0.9845043420791626],[0.6542355843885801,-0.11702761288955088,0.04809418131986831,-0.021650888881209918,0.09629532520088446,-0.006269089144662843,0.9840575456619263],[0.6644863344901424,-0.1994350325073313,0.06091082569565742,-0.017024106756283963,0.10358781169819054,-0.010621089476655854,0.9841933846473694],[0.6390842439960949,-0.2970055464831489,0.07775426657389062,-0.008686705921804094,0.10402030742491775,-0.015190724441710657,0.9843711853027344],[0.6064989295970733,-0.3787743991821202,0.08776534526805335,-3.5550493018732254e-05,0.10099222164313915,-0.017585229330222774,0.9847977161407471],[0.5758321434116098,-0.42295185260769586,0.08718787333918954,0.0031152192833785453,0.09801299421403087,-0.01840902628277874,0.9841849207878113]]",c1f14ad39ed9c1db1ba8ab96874a6ae46b31b03e5c5d0930fe31d3c12575b3e0,d03e52c6d247dffa8f5d0236b3cc36a916f292654de042a3ddb1dc915b8a7ac2,"[-0.20523594278975427,0.016742962963623934,1.1840643015643204]"
libero_90-task7-episode2-seed30,7,30,15,088bb1f03c7bb69c2488cd79123c44a91fdb701a6af2ba14ba83de3198e9e230,true,"[151804,151693,151771,151679,151721,151776,151743]",ae280bffbec39c1fcb67c3c053e947ccfe2c875198a533cb6040d80c57468106,"[[0.09219868291528677,-0.0708517935036923,-0.05459551793947526,0.0015407156764668528,-0.004848724065666943,-0.00013537015046161116,0.9853290915489197],[0.16287278603123312,-0.09979568471301548,-0.03229421382434339,0.00039510537189446637,-0.004743777913020608,0.000455897734511268,0.9859254360198975],[0.2609855948996831,-0.14541585863067752,-0.020187342293041866,-0.0023822964372792743,-0.002688380502320342,0.0004440720025797873,0.9861491918563843],[0.36749392914114054,-0.19519809487661632,-0.0032429421110578005,-0.005174352431622342,0.00041004343229644746,0.0010575131349241929,0.9859883785247803],[0.4604247694666377,-0.24411226960804555,0.012387294456715381,-0.006574122413734784,0.0051383800258832935,0.0017893425677915076,0.9861022233963013],[0.5275744047031026,-0.29993741937971663,0.02169821027797525,-0.0070307922257464295,0.011626878496656445,0.0016704116308350336,0.9855402708053589],[0.5749741472229601,-0.3576977959107097,0.025158455273810887,-0.005355813324046554,0.017812465111433085,0.0021388565658106984,0.9855217337608337],[0.6019483184059453,-0.4095289299774407,0.0256079398538418,-0.0022669085711852777,0.024473606358867528,0.002593192953513679,0.9856717586517334],[0.6175185036141286,-0.44882242271050643,0.022424199949512058,0.0010150383098606053,0.02892869367764206,0.0031657305257279944,0.9858777523040771],[0.6192800533111793,-0.46673381478829157,0.015950792044975515,0.002075787224749659,0.030500601938655336,0.003402937493600433,0.9852674603462219]]",1c18bc1629a78abac3ea942700675dc51fefd05ed7ee074e8e63478ffa2578b3,35dc28d459d81a2ab50662679d3fd67af0aa8bbc09d4c2314f18b04d36defa06,"[-0.21369070261012288,-0.006795573518963542,1.1672607327912012]"
libero_90-task8-episode0-seed31,8,31,13,58216237c0ac38bb1dd38e5a0c3217d10be84913bba3bfa679064461004b6e86,true,"[151804,151915,151764,151712,151887,151822,151676]",c28633c5e279f5dfe15b9941948f7c33abcb0bedb16755648420b50319afe400,"[[0.2613330136074765,-0.0013227209078792157,-0.02790780781703006,-0.04004591470998364,0.0004603417160922163,0.0003051009407837313,0.9849311709403992],[0.27995659871155,-0.022252956031607596,-0.013768536499782158,-0.04175875640875515,4.851148365503377e-05,0.0007678201258052297,0.9857748746871948],[0.2950065828965265,-0.05788048015823222,-0.013405814674570138,-0.042463236981810315,0.00019057806765943042,0.0009925838789079933,0.9860770106315613],[0.3135620085997317,-0.09612233619996857,-0.005799030746260314,-0.04187169883462882,0.00045130490696010384,0.0013115418322371397,0.9860689640045166],[0.3391679592707284,-0.1351899217919339,0.006577029193636008,-0.03966916003875687,0.00025409392613084947,0.001785263438739193,0.9863169193267822],[0.366567861841002,-0.17964658168409642,0.027337407126424296,-0.0359325089259519,0.0006248315034156349,0.0014069897097410689,0.9858685731887817],[0.4040907597808996,-0.22725148923456118,0.06487231807301441,-0.028490619072077727,0.003849582085251768,0.0016682036618984597,0.9856733679771423],[0.4432398597992844,-0.2742627755474203,0.10854592598201407,-0.01949378913305444,0.009271032008712154,0.0018666776153750675,0.9856643080711365],[0.48059933409798106,-0.31074273013636855,0.14877490509900326,-0.011171088624125414,0.013445859077677369,0.002029898912271122,0.985727071762085],[0.5011273211149145,-0.33013107727299484,0.17544465112683838,-0.008249682684241755,0.015521822677072805,0.0017807726544614155,0.9851224422454834]]",a9ea83cfedb2c84656d4bf8aa173967c70c367fb365e7db84eb41323de0249f3,e9cc2f7d2e4d4d01aac7d4720de06b3956d47a9ef989e6178413e3f822ef0a9c,"[-0.22511130133400004,-0.0030453745964920944,1.154990524668401]"
libero_90-task8-episode1-seed32,8,32,14,793afd4d36d4f1d538c9e4275914a09224f8205e74c005b2a526980c4597f4ee,true,"[151855,151688,151914,151848,151882,151760,151853]",4978a8a4d4f2c233d4819ad322f59594c0974f44e210ac4ec70d2e6d0fe545dd,"[[0.04135079868440705,-0.0008371845524379751,-0.014687544634682581,0.00028988684588648894,0.0008784182704459909,0.0003773464328524767,0.9871867299079895],[0.04689563657654183,-0.0007872676841458315,-0.006308359240250638,0.0002453152373425027,0.0005936892688680473,0.0001328045173263348,0.9879086017608643],[0.05578077070280685,-0.0030837511216930125,-0.006468507232625598,0.00045943429180339557,0.00035897056486078327,-0.0003072362070923873,0.9883257150650024],[0.07473936985687324,-0.0005094961993989955,-0.002560743332765014,0.0006764232779945534,0.0003141738110201686,-0.0010277076980571564,0.9881405830383301],[0.11185406185128599,-0.007067158210887214,0.005247467784045057,0.0008587608376675604,0.00023520600198878583,-0.0024832457288894716,0.9884954690933228],[0.16013484408780698,-0.025353080548917717,0.018042216713212156,0.0007291801902193917,0.0002937168584793426,-0.005388858003016139,0.9876684546470642],[0.22259772591016613,-0.05176233258460172,0.038438999187007994,0.0005069312005354654,-0.00013115219856274507,-0.009170828117349927,0.9876486659049988],[0.29205506894442124,-0.08467405108028458,0.06399606339124375,-2.4698275286283433e-05,-0.00024556217439908323,-0.01321167323369643,0.9876102209091187],[0.3539482194017509,-0.11252448612751209,0.0874439572410779,-0.00024549845699062267,-0.0007203025011790487,-0.015983553694351116,0.9873853921890259],[0.39046541302132454,-0.12761531890003397,0.10487185911841834,-0.0003419687666632587,-0.00015817325092370993,-0.017361382445576723,0.9865875244140625]]",4d7b32718ef95712db8cb413d1b8f65e72858466e7d7a9afb2a3e033e1b07bbd,c11a174aff44d0ace1da3cf30edc0215f83005b78eec13160a723dc99eb64515,"[-0.22037295031628149,0.012484660477597269,1.1652206268142953]"
libero_90-task8-episode2-seed33,8,33,15,80cd32994349e51b4d862924a72ce98cbbb9798301bdc2b0641e9252d8bb147d,true,"[151855,151905,151747,151713,151826,151741,151718]",a98df93dc04e9cb59a53e250e1f2920204ca16cafae8866fea860c960402a8b9,"[[0.22130252071491086,-0.0016304220138607661,-0.009760905338396242,-0.0004296354915427347,0.024260377385587617,-0.0004280570157657593,0.9865714311599731],[0.22201784126650992,-0.0017943174397316852,-0.00908225569733645,-0.0003261333877271344,0.02755541646746451,0.0001234674283487891,0.987293004989624],[0.21553104398595124,-0.004341000210956736,-0.019005315788120924,0.0002072401945159008,0.03438241791943142,0.00044119041600154674,0.9874387979507446],[0.21189802431454297,-6.905927321554373e-05,-0.022740864629014368,0.0006025248429593066,0.04072635723576923,0.0009069221688093876,0.9875112771987915],[0.22561828215693325,-0.008469237967290155,-0.01810825770195379,0.0010996136291785419,0.0423882363657242,0.0016670435426267005,0.987497091293335],[0.24605153466981022,-0.030439834925033438,-0.004465647188879984,0.0006094828124918461,0.04039650377188764,0.0014386310272982428,0.9872239232063293],[0.28122867208941216,-0.06177179216290796,0.02471355727112723,-0.0010774556760968501,0.03382152005855232,0.0009443266595230426,0.987028181552887],[0.3253200349857792,-0.10046576998295365,0.06566918128498855,-0.003932308729682532,0.025170850801487177,-0.0002738172874252598,0.9870455861091614],[0.367797821184908,-0.13342658535730578,0.10581068781971226,-0.006072465729745513,0.016931882679585897,-0.0014599082615909253,0.9867238998413086],[0.3932286057272485,-0.15174371855035673,0.13492813729186537,-0.00673450637988271,0.01438372097663887,-0.0022033763103781467,0.9862326383590698]]",83abd37977f07e249bad4482ed37ef23d07f2ceeb0d37ea59d25b4f17545e70d,5c193d4a8b68890252ed786508c34fba6dfdd5ac036afa78caae1b6dab86d1ad,"[-0.20616039309994688,0.004364420145970062,1.1803149960774886]"
libero_90-task9-episode0-seed34,9,34,13,8b6c5e39a0701dc335edf989953b1011ee6c12ea554eda3437b67e2885bf45c4,true,"[151855,151888,151736,151668,151816,151872,151736]",17769cf7548a62fc2093eabea9cc3f3a2c25f34f58f3e0ef28f3d6051febc8a8,"[[0.19855626304148188,0.001019681948548623,-0.018459786094354058,0.0002189598514208413,0.0010332356928302033,-0.004077361877893537,0.9890967011451721],[0.19271415480903187,-0.0019014285842189338,-0.014712880014315033,0.0004842116766772264,0.0005585052966097237,-0.004187479650704873,0.9900151491165161],[0.18461607635509836,-0.009309829829433625,-0.0067681636193128725,0.001285282524396969,0.00042660760551882504,-0.004033258633965531,0.9900248646736145],[0.17743161639881322,-0.010846490382689922,-0.004789601515085451,0.001973752385066252,0.00038280390762679417,-0.003820096073580359,0.989875316619873],[0.19190039159944305,-0.005643451228181107,0.0002803137211913054,0.002005293949870257,0.00030390561251181225,-0.002674047925891543,0.9900375604629517],[0.22044999846778168,0.01176328848607966,0.001763088655025058,-0.0031388787291417586,8.758823523180581e-05,-0.001597344972092074,0.9895412921905518],[0.2654767873384998,0.03868713525946532,0.005705251884990048,-0.017187831286053612,-0.0018381359297023891,-0.0008696508030805461,0.989711582660675],[0.3225539287303363,0.06812947766078992,0.008367814637182391,-0.03695704686942758,-0.004269563905893392,-0.0007695624484895802,0.9898743033409119],[0.3739952941692941,0.09162576781058362,0.009792056107727376,-0.05346455274308837,-0.006716265082573614,-0.0010409555116766,0.9892326593399048],[0.40255461286936267,0.10039904178306358,0.01181544654531308,-0.058435634394883085,-0.0067329384919503354,-0.00124648373878955,0.9888215065002441]]",1addcad8bef0c3c0c7a6663807571f499124c670581d3c4ee2ec3575385dab96,8df77f36ef6016ac7e604c49674e54f9127f810b44cb73aeeecead286b22e097,"[-0.21452151671722455,-0.004112734113168103,1.1717887519255563]"
libero_90-task9-episode1-seed35,9,35,14,d4c5c4219a84b14a9d0156724b8b445512bd1fa810e90a12d26932216ff7f050,true,"[151855,151888,151752,151768,151786,151746,151706]",5076c796196b38bddef720bfdda9a25558e732713faf1776f99e228eec2233a9,"[[0.18549429081162216,0.03451933300382848,-0.04768179860960231,0.00016314844593967592,0.0004011357204376509,0.00046946364535038754,0.9876389503479004],[0.1795272531073735,0.025445327837161358,-0.034005717002315805,0.0001697742047253037,-7.94834975579306e-05,0.00021287145867887602,0.9885778427124023],[0.16698080256361436,0.008720204496910355,-0.01990029899405954,0.0006173912738836052,9.634698869831482e-05,-9.79095249444839e-05,0.9887703657150269],[0.1578473545578909,-0.004722500382996486,-0.007796102966210583,0.0007243169940076566,0.0003450876426995819,-0.0002609062826266495,0.9887295365333557],[0.17123590920201437,-0.013773597089574707,0.0024382983630744093,0.0009316903246909813,0.00013342769781843344,-0.0004355790794310366,0.9890152215957642],[0.20061543623636524,-0.014536084940139915,0.007223572793265021,0.0001381126749293582,0.0013772699956575707,-0.0018719377190770103,0.9879945516586304],[0.25149651727388544,-0.010143861774594143,0.01594757052041018,-0.0024724824269894974,0.007461852889903753,-0.003509633187176675,0.9879134893417358],[0.3137475045857734,-0.002404492217848997,0.01966679333003185,-0.007267778453286411,0.01751434971566823,-0.005627468340975383,0.9877838492393494],[0.3699575559828858,0.005233608620471841,0.021326096889623614,-0.011300946113862675,0.025708451569812496,-0.007267053680791946,0.9873244762420654],[0.40193155471919795,0.008380216299528342,0.024340843259551548,-0.012717160527947247,0.02889492977539021,-0.008128479663275456,0.9868305325508118]]",a3288a35fc8dae83c32c983b4c67dc61b1130ee5e36b3b09889119d79ad4ffa6,71d89ae6d73d937913445dfa7f1b8129a9be0447cc54aa61a08abbe57ff3cafe,"[-0.21148969360781392,0.006682072312686313,1.1757678995863188]"
libero_90-task9-episode2-seed36,9,36,15,67537fc3475c3de434fbae99c704f6d7914b3d4bcde45f4dd8e4e1b7f204be59,true,"[151855,151888,151736,151668,151816,151872,151736]",17769cf7548a62fc2093eabea9cc3f3a2c25f34f58f3e0ef28f3d6051febc8a8,"[[0.19855626304148188,0.001019681948548623,-0.018459786094354058,0.0002189598514208413,0.0010332356928302033,-0.004077361877893537,0.9890967011451721],[0.19271415480903187,-0.0019014285842189338,-0.014712880014315033,0.0004842116766772264,0.0005585052966097237,-0.004187479650704873,0.9900151491165161],[0.18461607635509836,-0.009309829829433625,-0.0067681636193128725,0.001285282524396969,0.00042660760551882504,-0.004033258633965531,0.9900248646736145],[0.17743161639881322,-0.010846490382689922,-0.004789601515085451,0.001973752385066252,0.00038280390762679417,-0.003820096073580359,0.989875316619873],[0.19190039159944305,-0.005643451228181107,0.0002803137211913054,0.002005293949870257,0.00030390561251181225,-0.002674047925891543,0.9900375604629517],[0.22044999846778168,0.01176328848607966,0.001763088655025058,-0.0031388787291417586,8.758823523180581e-05,-0.001597344972092074,0.9895412921905518],[0.2654767873384998,0.03868713525946532,0.005705251884990048,-0.017187831286053612,-0.0018381359297023891,-0.0008696508030805461,0.989711582660675],[0.3225539287303363,0.06812947766078992,0.008367814637182391,-0.03695704686942758,-0.004269563905893392,-0.0007695624484895802,0.9898743033409119],[0.3739952941692941,0.09162576781058362,0.009792056107727376,-0.05346455274308837,-0.006716265082573614,-0.0010409555116766,0.9892326593399048],[0.40255461286936267,0.10039904178306358,0.01181544654531308,-0.058435634394883085,-0.0067329384919503354,-0.00124648373878955,0.9888215065002441]]",fb51970adf946d858f5565c97c331bf29727efbe207613a30898a6983c0c7ba1,2de0100a14a1306608cb1aa7a6ad49f4342f06ae545dcc70d02bf41ae69d054c,"[-0.20912426627747122,-0.004500552918243761,1.1700107374265702]"
libero_90-task10-episode0-seed37,10,37,13,f57b006f45a5e7c848fc222924952c2f45c32aaa1aeee63c4902e1ee1197d946,true,"[151855,151802,151671,151832,151785,151691,151788]",72cc07a0af61bb0c337c9f7826174f845292e6af896888616c28b46ffb4d0b92,"[[0.1821831742173714,-0.004644908864932518,0.0015278627596444494,-0.0009635812145165623,0.003211821693952288,-0.012781175425867985,0.989780604839325],[0.19651209904109024,0.0034459287439148056,0.0075840559319146905,-0.0010499006402557853,0.0035394904347469947,-0.01304878874562121,0.9907125234603882],[0.2156760151468653,0.012243494908972252,0.006597723393809929,-0.00047452085468102645,0.004879271867778812,-0.013345105661549894,0.9907976984977722],[0.24573139738023997,0.029042622312687172,0.005230541129549238,-4.645665479641181e-06,0.006592968657130882,-0.013248142144352215,0.9908181428909302],[0.29612044170657015,0.05432259488962643,0.004450058550958147,0.00041498264825134967,0.008097220016367146,-0.013255795189225594,0.9908645153045654],[0.3624534884733066,0.09493893588178537,0.003960714429695145,0.00028689694916428365,0.009832158272459424,-0.0140915675665223,0.9907758235931396],[0.44625573670894525,0.14277825796568777,0.005702903994205144,0.0003669228268647906,0.011610870434765275,-0.015514809373756933,0.9908084869384766],[0.5387551951268748,0.19161991486484453,0.003982773682650986,-5.699654234714302e-05,0.013880797722038096,-0.01844596298346346,0.9907284379005432],[0.6187093507629768,0.23032793500718185,0.0011122860907164522,1.3173749861650208e-05,0.015245931873437257,-0.020755442356316323,0.9906908273696899],[0.6608157918325048,0.24575778223940858,-0.0008767596188761217,-0.00011985819812387888,0.01630256326384938,-0.02182804746946232,0.9900456666946411]]",15ace94594b470c8f53bab9959ad8e58aacbe72e24f4febce935f4d6346e54e1,ebdf445580b0d4935b27048e8bc6c5a6e68fec1a99ce1e8306e76313d62d679c,"[-0.2093296292487904,-0.004740555594993471,1.1632290791498918]"
libero_90-task10-episode1-seed38,10,38,14,564c42186510976e751207553ad3fe24f41557b18af3f58de8b97a61c32db8de,true,"[151855,151881,151883,151870,151786,151763,151802]",9f3d96daa069f692ef8dc36b7cb332e2057f600bf1e51a00bcb566faa981d38d,"[[0.04331894552916715,0.03428358598725367,0.001984882431031565,0.00031814321552658953,0.00027559358741768847,-0.026929391293005978,0.9880014657974243],[0.04212258029410876,0.027227677781169746,0.007426037421879528,0.00021954122022793676,0.0003274112468147905,-0.029106822896491025,0.9888852834701538],[0.043845856545205564,0.012816155161843312,0.00549830988325084,0.0004626364342805722,0.0015411738799713248,-0.03181491550880011,0.9891220927238464],[0.05272551672995007,0.002323670446315873,0.0034483282174733176,0.0007351230713585899,0.0028247582768727852,-0.035106155171179765,0.9890602827072144],[0.08149942276656041,0.0027823521416081576,0.003024888844521456,0.0009193062462922175,0.002772334853347047,-0.03878625932881263,0.9892528057098389],[0.12631303693080653,0.02284893319504988,0.006964431173145158,0.000635432163056171,0.002167603502897464,-0.043108246252549165,0.9885274171829224],[0.1894230799038965,0.05302690878679073,0.017085587723641993,-3.53659314926702e-05,0.0010636827882137823,-0.04810989466512616,0.9886433482170105],[0.26259731751995474,0.08856843650171697,0.02639879683357549,-0.0014465510439920504,0.0002411246154423452,-0.0539570080643994,0.9886378049850464],[0.3281872325805928,0.11846177319561946,0.03403173517318692,-0.0023748493797026704,-0.0008472051208485709,-0.057939566543140586,0.9882982969284058],[0.3650548467468582,0.13055621013812413,0.04101414395904612,-0.0027457995909347943,-0.00031245442309568716,-0.05950606436883632,0.9876617193222046]]",34206cde41e6022c8d2e5768e4a1dae136a91876fdcafdefa9796b5c36476238,f37099583d232d30001f64f798d83236e405c0571de563d479f933563c3a6a6a,"[-0.20495164621603323,-0.00480862988846373,1.1717564362773736]"
libero_90-task10-episode2-seed39,10,39,15,a9ffb8c89bf91e529356d6b27f08b138ac9e78253b4c50d8ae88a89007b33ceb,true,"[151833,151878,151752,151745,151911,151892,151845]",6eabf5ea3cf55b6234f9b5aea6bb258f82e015248265d15e0d5802c54beec318,"[[-0.005194699945423764,0.0072058886608772355,-0.030575011748680936,0.00012989968701959675,0.001306753092748636,0.00037358540101983806,0.9879811406135559],[-0.008534378153898459,0.005681220455855396,-0.03480973309086721,0.00013061947697123877,0.0009179220360806539,0.0004521554142797868,0.9887491464614868],[-0.012228891378033069,0.0004963235717525549,-0.04830142336837184,0.00033805740418868524,0.000527184311991391,0.0005628719583281594,0.9890220165252686],[-0.01692747556897345,-0.0002585793748011156,-0.060877490841875215,0.000782647664319569,0.00034447194801145997,0.0010622471700170166,0.9887683987617493],[-0.017379605480691396,-0.003100253412853249,-0.06905262814646562,0.0011897534785072494,0.00012923700171540986,0.0013423411277422304,0.9889143705368042],[-0.017705216711782157,-0.003237806672089505,-0.0693956386095067,0.0010061978127622329,0.00032645791310415007,0.0007439441227283794,0.9879127740859985],[-0.012881305746835991,-0.003225404329043613,-0.05952745364055545,0.0008382375959694599,-3.366389609027465e-05,0.00029331263205456537,0.9881879687309265],[-0.007626586755288045,-0.0005160561163819466,-0.04457564830539695,0.0004491818990306484,-0.00011245295505091235,-0.0006700915767368087,0.98837810754776],[0.0001955432434463944,0.0031573948953678155,-0.029366612424013283,0.00022854782269976504,-0.0006098250268991023,-0.0012272482127997364,0.9877734184265137],[0.0075045795140127325,0.005262410755975111,-0.01626975001315145,0.00012451971853488786,-0.00012132094467176557,-0.0012044949057923304,0.9869702458381653]]",268d99f58c244abbb01880d8426947a41d4764b197fc0a78cd94f7f43e0f8e00,4eeb000dbb5356db5a25eb0acb76e4d87278121669da90be2c0432fe6c10a28b,"[-0.21504869536327795,-0.012257085641777053,1.1701573334435311]"
libero_90-task11-episode0-seed40,11,40,13,d1b96de4f3e09544a90b019f686b975d1281060ebced499150fff7ef30bc6b68,true,"[151804,151693,151771,151679,151670,151902,151678]",63dbb73627dfb9f414f00cbabf69c2a65d8a69f1dc105c9e0724e49bf7f86b4d,"[[0.02508343639208377,-0.03587759610908847,-0.044335399015778876,-0.0036820340722660827,-0.014377026378411983,-0.0010990737448715038,0.9857208132743835],[0.08566133996504277,-0.0676030458672372,-0.02669334765801068,-0.00770747783297665,-0.01331250019320862,-0.0005308959757268639,0.9863314628601074],[0.1731037593118181,-0.11788234957268884,-0.02021797407746817,-0.017299380272405518,-0.009864361675738564,-4.2953552345181834e-05,0.9867914319038391],[0.27155648229081564,-0.17438978195993826,-0.009385898038146934,-0.02748699194950488,-0.006153172568048149,0.0005942138902668148,0.9866725206375122],[0.3732156106601394,-0.228575003735223,0.004492648197754079,-0.03443911088166818,-0.003512736106358716,0.00128802134958228,0.9870239496231079],[0.46320014610691373,-0.28978881781227983,0.014212424628254894,-0.036013808278182236,-0.0008167183032270486,0.00024930294613234594,0.9863307476043701],[0.5474299798068074,-0.35329352914757806,0.02522485144112352,-0.03092075914188941,0.002528738229159444,2.5006983058517562e-05,0.9859995245933533],[0.6176202129791548,-0.4128070434922648,0.03561978297756241,-0.02180346589480542,0.007067818220065192,-0.0004064076932266403,0.9860162138938904],[0.6737996279616283,-0.4581852692218291,0.042292816200927064,-0.012352393127838202,0.010158188470938967,-0.0006996559065655106,0.98633873462677],[0.7014530976294324,-0.4808307176391935,0.04414371856898924,-0.008657323726855015,0.01156328319370914,-0.0010406935492603964,0.9857502579689026]]",3b1a84c23d87dfb57a375490aee195b70ddf37bf545dbefacd74da4e2adbbfd2,fed039a293410c2e447eb771b1c554d791b4fb6d895eac2e697854f8078905ce,"[-0.21197544838158464,0.0014519169575929582,1.1747139016528685]"
libero_90-task11-episode1-seed41,11,41,14,eaed5a32a38b813fd1676a07c69686716f29c159b215ac2aff488ba9260d2c52,true,"[151804,151731,151689,151838,151878,151912,151673]",7b1250f99e7b096660fbd914adf9b852bb23793c096821bb1322bcd8b4831d8b,"[[0.29144578393743714,0.02699931067120076,0.027236284016339596,-0.04124871140340636,0.005681988782697545,0.02414330658329611,0.9877734780311584],[0.36247935726145997,-0.01752879081685421,0.05173548691669794,-0.043030708305993315,0.004534621870263322,0.023435297018702173,0.9882959127426147],[0.45043659197930097,-0.09105249410982452,0.06217628422660937,-0.04414160258751343,0.0029147688680524197,0.02075212825913475,0.988605797290802],[0.5410314719056117,-0.1748742420789995,0.07671082022739029,-0.043390732474882565,0.0014211928602634316,0.0168723526055512,0.9884598255157471],[0.6124468967953796,-0.25221981450545883,0.09106560607784786,-0.03959814999160449,0.000595298019504753,0.012328932593717923,0.9884954690933228],[0.6569504828039925,-0.33220216606295594,0.10566304371081969,-0.033191585702404325,0.00027474948986139225,0.007019141533280759,0.9883305430412292],[0.682133439058461,-0.40926632830071696,0.12084122939933195,-0.022752361296824564,-0.0011002854293451492,0.0036441300325193993,0.9882192611694336],[0.6830612721461868,-0.47041782316643577,0.1321077198359717,-0.011896784544601413,-0.0028079742302082877,0.0008136822602420324,0.9883131384849548],[0.6794040611848331,-0.5162133723646889,0.13959727303137015,-0.0022195408555214513,-0.005064127831474252,-0.0006173248614729232,0.9887712001800537],[0.6693051688157752,-0.5396797328932479,0.1396059001649519,0.0010814989153955512,-0.005327933144215535,-0.0014442653630233337,0.9880813956260681]]",171a1af9c1803f4ae9dfbc6e6f4e1aff0a5f1455fd24a4657cdeefa16334b1e8,685fb7288f1245d8f2a84bf56025a61d739484f5449646fab4533531529b490d,"[-0.20865290624627508,0.004983718826794604,1.1733342799323272]"
libero_90-task11-episode2-seed42,11,42,15,1dfa088958786aa839afe410cd49ab25a18ba883c415069bac3dba6328f4d387,true,"[151804,151899,151745,151679,151731,151859,151891]",a44d0b873406ddd3179a8b4318c126d6feb43496bfaf253acdfbaa2f08e3b6b7,"[[0.043591406553881384,0.012543918607050841,-0.018127641451457066,-0.009888773597198863,0.0026010525633353154,-0.0002603823577942421,0.9845932722091675],[0.093640536769664,-0.015512333835516756,-0.008359432948253698,-0.012593328972035911,0.004577005498148878,0.00017675806844508202,0.9853050708770752],[0.16402116598860772,-0.0613547761903277,-0.013098841604971767,-0.01880241242834968,0.01032226117476398,0.0001748869083293414,0.9855378866195679],[0.2425360281623341,-0.1133378645840466,-0.010500436333529706,-0.0251755249409511,0.0167187132896629,0.0001884715307696183,0.9856373071670532],[0.32209146896123286,-0.17260743201592987,-0.0009453944727511043,-0.02984714628863383,0.022423263602945553,-7.145132090791151e-05,0.9857079982757568],[0.3884787254068982,-0.2526328330286276,0.0142036882904506,-0.03148258288337491,0.027292355946684665,-0.0019719886504656614,0.985293984413147],[0.4485284819125077,-0.34364645373322844,0.03841158892714702,-0.02872781754537268,0.028765653752003573,-0.0038235764313956366,0.9851210713386536],[0.49747761475080665,-0.4372254119729746,0.07185068630263913,-0.0231801564580838,0.028519038237732275,-0.005975148602081148,0.9850776791572571],[0.5372706092128858,-0.5134442161589092,0.10137732399670085,-0.01697124833521979,0.026992234577903673,-0.0073952655719224936,0.9852752685546875],[0.556855312500705,-0.553850793555668,0.11958330595973621,-0.01422388391441265,0.026561089407266536,-0.008194625173366887,0.9846524596214294]]",9ead22aa32c9b298bbd88cba64541fce6b76fc096d6d30f7655069e256514ad6,410873fc0c3a575fe30f6da5982725e93e67d6240989e4c72ded5c0e3b911938,"[-0.20616550976472453,0.006715816916482255,1.1853021373761372]"
libero_90-task12-episode0-seed43,12,43,13,e10afcf965930e489481fc1c0f9146db60a8238d72a35595edc950427a863b66,true,"[151887,151742,151788,151758,151858,151691,151812]",cdcfd667a6b7c75624b0e12823c955f6edc2e2b862120efbd0d0035470331e7f,"[[0.015004100120554753,0.013650494603112406,-0.12660423627025352,0.05247008121408614,0.0007440081478051752,-0.045285434605219166,0.9883044362068176],[0.06829490733371912,-0.006680943098515968,-0.13515181457586323,0.05687617389422339,0.0008893220247614408,-0.04362597754497344,0.9890639781951904],[0.1435329091923876,-0.035976251110589885,-0.16209620922342083,0.06627388069592977,0.0006494890826189703,-0.04149758904812195,0.9894434213638306],[0.2198325908378962,-0.06392226619823305,-0.19734198125684088,0.07810204132204213,0.0006284263659495082,-0.03747811258029721,0.9893258810043335],[0.2788084836223135,-0.08533096526690542,-0.24391419684508264,0.09256970861313096,0.0002191284261812143,-0.03190995173107858,0.9892387390136719],[0.3124587445152116,-0.09225014020337596,-0.299415222679869,0.10409648026718399,0.0004118309330038983,-0.025611046721859765,0.9891129732131958],[0.32202083745774246,-0.09000557235882667,-0.3585811968256678,0.11619092626309868,0.0011860570727577624,-0.01857885277488336,0.9893364310264587],[0.3072251266853314,-0.06963123895005197,-0.41632320251147803,0.12651710673396543,0.0029827236866140083,-0.011817677659070824,0.9894903302192688],[0.28723023094099176,-0.0488017600512336,-0.470464799581805,0.13416201426650787,0.0035810895484331695,-0.007439088141833139,0.9898606538772583],[0.262813361631256,-0.0346337231005478,-0.5064513584589179,0.13485127774173922,0.004445604335032272,-0.004707811855690025,0.9889609217643738]]",5ec66f88de10d9733d38b86ae82a202f4d97ce27df3ab4d68211cdc3a9b98022,55632edfeb949f266c92298310c635dd1d17c74a58d461afc49d2c4bed4df42b,"[-0.21397752387166963,-0.01744969734783802,1.173466318910451]"
libero_90-task12-episode1-seed44,12,44,14,61b5892333871611382fe7957b31a1a22c5785b52b1b103311ec92a033f2848d,false,"[151790,151674,151771,151731,151825,151727,151752]",f92ad9e419ea845f41e0f9bccb7312a895abdd7401bcbdc880fa7160e2f59860,"[[0.2196982144025057,0.2923662998993848,0.03544997041149145,0.022881564935022247,0.007842590540590777,-0.008744091341354121,0.9900200366973877],[0.23822468118927986,0.3126196335894349,0.018200180621136042,0.024128093482045365,0.0070013132631885355,-0.009106085977345302,0.9905524253845215],[0.26161792343468093,0.34025348887752216,-0.005308321572215391,0.027336963226846978,0.003952254139775846,-0.0103451869175899,0.9912243485450745],[0.28762832775253955,0.37237934981838805,-0.03690771001245707,0.034716646618361935,0.001227606533646508,-0.011430441073118303,0.9909305572509766],[0.31797718388291685,0.3835178838580333,-0.06978211235312415,0.046798653167420046,-0.0001550749163641285,-0.013058331662211486,0.990683913230896],[0.3467350653971728,0.36685825718890896,-0.10874175618926074,0.06058539916425554,-0.00017390325714927712,-0.015175137677946537,0.9908019304275513],[0.37178364521625085,0.33107565252485927,-0.14987958744845287,0.08015576815945025,9.057370817799892e-06,-0.019184266630331237,0.990926206111908],[0.3927567872839326,0.2811609367054757,-0.1864442188776536,0.10090718327222126,0.0008224397066243228,-0.024699192974257045,0.9908215403556824],[0.40951128622689126,0.23123412603915483,-0.22255952953315727,0.11833649091587528,0.001069392859918139,-0.029012310599044966,0.9914032220840454],[0.40943782946326124,0.19516268003044956,-0.249402964876964,0.12337376555899215,0.0020639383924248023,-0.030561313077658525,0.990796685218811]]",11576b34ab7c3b1ade0c4ac7ef870376df4649ff45382c7b407457418b101bcc,ad9b2958469b8638053dcccae412697f048044eee95ecd0c37308a21762b60f0,"[-0.1945824513957591,0.015700307779067134,1.1876927385251805]"
libero_90-task12-episode2-seed45,12,45,15,826b5dcc21c724aeaac6afcd645bfaf8e2c51d13c1964ec785f9bb1aaad59302,true,"[151855,151698,151829,151783,151892,151695,151745]",9b1ddeed6e9f0c087e91b5c4d9208d1eb23064643433869150f0c5f3e4c123f0,"[[0.02902101027760473,-0.0002688292450869767,0.009638132756037976,0.0003295768020661338,-0.012021299057181523,-0.012318699491661533,0.9893403053283691],[0.011498967615153788,-0.0018807238462414944,0.008980231917263382,0.00022466280257615878,-0.015799608816436717,-0.014287852262663492,0.9899458885192871],[-0.009412769189180992,-0.008956311803274275,0.001362745975143298,0.0001297058974172316,-0.024301468639606583,-0.01657955561441682,0.9904253482818604],[-0.017256088638962552,-0.012176923545794693,-0.008060486389013022,0.0002977676230493387,-0.032163045709367566,-0.019226704541756234,0.9899819493293762],[0.0114464354344328,-0.013228867733232619,-0.01615038979790029,0.0007875200886076072,-0.03629338387183623,-0.023349824568391853,0.9902342557907104],[0.07024199716150115,-0.010410358402026532,-0.030407274062838496,0.0030220064846409045,-0.03632587666247389,-0.030163916092277532,0.9896177053451538],[0.16170930858998744,-0.007243045984992591,-0.04096224438742979,0.0075892859735644524,-0.031422116735569716,-0.03839226785484229,0.9897076487541199],[0.27656072431311074,-0.0029045833890961603,-0.05016215411646385,0.012172705367942127,-0.021926903047031487,-0.047257038595972745,0.9895097613334656],[0.3797290713332657,0.0023994169877283866,-0.059234185700887565,0.01598619867212303,-0.013468102129792214,-0.053077469251995524,0.9896383285522461],[0.4371922138916773,0.004533542479947528,-0.062126459535221557,0.0168319610933787,-0.009801878595453672,-0.05580210291972776,0.9887305498123169]]",0e70773329d7909e90afd215de75ef47a32ca0535fd59ab8031cb3a050eb2259,dab628b32db935221588ce4bbbb9ecbc3657e5d4702c9e964b73b4f4212194a7,"[-0.20666408268128103,-0.007939695146984326,1.1672704324179004]"
libero_90-task13-episode0-seed46,13,46,13,81c8a52a3083994441c4883033c89a08e4c7a1be70f3155790e76add400c4d08,true,"[151790,151808,151914,151727,151733,151691,151813]",800f7a09c15ef48146238ce63d0208e2ed5b283927c1fbcb2a9facbc99077cf9,"[[0.2630173983869639,0.050867158618856934,0.016988013750790287,0.00030237243312458695,-0.00022425119374247515,0.00019554451600711786,0.9882699847221375],[0.2767875397286943,0.06534038545730425,0.01682076748394934,7.228880665932635e-05,-0.0033318708264431507,0.00060066939266612,0.9890727996826172],[0.2944490354658491,0.0827493801430279,0.009734560084552868,0.00046909608769274413,-0.011996313769515154,0.0008571305981295296,0.9893926978111267],[0.32835030306427626,0.10941862013851278,0.004732351466259388,0.0007698114101819531,-0.02005882577991258,0.0011457196227802058,0.9893930554389954],[0.387583382810778,0.14450146615814674,0.0011693998991120225,0.0011826663159064665,-0.023046553767940736,0.0016342795290000822,0.9896706342697144],[0.46854130040085806,0.1958022719362873,9.827028219433487e-05,0.0010711726980123792,-0.021645361755048498,0.0018183081263831724,0.9894726872444153],[0.5697740793572379,0.2561830278058608,0.0022921831132975967,0.0004821538156616345,-0.017014582977850523,0.001290921647761678,0.9893078207969666],[0.6846641658285222,0.317853627352207,0.006681100817729657,-0.00046513590108077096,-0.009251010599655274,0.000997130797989243,0.9890215992927551],[0.7865864848377271,0.3673505584587389,0.012450578303685234,-0.0008662896060529501,-0.0022183869829746072,0.0003538259501976171,0.9892030954360962],[0.8424395822740749,0.3886192442993064,0.01651876320647716,-0.0012187652085262624,0.0010628883434549152,-0.00019485433054100554,0.9885659217834473]]",460fe8361597729816c43a07ed6b1aa8d6b72cd2fa2c8108f438e8588ccf8311,64ce3238d2aeac7be33e14e7444ef263a74c88ea80d8fd4e7715c1a541144448,"[-0.2081560899322896,0.006038824977626032,1.1634833211773585]"
libero_90-task13-episode1-seed47,13,47,14,41b2c65da155e253524d3a33c3102ad782963b5e4386c8d125c316bfa732dc77,true,"[151790,151885,151764,151856,151838,151734,151866]",3adeb0a566614d8d7587e0fc58b1ae9c44c997caccfa3c9c6516d3870f8b1f35,"[[0.13909071735911738,0.16347889599501286,-0.011318321358345429,0.0005910358879619437,-0.04046530128687209,0.0009245110738973494,0.9911417365074158],[0.18164672794836179,0.1840426982560217,-0.006703623923783653,0.0002648418467998681,-0.04372594091069004,0.00037266853256312515,0.9920057058334351],[0.24267411275165784,0.20688832664006895,-0.013774651936245164,0.00034750695432306244,-0.050260864747059486,3.694498459694273e-05,0.9921159744262695],[0.3141307687815882,0.23918382293416585,-0.01930377092836011,0.0004501969874239897,-0.05599235666822722,-0.00012449871018915815,0.9918628334999084],[0.3873620413367149,0.27230340879924597,-0.024694309762054445,0.0004683762977411021,-0.05920712703778008,-0.0013216669522400082,0.9919483661651611],[0.45407579190726466,0.31464972289825255,-0.03534985717561767,0.00023728681095880333,-0.06022391702353502,-0.003300549755843818,0.9924495816230774],[0.513279824447956,0.3607204298643296,-0.04492171648666954,0.0002729717820229016,-0.05963741818030144,-0.005483052203242522,0.9926593899726868],[0.562350355182879,0.40668002823650795,-0.0561188622419877,5.410949634221396e-05,-0.057460043707436625,-0.0078028229567319585,0.9927340745925903],[0.6014519555151665,0.4439857636250366,-0.07003027894887737,8.048333841648159e-05,-0.05477516799204807,-0.00941825161945431,0.9926427602767944],[0.6164380181894842,0.45885248298375814,-0.08261169742928587,-0.00022695925169768927,-0.0516545691180994,-0.010092655148369545,0.9923107624053955]]",b7b217360c6a68fc528b8b3dbaf133b41725aa6000297dd1f42bd944a42221e4,168b5802473eba838e07762297477c23ac5ac8fcda0bfb5151d6df0cf751f8c6,"[-0.21511097327029202,-0.0017118053687299904,1.1567970146268043]"
libero_90-task13-episode2-seed48,13,48,15,924f3919c20de5dd5a8be16ac73ab53b1ff96caa08ff8749785062ff581b44c3,true,"[151790,151808,151914,151727,151728,151806,151831]",886f7ca904fcd2c2d4f2d0903d087fcfed485085aa16d7bd8c91eeca44771c50,"[[0.23722736435999536,0.10637000121938911,0.004460214543655638,0.0006808066142385272,0.0006181184452032085,0.0033274174713291416,0.98853999376297],[0.23948863194424064,0.11690389541087143,0.01101994838612086,0.00063507226808035,0.0004005100951900431,0.003687091868776804,0.9893215894699097],[0.2413313195809259,0.12810936110348337,0.015995456571999966,0.0011217702403822916,0.00040094703980741997,0.003778853560852724,0.989707887172699],[0.25641441228316353,0.14764284640335745,0.020180107778145384,0.0012949166360574083,0.0005463105695611148,0.003722887161790922,0.9896885752677917],[0.302101870579655,0.1770501342483044,0.025227909159355022,0.001533720794629101,0.0003925159948039436,0.0036395456902358347,0.9898518323898315],[0.3740828772336222,0.22464591941421475,0.0321707860166498,0.0007845578761143113,0.0003388413207829899,0.002898173340778243,0.9895683526992798],[0.4729741335599158,0.2826176482705023,0.04071121144568224,-0.0012410786970271648,-0.00017461825743225745,0.0017537343907889635,0.9894609451293945],[0.5892568084118928,0.3429281925286176,0.04477753987669075,-0.00459628727584338,-0.000338313599996809,0.0005858123813471394,0.9893267154693604],[0.6927885545175059,0.39117012951734864,0.04745489980103912,-0.0071706437221199515,-0.0006684550501034892,-0.0008719897532252219,0.9893518686294556],[0.7502350103832178,0.41192570685140595,0.049798531621263464,-0.008170265859577253,6.028392363077728e-08,-0.001856257397307104,0.988711953163147]]",f71e1f0572e1eb3977e32949bf7fcbc006adc413075bab7c3c1586e55f601611,efe896b6b3a64eddbd2cbf9955281c0da1bcef0debdb8cf7455c5a7f1d157691,"[-0.20707733362344025,0.020943928033026204,1.169482610832631]"
libero_90-task14-episode0-seed49,14,49,13,62cceb2a8ed417c712eb67073b6de873a92b4501e9f1071533367e879abc36d1,true,"[151790,151736,151837,151766,151835,151713,151813]",a1e421fbbe4aafba3c580a83a40437dc0b049e5008b519f520eb7f99a90569f9,"[[0.08405116240890997,0.12139210861164429,-0.026087373427060356,0.001283759891806957,0.001048508893319422,-0.029534963042573636,0.991058349609375],[0.12339074676327044,0.1865583239202806,-0.018220192030071303,0.0009009054621438306,0.00018334862035374044,-0.029515409419364147,0.9920189380645752],[0.1835246430474129,0.27712494778171504,-0.018292103010622895,0.0004938273321850595,-0.0035448118134979723,-0.02876838616635702,0.992074191570282],[0.2511880341823911,0.38812448306060787,-0.017036363655478226,6.556153903436446e-05,-0.007172961582767812,-0.026772082862075663,0.9922301173210144],[0.3133390779168401,0.4851030157780656,-0.01204807857556034,-0.0001950947042230755,-0.009190255436720918,-0.02474142505806931,0.9920634031295776],[0.36302021799943773,0.5785980275801705,-0.00875715472679417,-0.000723466669109829,-0.009670596599050896,-0.022495508994348157,0.9929672479629517],[0.400630345846146,0.6631176379677584,-0.0021746518039265084,-0.0008797164570739646,-0.00897642069931237,-0.01915554432255462,0.9931789040565491],[0.42894245428399813,0.7311517669823786,0.006484424012910495,-0.0019599550691151713,-0.007178890126780857,-0.017305584450925338,0.9933781623840332],[0.44874099444863447,0.7840154729817073,0.008459327775682368,-0.0025693126316379544,-0.005857222034251208,-0.016533506363968442,0.9931594133377075],[0.45263102450336845,0.8094482711246087,0.0034991627830720518,-0.0031112960090717845,-0.005024077885067868,-0.01571661399223956,0.9930028319358826]]",65344779d3b0c5df6764bedaa69d3d04a422eb0ae6f716e4619388bea46f9b11,f46b04d72c5309e6dfa01483263d86c97443e8f1cd0e0ceb1f6375c76566304a,"[-0.206990084886986,-0.0029942643080640204,1.170812713887509]"
libero_90-task14-episode1-seed50,14,50,14,b96423187f99be63c70ea1e590c35357b8648d6873dc17085a2dcde37e05da5c,true,"[151772,151808,151705,151775,151917,151778,151725]",d0f574403c2d49ccac8cfdc84b0d828ab94b89de85f44aa162e5742d514fa0fd,"[[0.2946438018367239,0.3997116539226653,0.005203840697134865,0.0010003195281571564,0.000265454486182648,-0.04934828456452678,0.9901596307754517],[0.3212264979116135,0.4515450429608592,0.006807395501112978,0.0007344032814069479,0.0002371623222074959,-0.04694786681004892,0.9911258220672607],[0.35321453465924435,0.520967004412185,0.002846776757536418,0.0005060083929051551,0.0003061697800745833,-0.04272767099660868,0.9911790490150452],[0.38864206075871977,0.6058848222603785,-0.0006362373187016601,0.00030904433229173023,0.0006079098300517671,-0.034856037198508716,0.9916260242462158],[0.4220765424084547,0.6705414140184018,-0.0003235856295304984,0.0004925538576552313,0.0004305500376347027,-0.02689683310699209,0.9912288188934326],[0.4468353564844634,0.7182896147554629,-0.0030700172246440616,0.002226260236948052,0.00023093586140987554,-0.019071959600184485,0.9911128282546997],[0.4673434783910402,0.75219218821168,-0.0028294949244696,0.006440113631539068,-9.556107336550212e-05,-0.010548132943743127,0.9909629225730896],[0.483430862783532,0.7699602358535174,-0.004963946056392388,0.010514023248993531,-0.00041090598983828386,-0.00438004073821574,0.9912418723106384],[0.49674022185436684,0.7787944965541982,-0.01317522995864806,0.01419750218614002,-0.001034505403310959,-0.0007830348013229127,0.9913560152053833],[0.497401332727037,0.7770768232916936,-0.025978387612951792,0.015021578628083398,-0.0005149782532498648,0.0014689812443755557,0.991144061088562]]",a0b2254edfb30d3b34d4c0dd86ce55e3dc5d08b5c0f36fd06b759c7e27a31f29,1f9b059aa8e7963637deac006302af7f1022e1ff5569b79282c871dfba9f74a8,"[-0.2123668649687781,0.006619022124368247,1.1573968098583582]"
libero_90-task14-episode2-seed51,14,51,15,1838467da87d40dece4b4a28885448179e893d6b8dbc9305b74332b289914c9a,true,"[151790,151780,151734,151887,151725,151763,151855]",e04e13d5937bf6887763c77c8c80ce3ea5fd3a53688c739719840a7e5d0f269d,"[[0.1263269866527459,0.07367178752176073,-0.02541724171535975,0.001112652900994826,-8.381322149375592e-05,-0.002586122112052891,0.9887367486953735],[0.14135013086639603,0.1175010528537257,-0.014565781926535237,0.0007949025496500894,0.0009213381485437822,-0.0024165388707633184,0.989723801612854],[0.16214810680542158,0.17691821841772537,-0.008966444619318281,0.0007751821505903589,0.003460890056416588,-0.0019284654661735345,0.9898824095726013],[0.18793911201556313,0.2531732558951205,-0.0017040908089427376,0.00071977678046653,0.0060227460008945854,-0.0009581005417516053,0.9899302124977112],[0.21887924211953447,0.32914180949802585,0.006637965149820957,0.0009664617162010725,0.006474814860368383,-0.00028268658637387034,0.9899147748947144],[0.249703889715299,0.42187792090416565,0.01704955033019928,0.0006912712527662457,0.0057913937565530205,-0.00020084204291137553,0.9904505610466003],[0.28244556460517245,0.5179023956954154,0.03046173993368484,0.0008196891626002234,0.003919602460186411,0.0002518290122885958,0.9907548427581787],[0.3172505622907593,0.6070469525533895,0.04169732557534189,0.00042230974083601325,0.0017936782160177245,0.00017713230046823014,0.9907620549201965],[0.34660033580426486,0.6807034429159131,0.04651803677575117,0.0003015049939520953,-0.0005687224411872194,-0.0003163300452548867,0.9904727935791016],[0.3591746857919027,0.7195005344310346,0.04583518277212306,-6.879002386250832e-05,-0.0008471653986106276,-0.00028390284044910175,0.9901081323623657]]",84a2d835912e10ace5505742cfd76f697225f65d474b82de876c897428fded78,69764a7e3eb2f68e32000f1ae1381fc0268670f1848901dfda5fc1c8c5381a34,"[-0.21291176107478688,0.001529331511063378,1.165303251827813]"
libero_90-task15-episode0-seed52,15,52,13,b8bdf066beb742a2a2f58138ef0d198de758806301b809b9d44bc95202afcfaa,true,"[151790,151872,151847,151887,151671,151701,151668]",92d82fb74a5e49b0a0493addce3a197f554ddbd0639a92b9106504565ce93f85,"[[0.275697607340458,0.21108667350915766,-0.00309213107971118,0.0008848762936053411,-0.0005910662000303546,-0.03342033346490325,0.9899263381958008],[0.29221496101044764,0.2670859173276341,-0.0017403466108305565,0.0006203996267584166,-0.0005308572178677196,-0.03205032616296144,0.99086594581604],[0.31301426129016363,0.34435302699705517,-0.004256848715357364,0.0005812541270806548,-0.0002848077454871145,-0.029568381962240764,0.9909419417381287],[0.34024985732544266,0.4396833805725464,-0.006009085068342301,0.000503572180761136,0.00017889972970408508,-0.025083267299613965,0.9911724328994751],[0.3739380826514669,0.5186439738105975,-0.004910326783118535,0.0005161131364570526,0.00012165998482771556,-0.020459873904433934,0.9910671710968018],[0.4100630065585307,0.5858643656232232,-0.003269424135027066,0.0002159791827749391,8.897851355982311e-05,-0.01585534180322057,0.9914028644561768],[0.4519350393258499,0.6408210951349247,0.0032804267252970476,0.0005651326777791343,-0.000247230508392704,-0.010800065941726444,0.991402804851532],[0.4950072779162298,0.6780472915300351,0.006702341039016346,0.00019161706133474787,-0.0006846319315059191,-0.008450805704812936,0.9914703369140625],[0.5322894990079838,0.7035995006617668,0.005111290118520628,0.0002924707072513577,-0.001408152634525095,-0.007509874129011607,0.9914250373840332],[0.5478829043229396,0.7123180403269203,-0.0009322899660446637,9.038506428971083e-05,-0.0009711285726723418,-0.006696087883074853,0.9912079572677612]]",8b79b16151cbc5ca15e112472b6b7162bc610346f3a86219093aa3bd487b6068,36d4af07f8ff8c65920ed8af0204402724c7cd7f1e5c87eae7171da85b4f7ba4,"[-0.21206106170840577,-0.005406512903724522,1.1593399014498562]"
libero_90-task15-episode1-seed53,15,53,14,cca26777ecdaee45d2e56a381d83f8aa110ce1cd34815a69c94c04be90f930f3,true,"[151790,151736,151752,151670,151833,151762,151795]",dc723243203a810d2d147f79ac8d20b99687f2691e97979128b024ba14be92e1,"[[0.18570803939906,0.2842543475577486,-0.03347443845959219,0.00155429940478502,0.0025353917040149554,0.0005546014306165858,0.9900422692298889],[0.1819791374616635,0.31837637073678593,-0.02564296684337819,0.00036572317694538725,0.0021646144044922266,0.0004032620004554843,0.9911409616470337],[0.17527541317600992,0.3610892201972149,-0.01632326008220275,-0.0024627006661082085,0.0013316986581770607,0.0003304738719531741,0.9913111925125122],[0.17124747511071092,0.4146650871840052,-0.009557184861222368,-0.0056490908170354626,0.0006084957330614316,0.000622412273211026,0.9914355278015137],[0.18318057933603527,0.4701351301996226,-0.00037507542046455455,-0.008335974425752068,0.00020120376630927694,0.0001748869083293414,0.9915207624435425],[0.20486162564744959,0.5391186022001193,0.006940187835738243,-0.009909665961949088,-8.112566533213794e-06,-0.0015124878608432368,0.9916844367980957],[0.23853713730284554,0.6121831625536345,0.013421513046409927,-0.010007825009585192,-0.001508550590926916,-0.0031795231195577145,0.9919344782829285],[0.28354626829769103,0.6810678258045755,0.015181830511863836,-0.009808987649482237,-0.003441732606034975,-0.00490478888107404,0.9918766617774963],[0.3253843096539555,0.7372357824879572,0.010417905507182468,-0.009202186264095413,-0.005380098373194642,-0.006573714011505416,0.9914224147796631],[0.3452628399962947,0.764411776070375,0.003306581136598652,-0.009191924643246363,-0.005381011984667339,-0.007219788176268338,0.9914976954460144]]",277c01037b8a59ae79d5e189f7518c9ede204e0c0ba6979f4966c3bc0855bab7,e3d7fd6bae5ff16627554b0b6943f2ae424a435343662060eaa636bdca55495f,"[-0.20754239488551757,0.005566830435055603,1.1767463206351687]"
libero_90-task15-episode2-seed54,15,54,15,7ffc1460d77a825a2306ba2fe16c25934918edf1c5d613a3843b69d2c4424cc1,true,"[151790,151780,151827,151799,151758,151703,151800]",ad36b9ea3caa0b9f3d0a2609beb5be5d0c5ab83930ef62e93e7c9729c7bf1df4,"[[0.020127930107197045,0.05017293490439556,-0.03245064887315152,0.0009311274120364921,0.00045361872732030406,-0.005804423953120974,0.9897934198379517],[0.04500408076837914,0.09454226590172254,-0.01632981233555597,0.0006624611985479589,0.0005386541081975338,-0.006269875031911454,0.9906841516494751],[0.08649598361285094,0.15575305626704505,-0.004118814578049523,0.0006266839467208296,0.000444740807139965,-0.006565855139019305,0.9908983707427979],[0.13981168843099567,0.23342237084648332,0.007634890497513425,0.0005180141201754918,0.00038010279544664627,-0.007092044075166726,0.9908674955368042],[0.20374547131354248,0.3066574890415552,0.019917635429237635,0.0005729765426367717,0.00017493743646923576,-0.00831984320831225,0.9910228252410889],[0.2724063558565639,0.3859222984296906,0.029538745844661207,2.5290214047624104e-05,0.00017740021522172356,-0.010512749305954472,0.9914408922195435],[0.34490517972049517,0.46385790463915555,0.037831932913832134,-0.0008426195903354916,0.00029480922002278476,-0.012881937398100618,0.9916195869445801],[0.41858310824581935,0.5317856400002086,0.04096259956600079,-0.002848360430967478,0.0008155379677816654,-0.01607376232353097,0.9916561245918274],[0.47916295418512433,0.5858143462562282,0.03825619131845315,-0.004324012884520334,0.0008456176324642684,-0.018512164628358363,0.9914021492004395],[0.5086678521381707,0.6119751926855344,0.033377055858977656,-0.005092360973669274,0.0014765755905159494,-0.019445723833303674,0.9910481572151184]]",9286f5f7dc4c2552297521be821857508b6de137da39d53dd4a13a4b57e9c1ba,1d158209b9cda8970aa45295b62cd57190ca590927ab635789f80ec34582211e,"[-0.21005246798125637,0.0031034797602725608,1.1807880884661528]"
libero_90-task16-episode0-seed55,16,55,13,cbae1a865578cdf5cd6818fa465c59acf53645e64fd4633b0fc58dca539ac057,true,"[151855,151885,151702,151812,151690,151908,151839]",b65e1c5e1097411d3dd5f9157e12a076a8af5f9204f04b8c132adc62b5afb57d,"[[0.19584719172510745,0.0012297017907059171,-0.022582354699977714,0.0007056855079516922,-0.032175786617187896,0.0030699271278020746,0.9914947152137756],[0.23812765116135992,0.00028374126202379557,-0.008989377506054552,0.00041824938726264804,-0.0397680171220145,0.001719623141879012,0.9922271966934204],[0.2989449955311514,-0.008456425629432829,-0.004575015217767486,0.00038994687724103194,-0.05590123385438517,0.0004785949067152018,0.9922664761543274],[0.3722964299315912,-0.008986651419320424,0.002112924381975745,0.00024210386678902296,-0.07368194033601583,-0.0012883603021798251,0.9918547868728638],[0.45401204697536457,-0.0028227894242149887,0.006877996030993927,0.0002328019658754954,-0.09339543161037511,-0.0040841916123159905,0.9915125370025635],[0.5327509875939143,0.017788264738811677,0.0014116694668473428,-0.0002557600778396729,-0.11490723797146529,-0.007700077554776641,0.9927151799201965],[0.6069381692594042,0.048611879659858914,-0.001298943143268616,-0.0023835883679617087,-0.1319623681242632,-0.01276036812538095,0.9929184317588806],[0.6764106980669098,0.08328811332525277,-0.0015098164970197558,-0.005420825121601913,-0.14610347490153686,-0.01733088253569015,0.9932681918144226],[0.7350165700624167,0.11379131730116399,-0.006169451469162368,-0.007677172830397261,-0.15551247147261904,-0.02032470129767283,0.9932708740234375],[0.7619307927568144,0.1275377258376409,-0.012448148244885715,-0.00865778513067017,-0.1549675916041906,-0.022122642918084523,0.992647111415863]]",d3ddbee31447408d2d8730db4c7fc88fbed11ddae2657640d74689c9bf794b07,cd700761e6b4c77e1ef8cbf38f907e922f531dfb09764237dddae44f31ca4be1,"[-0.2029570283146858,-0.016027969649216576,1.1822354183921686]"
libero_90-task16-episode1-seed56,16,56,14,2b49715ebfc165b69642830533d00d9f7325c97bcfab0d2aec42f351f2f86554,true,"[151790,151808,151751,151796,151838,151887,151843]",474a763fab5dcc2b04e63c5d482fee55638fad3a44750c65bacaac1afcf62053,"[[0.0750361104609123,-0.00028973898047013336,-0.003703893134456848,0.0005641821859199148,-2.551453221144584e-06,-0.0035639716769377827,0.9922841191291809],[0.1426324458122643,0.05094259766416087,0.005598941574334049,0.00025821608801424034,0.0003280468026218841,-0.004079813097645157,0.9930354356765747],[0.2415508952674017,0.12451011915260324,0.0010886433765335823,0.00033782670228110767,0.00025029052184777356,-0.004735037235374051,0.9932833313941956],[0.35765584359872094,0.21779275364238515,0.002607674112255154,0.0002664106197713956,0.00032186999462169297,-0.005851726880846897,0.9933284521102905],[0.47047086478683653,0.29536664192946205,0.0064964364773913985,0.00023701919674601335,0.0003549983410664481,-0.007972237793611114,0.9932558536529541],[0.568643622143874,0.3626627802835003,0.010456236189298806,0.00011483023841662998,0.0002515020501050458,-0.011035663711899346,0.9943442940711975],[0.651293605689446,0.4198832961465371,0.01734565757965356,-9.777541153055402e-05,-0.00014349588400364155,-0.014821675532083134,0.9942687749862671],[0.7206661909195127,0.4614115680980291,0.03161581015763204,-0.0008246617538496537,-0.00019295007024311417,-0.019181684429371515,0.9942687153816223],[0.7722235686029535,0.49155305415155226,0.040156672403554694,-0.0009531534882940562,-0.0007832423872002892,-0.02225959312695558,0.9944584369659424],[0.7928885807366584,0.5029295901792352,0.040019621104249836,-0.0012167258036632767,-0.00041900932637872756,-0.02357982756981869,0.9938496947288513]]",f73ccd410ac6e4aed5f6265b5c8c9fe99ec2f5e2c94d364dd3cc6ce10836d694,936f8ab554847848be0a471a0f4bf1364fd31d6ed69d42f7fd9089e98eae1e90,"[-0.20375227608216187,-0.005318582100055962,1.1843518207890438]"
libero_90-task16-episode2-seed57,16,57,15,ff1045e5eaa4bf353366f917249d63d28c60908ffa0c9fe228f3497cbaf2165d,true,"[151855,151872,151827,151744,151911,151885,151802]",fa57b370f7efaf99dbfa6dfe9977856e7d026fd0fd0f08fd2f67c76289ad1d6f,"[[0.2629160421794552,0.006091522763398416,0.0314242659512729,0.0002853743165742717,0.00406471772595296,0.0015035977065167572,0.9893855452537537],[0.28419272313338695,0.004687393032938303,0.040990665051197084,5.166405612189173e-05,0.002001653923329627,0.0002483112312710034,0.990282416343689],[0.3094230907845734,-0.0026702713543613754,0.04399749411498988,0.00011549465991045338,-0.003792460105955797,-0.0015359709202957816,0.9903861284255981],[0.3464636638450109,-0.0039803072755972835,0.045508116125574816,0.00017277332952381208,-0.009646922145236658,-0.0036254954215433344,0.9903709888458252],[0.4043725794798263,0.015555227998333976,0.04597649303610751,0.0006750021542438756,-0.014311176838461392,-0.007047136232388951,0.9906526803970337],[0.4757693753105485,0.06972579245910993,0.04095866821398886,0.0025831284037416413,-0.017690854078836082,-0.012338103422061764,0.9902874827384949],[0.5596328963754651,0.1431457158154359,0.031082129122012248,0.005806763070628218,-0.020041536675847738,-0.019234582125843502,0.9903739094734192],[0.6543694310876944,0.226239159251449,0.01927627903017992,0.008952485089287698,-0.020802515449247494,-0.025554406705156296,0.9900735020637512],[0.7359053792444641,0.2961283097904044,0.005581468898725461,0.01181028189921407,-0.021312141831501208,-0.029751306575155567,0.9900836944580078],[0.7757078206701351,0.32946345042759617,-0.005892727969211364,0.01225370019365446,-0.020734054172152128,-0.031810349878117705,0.9896216988563538]]",c52ca4c83e1cff7489d36d96578c5bd0ec59a8972ab0e7a4e85dbe258a229256,e72bea07a10a454dcf17bafc848127c34bcaa1099d4781dddc2434be194fd9cb,"[-0.22592437512361252,-0.007921917163813989,1.1508487778471541]"
libero_90-task17-episode0-seed58,17,58,13,6795c5366ce5b04db564ec68d99456fc447a8118664bc3ddb596bc48cf869271,true,"[151746,151847,151788,151807,151680,151915,151920]",b72323e3186dff4760893e94594621b8e4062e31d8eb32cd3858e08e1d93f023,"[[0.41987089713320813,0.18819102575811542,-0.01757435825788889,-0.009905513327612692,0.019601336236092948,-0.002683965074504968,0.9891439080238342],[0.46962478766440086,0.22178036317839656,-0.0065450593926357215,-0.009002989009016638,0.01864788335873868,-0.0022536543826880973,0.9899477958679199],[0.5227827635063136,0.26919072819083567,-0.008525314162312725,-0.00530851020491685,0.015000925109802665,-0.002328856307739713,0.9901832342147827],[0.5800156473633464,0.32892656222202277,-0.012947593756734932,0.0005467134374781413,0.011004550194797957,-0.00043309043647710155,0.9903624057769775],[0.6310277498398413,0.37531276019549864,-0.023076394602810524,0.007999547789847794,0.006624786169723507,0.0004558228881066384,0.9902553558349609],[0.6667281784109278,0.4100035486766984,-0.039926660744953324,0.01944717946152541,0.0021821319114252447,-0.00013974866513244422,0.9913522005081177],[0.688649989859865,0.433960980490653,-0.06234694286055742,0.03931047528280951,-0.00014323768945700976,-0.0005514600253988533,0.9913277626037598],[0.6997761291578115,0.45400470433335727,-0.08799339072095336,0.06104538185566,-0.0006900937392231299,-0.0009435054928488285,0.9910424947738647],[0.7030928962723415,0.46647356903740445,-0.11978514239922333,0.07912135617433025,-0.0016008154191098356,-0.001875287095684186,0.9915972948074341],[0.6900061147268808,0.46659615748602334,-0.15079084208355198,0.08420886846484121,-0.001148627392922208,-0.0022783162730135587,0.991068422794342]]",b7662ab871d94d6326f8e0c5a488828a9492b9bfc2f98fbba586501187e87e2a,0315a0cf6383f8a6089c4718a81179bcec86b53951b41d2a736f4ff206aca6d9,"[-0.20441962344850922,-0.008300417280564033,1.1670483585262985]"
libero_90-task17-episode1-seed59,17,59,14,7aaea64a2588f293788bbbf4e1d0ff8055137c27d1158bac01eb6fe2dc4533e4,true,"[151790,151827,151827,151746,151773,151760,151894]",99362907b60ee78039649c5c5cfdadfaf006da3ea91f6a6045a770cb42f864ce,"[[0.15454550834847325,0.057228433115668054,0.013461044974974357,0.008845651649926678,0.019576529698497325,0.0009438962926964223,0.9917517900466919],[0.20325696617752698,0.07862893228811174,0.015183796187869802,0.009755087797673756,0.020016691817147603,0.0009065853599885543,0.9925364255905151],[0.2723113564843693,0.10616203135128899,0.00398168164042545,0.012752819156660378,0.019375197535481448,0.0008689001952575381,0.9927327036857605],[0.3519395477318632,0.1466060720239426,-0.0043315444035840756,0.017287292834326395,0.01816668816829292,0.001050982786120258,0.9928332567214966],[0.43218761871186473,0.20087103779005133,-0.009349696838370392,0.024127290639406995,0.015102753066770447,0.0010096675707647051,0.9926968812942505],[0.5068816697042777,0.2921641724573476,-0.009083238535339433,0.03143477356192648,0.010468538315990372,0.0007020675593381043,0.9939452409744263],[0.5727976374429034,0.40127680911531627,-0.004945927359671032,0.039990030821769995,0.0052653521594692165,7.257187320064418e-05,0.9940584897994995],[0.6354675578598687,0.5168010471331996,0.010156525200500255,0.04726312070390781,0.0004910867282603704,-0.00033601464967247807,0.993992805480957],[0.6854806660088713,0.6136538139422498,0.020235801931647757,0.053000861706888,-0.004144567953645151,-0.001267216192871956,0.9940407276153564],[0.7062399711997358,0.6636771783866635,0.021917601561085576,0.0538803158347263,-0.005123850216222081,-0.0016754284837219302,0.9936630725860596]]",4883e3ff2c17221a1a8d0b98ac9afc34b09c8baf173542e4d26b415ad6edb2a5,098943f466cd8fa220a57d42df4166d377d0daa84f50bad95d0d431f5f55c7d8,"[-0.21434053025039487,0.008993069768933862,1.1662606796560055]"
libero_90-task17-episode2-seed60,17,60,15,829ada4f7875647b332eb96f99749b89a49670ba0ec4a39e6ae1d36a65db887a,true,"[151790,151827,151751,151807,151775,151715,151829]",12f890be17fe5c215027983deafca92acde506f3bfa9e976da990dee05cd074d,"[[0.24396931794691312,0.1369621740693816,-0.03439786936550604,0.0008059301008322972,0.044497070117017756,6.132620090504304e-05,0.9891179203987122],[0.3025351948535686,0.15901036254518885,-0.009571436012265622,0.0007079925270274678,0.04252930989378001,-0.0005687308332671392,0.9898983240127563],[0.3765762575962128,0.1877700635854751,0.006483495777018788,0.0014549314791532098,0.034413421126146204,-0.0015959790252075834,0.9901031851768494],[0.4594761000853822,0.2269957021772484,0.021943810574498457,0.003965494233946432,0.02489223902455251,-0.002221208466281155,0.9902255535125732],[0.5377244166228117,0.2658337931735133,0.031842627327876016,0.00895707144321034,0.015716302754043454,-0.0040252313570690035,0.9902322292327881],[0.6026978952367372,0.3120217586556606,0.03527775535252431,0.017555894451280807,0.006018634749267449,-0.007411320125715548,0.9912259578704834],[0.6527846367281285,0.36053285723809836,0.02915041562926035,0.032024216935787164,-0.0018312639825381893,-0.011382820048172704,0.9912356734275818],[0.6921779451698313,0.41078079634047526,0.017011820271306988,0.04765153043550541,-0.008125540570887324,-0.015124148564792605,0.9909116625785828],[0.7196779678963026,0.4512386743380148,-0.0020679046763802944,0.0607777122744122,-0.013780229544991585,-0.017954577625468815,0.9911400079727173],[0.7239241573073869,0.4690781635757446,-0.02217480454140741,0.06429776198023074,-0.01499642516522215,-0.019172085377977766,0.9908587336540222]]",a21c6eaa545fc9732367e815deaa350275a1b5a1029fdab54e8d3796196f4ff7,9e39e79f786d4fc79e02a4d18bf0d86b4df35f935bad10d59d0be1917a613c34,"[-0.2203099870440635,0.011995534878171085,1.161733257091771]"
libero_90-task18-episode0-seed61,18,61,13,b74f014339a3cdb1e663cf8fd02d9b7269e5a741a8c1b6d81c9556482c38ef4a,true,"[151855,151688,151769,151828,151758,151902,151728]",7211e3727a6a26c63d707ef99f1b0d1692f4b7906f03c87f1ca29e3d6547de5e,"[[0.0575323436999895,0.001189932293996776,-0.0287053808564508,0.0004471332660913596,0.0004084744038976851,-0.0033093254967866415,0.9853348135948181],[0.0532616981308216,-0.00032930347977355723,-0.020040189603150793,0.00036743959913776436,0.0006285058104253949,-0.001076095898650209,0.9861392974853516],[0.04879310777312185,-0.003701818299930437,-0.01722091879159393,0.0005984368051570321,0.001849696502077336,0.001932336623836406,0.9865034222602844],[0.055778033732046595,-0.002204722245977564,-0.012789356838254662,0.0008187109865120945,0.003977080538490441,0.006605072511268517,0.9863464832305908],[0.08748738505371811,-0.005701157997890505,-0.009085149609234122,0.0012090862983622497,0.007905321884862815,0.01241126363881051,0.9863893985748291],[0.13888173639816515,-0.015440225998055723,-0.004501739184433973,0.0008138570183766625,0.013139938262156647,0.018141186280034916,0.9853762984275818],[0.2137804421719416,-0.029661511024876575,0.0029825176061706316,0.000721207132293511,0.01784025081687446,0.023902376006793347,0.9854854941368103],[0.30168002392505855,-0.046824457574388134,0.005977225001259967,0.0010420858015049994,0.022629858962488925,0.028730156221415726,0.9855233430862427],[0.38126301101031856,-0.06156956222216792,0.009569497902162993,0.0015397744126839363,0.026063965599405492,0.03136800548297991,0.9852949380874634],[0.42881973204668355,-0.06976074606111382,0.014706737541644088,0.0015928819918082926,0.027600421763054328,0.032165550059112036,0.9845718741416931]]",a637a2e313347bf120aa6f5a88e6ee54b95494c8439e4a24377bbf02cd115a84,9fc88bbac22126834c715d85f14265f763008c351aec7a401bbf602b5a1b9d87,"[-0.2136762006378151,0.008439393239769798,1.174760022719005]"
libero_90-task18-episode1-seed62,18,62,14,31977c7f7e3a88e3b5615c2bc73c9f6f078825bf81f695c5efd699583d059132,true,"[151855,151899,151793,151762,151704,151877,151802]",37d06d46b77e65603be036607580c6e5d4bb0134dea0f17a79a057392dfa46cd,"[[0.10860819110838449,0.04043248317174175,0.021062423294267774,-0.0287198444874468,0.010827369152451638,-0.007397698080072956,0.9877212643623352],[0.15702944174747202,0.03560335928526115,0.03289808613885725,-0.029644239346881207,0.012042293661068015,-0.0025422995421422456,0.9884487390518188],[0.2196815277098061,0.02469032239190483,0.026746721486631486,-0.029118257453756957,0.014530554229196468,0.00530457880762647,0.9888142347335815],[0.29013512810079334,0.01600130235317465,0.026985551121356366,-0.02756384336895712,0.01721093140113794,0.018163116276591396,0.9885904788970947],[0.3561307328596044,-0.0025400980017309394,0.02556895394639014,-0.02449846098259245,0.019002682388048697,0.03325102875385433,0.9881628751754761],[0.4087141214206227,-0.03597584111577845,0.023922809495616093,-0.020535832737277104,0.019623699856055055,0.049080874928609575,0.9879620671272278],[0.4518686457125689,-0.07833650503318523,0.024064993393380973,-0.014149044215594486,0.01831006558614945,0.06650605350644412,0.9882926344871521],[0.4797691490638307,-0.12442668675280544,0.02003175384180622,-0.007723267071531259,0.01594631437285443,0.08154396858541446,0.9883973002433777],[0.5003652071922531,-0.16409317226557363,0.01500956085078542,-0.001762234306244892,0.012922895954034175,0.09066972873948842,0.9885748624801636],[0.5078854316582557,-0.18720965347192475,0.008549967280401916,0.0003776089392237836,0.012112125355372427,0.09442151704115531,0.9881116151809692]]",551f71f15d9a1dd51b80871505056a96c2eb10ca2ef37196a5ceebce85b8c51c,631357c60286ffc753d5d357fb3d8b798b578cc59630950cdf0095c146d62895,"[-0.2090268482737844,0.016243107657399357,1.1714456103296405]"
libero_90-task18-episode2-seed63,18,63,15,edf380d121f87dee2a94176b32aeee531d8183036e4dc0a533d85e10e38b44ba,true,"[151833,151808,151870,151675,151745,151764,151777]",2e2ef89a412df061b84ede4f02d4a9042bf72cc7ae160e2c9d16065162be8501,"[[0.07157587310491742,-0.0015972124341345761,-0.010826902356853907,0.00036269636791796955,0.001255729878110401,-0.0005921764695173692,0.9827571511268616],[0.06765913551292613,-0.001099171236944585,0.0006158436949874613,0.0003127355628129713,0.0008749922274233768,0.00010913434186221593,0.9835880994796753],[0.060167207793009325,-0.003267018802404209,0.0025665041203524197,0.0003878428758439245,0.0006048909399680724,0.0004909632750802473,0.9839101433753967],[0.06096750687224528,-0.002375792581048586,0.008369452700520696,0.0007566614014500317,0.0003734294594721632,0.0011174089702290502,0.9837914705276489],[0.07726219472748141,-0.003438294134880948,0.013198845636622991,0.0010252168780229276,-0.0003565361766533215,0.0018265973656959034,0.984087347984314],[0.1013718169970339,-0.004690213291596024,0.01611203207957601,-6.90484099989952e-05,0.00024299156062568272,0.001069638252474192,0.982114315032959],[0.1424654023065095,-0.0046438838779039315,0.01588963768034546,0.00010293524806193055,0.0040361375757527185,0.001326249150746861,0.9822362065315247],[0.20444428175120066,-0.0019424280653623782,0.005653707491944715,0.004310292076935562,0.011500661085591446,0.006955596935750208,0.9821926355361938],[0.2563674423333424,-0.002350987894956802,0.0025256617411173465,0.0065542003388743275,0.017063164675988673,0.009322595770560937,0.981712818145752],[0.28175823178683146,-0.005180874582180195,0.00689088212925526,0.006482830396746131,0.018679661149093363,0.009443098482014634,0.9811033010482788]]",215bd4cd26e4b1ea82bf14470ffcff2d24782d6448bb0df0c0a224ab472bff6f,9366415ef8000f476ed69af9cfc8dfc27d1d723f8feb178d63f6bf8f6e553f4f,"[-0.2080291886515439,-0.0040285954536924545,1.1693483841844337]"
libero_90-task19-episode0-seed64,19,64,13,83635392400f9d27cc34ff7a78518ebdc31d3d4c92dd4fcda5d3e830ca45db1b,true,"[151855,151903,151913,151835,151736,151799,151714]",471caa5f748a9d919d5f175347547a2790c2e2be962529253fc3cdf35896e4d5,"[[0.12431531314395983,-0.007627723616820958,0.026049889342516508,0.003466744393992638,-0.000860243945453476,-0.009685228744768182,0.9860768914222717],[0.1704974568330222,-0.009990933709929095,0.026423149375204957,0.0033791145814183743,0.004746748551440305,-0.012995198719906398,0.9866728782653809],[0.23471279454635763,-0.01604414835529866,0.013274469560741409,0.0038273499316889836,0.01820613235057067,-0.018554920637003036,0.9866713881492615],[0.30645012251328296,-0.01849207362631944,0.002141426684062253,0.0045243465348623335,0.034731536668715535,-0.02632059063774861,0.9866917729377747],[0.38619618008222645,-0.026201103567018436,-0.006548826938313823,0.005959450821139356,0.0555464262956491,-0.03500900453797051,0.9864062070846558],[0.4600664911651826,-0.03681417800645903,-0.01929132164698899,0.005593686788789576,0.0799349866425132,-0.04513390805904649,0.9856909513473511],[0.5351024869238685,-0.052646281398054384,-0.02540140710308947,0.004215667382523547,0.10089851688383078,-0.05606627330486802,0.985859751701355],[0.604222564528957,-0.07166501821217253,-0.026387084415858908,0.0019600671479087506,0.11964459291419871,-0.06797951939496194,0.9856051802635193],[0.6560556699441484,-0.08434087904664267,-0.030172921801238317,0.0006064375473118222,0.13258665414747384,-0.07572105143021446,0.985601544380188],[0.6761258765290847,-0.08964897937158156,-0.03428828292817343,-1.8764622223388372e-05,0.13500339482618529,-0.07913251313003045,0.985347330570221]]",c8b50c09c097412a7d5257e207aaa9d46cbf324b32074eabf8cbdce328a5962c,1c0d95de448cdc89580fa60d492532732327c07131274bbb4d36a515d37ad2b9,"[-0.20526221985679796,-0.012022971963053821,1.1808200242481914]"
libero_90-task19-episode1-seed65,19,65,14,34e82827615ce9c6a1b919e90444821653e4d620cc4f222fe72ab4d8eeb6d531,true,"[151751,151866,151689,151686,151817,151745,151756]",45c8756344a9b1ab1a6154065382be635b649831458f391b310be956ef6e0fe7,"[[0.14532915661552792,-0.006038173732889618,0.11829862748561482,0.006233598511951932,-0.0017883838266783414,-0.043551617641973905,0.9850713610649109],[0.1905387927909068,-0.0014700115438870398,0.12510871200828433,0.005834724141826619,0.007633701221806177,-0.05099213614940723,0.9854916334152222],[0.2520741946830576,0.0007882398774938792,0.11898967180593445,0.0051817454626190695,0.030770216628695835,-0.06345350117220505,0.9855912327766418],[0.31330702887213135,0.0054728405929438395,0.1077022141585644,0.006529118427482494,0.05598924980424158,-0.08032004489748523,0.9858393669128418],[0.37971185490428994,0.000652326597503361,0.09607939034373203,0.011580096763909475,0.07643303442318938,-0.09777987736066329,0.9851289987564087],[0.43307563328949783,-0.013853392329750136,0.07847457762585464,0.01829504490700673,0.09395987608212408,-0.11578865206699618,0.9844157695770264],[0.4820081677244765,-0.03957139311335567,0.05808451121174585,0.02929748649359376,0.09971082196932457,-0.13383464414803115,0.9844686388969421],[0.5223529708075745,-0.06952484529648473,0.03217198726309789,0.041095443625966066,0.09888501650360126,-0.1513513224555254,0.9843990206718445],[0.5505935648481426,-0.09285560004116178,0.005319979387820695,0.05141141784444159,0.09509201944686652,-0.16274938203095246,0.9845306873321533],[0.5535026998981536,-0.10542183851292464,-0.015599618301450846,0.05444876533499743,0.09205934574660546,-0.16751459065130447,0.9844620227813721]]",4edb6c23921c16097b6e1fb1ed7235c0d2fad45c2240c2696f445d5562ddbf76,537d5d82ee74737026c72e6e6461a6ff9c4ffe7fb379ec8c8ad8658831bd1eec,"[-0.20982071139729147,-0.006513091369708501,1.1746853376282904]"
libero_90-task19-episode2-seed66,19,66,15,ed8748922dbf764669eb625bf72c2203270c364c0c7bd7760425914d568e9e38,true,"[151751,151769,151817,151675,151776,151868,151779]",8f6d35eb7a63f25187c1d4541665a08c1cd85f237cc281ab18ccaa18e911c978,"[[0.3491315923106022,-0.5106967896781356,0.2414658111392214,0.05051339682708145,0.08802553262233914,-0.06430233424710963,0.9803240299224854],[0.39693163887649163,-0.5220292512635893,0.24593422951767252,0.05081343850000053,0.08962955631272962,-0.07055137283924395,0.980475902557373],[0.45478034115458144,-0.5305046127562107,0.24036579700543825,0.049987378021651985,0.08756902480277517,-0.08121653642053772,0.9801007509231567],[0.5049792984471431,-0.5077801378389424,0.22829217815990432,0.048931280057219695,0.08449067052887926,-0.09353879940033138,0.9807571172714233],[0.5414552609265542,-0.49048102176268316,0.20845817964703883,0.04831037817124173,0.08233091286854233,-0.10337249427259465,0.9799764156341553],[0.5160385143955324,-0.4134951685339061,0.1737158390795912,0.04510974909857879,0.0794930171620365,-0.10976576188645026,0.9795780181884766],[0.4327981397701599,-0.2819505370072761,0.13098171509722079,0.040073600280770894,0.07458320952440545,-0.11158116143074182,0.9802246689796448],[0.3462126571394819,-0.11305655689405114,0.10811860985916155,0.043515045232639604,0.07054929709454427,-0.09708547113011079,0.9804558157920837],[0.27744017482094563,-0.0035971671243117953,0.08740595417162922,0.0445336772072813,0.06494182793079517,-0.09292835212417216,0.9800482988357544],[0.2449156035149258,0.02346966533956163,0.07358288368078547,0.043529920891640206,0.0629733129850365,-0.09254888085269997,0.9800448417663574]]",775fc84abec9b6f5101967b9dcd132d9277c1e5d3e8ee7e73101863875bd905f,d27ffbd78db7e3bb6506aa81ca1ce0f37677e6de5bcd9252ca4bec218eacabfa,"[-0.20619562312376707,-0.019438820471867468,1.1844263377728361]"
libero_90-task20-episode0-seed67,20,67,13,8796703ae15fde3cb598af1649978e1f64993432fa1da0f1990e46f6e9178a1f,true,"[151888,151716,151819,151907,151713,151829,151762]",c86f3f1fa4c948121e1087420ed4e0f743677a5901fc938b6edecd33b26592c3,"[[-0.058567748715464774,0.443904994647184,0.6096624808447473,0.00013482747976545362,0.005037843041648671,9.540002661267977e-05,0.9841473698616028],[-0.09174897228049694,0.4743962062748608,0.6069226561050982,0.0005814202324541107,0.0068005868643012946,-0.00013885050827688872,0.984134316444397],[-0.12950120188328995,0.5054463433292256,0.5906462035503637,0.0016481028004060594,0.012404242693207834,0.000362620402741598,0.9843795895576477],[-0.16519633309161463,0.5448466397106699,0.5547645353290136,0.0021342101758246024,0.017803468024538915,0.0011531294168385386,0.9844483733177185],[-0.17493217953273188,0.5805549328151471,0.5046293135715132,0.0022122981575014578,0.01919519621424115,0.00036301334636590354,0.9841903448104858],[-0.16639742180846895,0.6219795785780491,0.43071378031072527,0.0007007115748243198,0.018189707205181094,-0.0008862854165094802,0.9832323789596558],[-0.13927863262208717,0.6650437935918774,0.336145544480587,-0.003799082992094638,0.013039520444635855,-0.0009562106700347073,0.9836061000823975],[-0.09668465759971667,0.7032313253210987,0.20620016393729657,-0.010832842715311486,0.006099588670195999,-0.0012896326910585287,0.9837296605110168],[-0.05548658180976496,0.7352437201979001,0.09960570389421264,-0.017670302799408732,-0.00011707066521182696,-0.0025738098784913177,0.9833064079284668],[-0.03695009417843309,0.7506050982966173,0.03389348262743397,-0.019851829265538523,-0.0015844597876366606,-0.0028240588323704685,0.9837422966957092]]",0640e5c170c6fc4b98394a1816c32223542f4827eba958c0d48f2fe49c7e0d2e,ff2040515d6c1fb8b1d36a9703cc30d6a6bcd38b4e94effd5994038dc395366c,"[-0.20765427889734417,0.0010495440479809574,1.174803596433519]"
libero_90-task20-episode1-seed68,20,68,14,8cacd745e68c37a213b702a58b7451fe88943515b3c59589e761774899b6a779,true,"[151888,151673,151844,151899,151729,151784,151904]",0ecb5fac4287896607174072077059ef4b6da8bee2f81cb197cd694507b8a38c,"[[0.09636148300756275,0.38764335414938955,0.17657666209782974,0.004587420436394041,-0.04195689118276391,-0.015833935731496496,0.9839007258415222],[0.06176498069134162,0.4294399677049654,0.17769720662545296,0.003950369416885646,-0.040848879077572064,-0.018223519468904215,0.9846253395080566],[0.0127399189867905,0.4793673933635034,0.1849737023826492,0.0016969654644309884,-0.03535517440329272,-0.021224766736546385,0.9847517609596252],[-0.041153110083008926,0.5384213035245722,0.17798441373076912,-0.0015370784725254882,-0.028179014479803755,-0.024630296858795475,0.9847908616065979],[-0.07322952449938214,0.5837908168643935,0.16737041852388757,-0.008429796277525714,-0.021658102662868828,-0.02965035748691136,0.9847147464752197],[-0.09829276035543444,0.614853458760507,0.13859619792322064,-0.018875185038075948,-0.01415896122266247,-0.035709679154910745,0.9826927185058594],[-0.11116941317801121,0.6349231147750345,0.10190554482119296,-0.03274487298472373,-0.009219709476155913,-0.042019867259627475,0.98295658826828],[-0.10968588673657464,0.6379676337460438,0.04991352366761248,-0.0477408568722415,-0.004938327503907658,-0.04813581023272917,0.9833264946937561],[-0.10363568043696603,0.6375565114488779,-0.004016271813071626,-0.05924542577470926,-0.0016266547348919858,-0.05197041608111874,0.9829839468002319],[-0.10429833637377506,0.6339682368592037,-0.04370070407429694,-0.062097224335038614,0.0004961215219196902,-0.05318496740064482,0.9829605221748352]]",1fdd8915455db25f7e607859123f39d9eac6518cabe5cdf6f565366cedfedf35,e57ded18ba32a20a869f20704f8c37cf8cb28ed14942424cb7ec39fe4871c2af,"[-0.21812049131167013,0.0033609535593414836,1.169771415703976]"
libero_90-task20-episode2-seed69,20,69,15,961264ec9cd563f3dabbb1944b7f9ed91bab726fed7efcdb9cfaf5422e82d606,true,"[151809,151886,151714,151883,151713,151732,151742]",d775c08afb397ec5b9719f2ba122cce2028ca7578cada3f588358e8fb075903e,"[[-0.0049736233394988005,0.3022939142634584,0.3536656147217627,0.010260749466778574,0.001416694316816347,-0.038491925842606634,0.9870645403862],[-0.02737431638210097,0.36523795769412004,0.3815591032675343,0.009540322777871646,0.0008635720840146632,-0.03771767720991548,0.9873110055923462],[-0.051285419982155744,0.4478119377040457,0.41406177443462866,0.007389747279662462,0.0011094626674434949,-0.035175051286641335,0.9874467849731445],[-0.07895447272541745,0.5480911336509564,0.4246389678185096,0.004909535667830145,0.001363228184544596,-0.030966306973109425,0.9877509474754333],[-0.09794485605605452,0.6193470018938285,0.4181924241527213,0.002825716073597606,0.0009171871746787019,-0.027686668503447365,0.9878829717636108],[-0.11737854036047324,0.6631836471323993,0.38289423409247547,-0.00013262985572737307,0.0004669256770313268,-0.025420225813256536,0.9869929552078247],[-0.1317456061960769,0.6863891484621831,0.33353665560377976,-0.006004353298552312,-0.00019102354170286162,-0.023377873258526805,0.9869346618652344],[-0.1440272327464367,0.6859590639049884,0.2592920900204376,-0.014982081119628177,-0.0008559638743150799,-0.02360956030405781,0.9872750639915466],[-0.1527765778072414,0.6810255963389977,0.18165585969302356,-0.022447327234625503,-0.0018902812975625238,-0.02358053861066267,0.9870269298553467],[-0.16098846127117383,0.6763361781845134,0.1208293261390736,-0.02459779199591905,-0.0014501589011501892,-0.02250039272225024,0.9871442914009094]]",01099f367e46bb310a68ac0f6b5197e41832822a8014f06e5dea17f5d8ee8c21,4d1b5a0f1f5ca1e82eec29b394566545c4860b28a752e3cd8b0652ff12f28ef4,"[-0.20516581890679367,-0.008833291243735964,1.1733030412330963]"
libero_90-task21-episode0-seed70,21,70,13,9ba64929cb96d661f6d5471458fb381626980ca5280f434c589740d19c224971,true,"[151790,151736,151894,151767,151830,151691,151871]",c3abce30c5004bd19c774114a2161f2ac87641a6c60f1ea51ef5b0dc7efb83c4,"[[0.014682770924363098,0.1624795336421414,-0.001939043693766962,0.0008712925652871739,0.0008324993633834765,-7.783197690258703e-05,0.9923551082611084],[0.02425514957958974,0.21420857900082524,0.0024990159108142507,0.0006643252699611857,0.0007896887214400294,0.0001641090260626754,0.9933388233184814],[0.04198771826713177,0.28554316624749276,0.001301864621069626,0.0005284879867795134,0.0005077998598750355,0.0006739440227985227,0.9935864806175232],[0.06507746577097251,0.37349371571586687,0.0006748139751664439,0.0004638360841999756,0.00035497847994747644,0.001342004318921397,0.9935302734375],[0.09104924348535981,0.4450670224414921,0.001734804761383657,0.0005152733815134702,0.00014307027107918202,0.0013591441455815811,0.9935179948806763],[0.11354445030857008,0.5063850264500047,0.000925164655370736,0.00033846343954602176,0.00027268393348833797,0.0007156521817783812,0.9936448335647583],[0.13448501359526688,0.5568080333368641,0.0011962095357489488,0.0005270299507236231,-5.955286466985399e-05,0.00041922299624275183,0.9939699769020081],[0.1555434432034133,0.593978060442808,0.0005394007391998912,0.0002692159549675388,-0.00020086472615332696,-0.00012462969139726,0.994073748588562],[0.17333746129899197,0.6223577987915974,-0.005164062794221991,0.0001398475532743415,-0.0006844134591972306,-0.0007391935198111099,0.9936553239822388],[0.18010351788647583,0.6358371982071276,-0.013389434041187087,-0.00017207988192313728,-0.0003322559587104479,-0.0007475950287307853,0.9934507012367249]]",3ddee93bbcb3b15c8a19d4038481d21be3411dd7c9ae7c4bb3d9dc61063a3c50,2d3168a452d304457981e6b4fc01fdb71917d61ecc0dfcf37fefc37e13deac48,"[-0.22018209715534293,0.0005032776546799927,1.1667565239544313]"
libero_90-task21-episode1-seed71,21,71,14,eca8d5f5ece26c57ff537df09f01f31e190e7dac9796abb59f124515437b0c49,true,"[151790,151780,151894,151777,151686,151685,151900]",c68bffb947e0e5d272dc52841ee89ac993ed708879321d3385fd983424e0763c,"[[0.08955357725426083,-0.029184738308529745,0.019922058200251058,0.0007631210548622036,0.0007592217649374788,0.0008735593839457323,0.991418182849884],[0.08643351887695161,0.013468149410726937,0.019634632686489795,0.0006085230925563234,0.0005021295104086221,0.0005390895132570961,0.9925016164779663],[0.08475650626064102,0.07242560829240574,0.01232865178920406,0.0007115361083278593,0.0004123671832161335,0.00044878732607145366,0.9925022721290588],[0.08820177856683387,0.14922727135214586,0.0056508681821583195,0.0007432806908105327,0.0005513751548988921,0.000187535950711748,0.9924240708351135],[0.1031865169004611,0.22423274714299168,0.0017706237463812613,0.0008228082523906721,0.0003450777121400961,-0.000985176228626372,0.992546796798706],[0.12620558875612176,0.31316533668345414,-0.0007882495964963709,0.0004880966968008327,0.00038615050617352153,-0.0032639685755810888,0.9922884702682495],[0.1576678622496459,0.40391850818409125,0.0007105237559414945,-0.0005231805010272872,-0.00021002070199926948,-0.0058252686768103246,0.9927619099617004],[0.1980383575421385,0.4871812794772268,0.0053941836570459145,-0.002949481691096878,-0.00058644848986944,-0.008463024380368722,0.992781400680542],[0.23395853837845948,0.5564097233775556,0.005593426761095088,-0.004976936195270065,-0.0013290954504583397,-0.010442505955209569,0.9922873973846436],[0.25177957302412324,0.5934455796814575,0.0023711377662039013,-0.005925093351184962,-0.0009431740477197081,-0.011127780924397257,0.9919722080230713]]",00a469a724f2119c38f3aef092fd028917610753f50eda003c1990065668300b,c976e1ebd80cb9eafcc24859720405d96ce77f118c0691f25aa302668655c12e,"[-0.20856262192107913,-0.010089474635226489,1.1685733302748949]"
libero_90-task21-episode2-seed72,21,72,15,3b77f82c38e68988c58b40d4c44740b7ecb27c3d71d1253de6e1ee512ccd26e8,true,"[151833,151808,151752,151692,151847,151830,151908]",bb503f3c37cc3d101c51b81e5e6426c22549e0eedc342a96a75c9d20c678ba7f,"[[0.12573959741184382,0.02727677465983902,-0.012981883882616785,0.00024950478398411136,0.0004788026261763889,0.004593968330471654,0.987293004989624],[0.11944871426409165,0.021638936007803977,-0.007997912369489768,0.00019628646794411786,0.0008024296292603594,0.0046910066940739625,0.9881942272186279],[0.10704418889765854,0.010506756887735946,-0.008322740329475664,0.0005199612442754464,0.002667964673150891,0.00442157834900847,0.9884284734725952],[0.09719621494475028,0.00395555229452782,-0.008612076917131617,0.0008782413067434103,0.004756788347080487,0.004284534582131627,0.9882432818412781],[0.10237089961390566,9.41186617353651e-05,-0.009250375597957827,0.0012141155999474407,0.005676834822324395,0.003928153426487668,0.9884179830551147],[0.11780176418145416,0.005025331256263144,-0.00759271010170437,0.0010097690782915336,0.006261297900863383,0.002749397399975706,0.9872130751609802],[0.1482717533403175,0.014247754544669533,-0.0009025864175100651,0.0008920834211980644,0.006186312246185821,0.0015300933337556444,0.9874336123466492],[0.18570998176540598,0.027955316072763026,0.0027779780973276047,0.0003928906335817217,0.006235379140605346,-0.0002677547286502602,0.9873954653739929],[0.22167386584451165,0.040095672434148355,0.005901819485586657,0.00013014884507978053,0.005754978394918453,-0.00156022115539578,0.9869626760482788],[0.24339119909084417,0.04483767242319914,0.009807945322108935,-1.0440897397989701e-05,0.00627483325344258,-0.002101772316093431,0.9862588047981262]]",ae6c68dd20b272a502131d0dd0c8e60bbb42ddb9b4d302c1f1b4ccd7020555ac,48fc56fdbbf9024d8e83ef146939a7df6b8671192eaf269931cd92b1652629de,"[-0.2060759512195507,-0.013017625166716952,1.170783152423263]"
libero_90-task22-episode0-seed73,22,73,13,d0b7efda440dd4e87a6fca7182b52256d0443dc6809c37e2a43f69fd534aeebd,true,"[151855,151903,151671,151765,151852,151885,151838]",abb06f77a89a4f04e19778c140d3379ac8e6c9dc9269928d5fcdb5d295f4b8bc,"[[0.06264332758193447,-0.008315079918190804,-0.012073741567860452,0.007387357207899958,0.005001666013441763,0.0002725801779721593,0.9833576083183289],[0.07683015064956855,-0.020340073989508767,-0.0071295749938542485,0.007153582350913457,0.007522707358432967,0.00034263641270548817,0.9839274883270264],[0.09998284848089511,-0.03776495597417551,-0.0075561812892601665,0.00722015369336404,0.01339431947394587,-0.0006016632513041742,0.9842379689216614],[0.13449887502782687,-0.05391900779144976,-0.01028104505041938,0.00951678195522243,0.021951204527226764,-0.00193737218832446,0.9841830134391785],[0.19683885803411272,-0.07336557419129974,-0.009292037008862053,0.015577911664168553,0.03729602421145728,-0.0031532333199315588,0.9840337038040161],[0.27796090558042863,-0.09389037569587089,-0.009916029936533732,0.022567487358046145,0.05771202312496371,-0.005616540765899458,0.9833804368972778],[0.3798407573981599,-0.11761616044136503,-0.00487969499869223,0.03256273978460733,0.07895217903131879,-0.009073771042146461,0.9833360314369202],[0.49326859516843413,-0.14051790686522736,0.004911227982802302,0.043164895105394674,0.10090254869098203,-0.012800242547447382,0.9831141829490662],[0.5902289627680588,-0.1569718698870659,0.012594618673233526,0.05201306996325128,0.11749581845265311,-0.015776229153527055,0.9832781553268433],[0.6431061783835972,-0.16394470289448293,0.019545631245108552,0.05433186406438972,0.12193307048659108,-0.01758388209493944,0.9826003313064575]]",4d2fa8f528364e48dfdb9658acd1a932346c28a322d8bdef962f88eee1e77ec5,7e5708df2a1e50b3bb18677813850e546e0f9fc91ca62a5c707b99bd06234af7,"[-0.20343207907359187,-0.011783969027697835,1.1757543045801406]"
libero_90-task22-episode1-seed74,22,74,14,33d79728be1833fb9000b74be77887224550021eb0eb43e029481bf465b989bc,true,"[151733,151682,151718,151911,151767,151903,151835]",d1f3bfcbb39e98a3692d53f64c96c869b9a2ee359ec760dc4393af9fd917b1b9,"[[0.08234744225534207,-0.002114523387461986,0.04446521580018725,0.01930043459215347,0.06290916157075799,-0.003653394418869027,0.9861605167388916],[0.0917563972693678,-0.004331467831590885,0.06175126139243048,0.01915351438933177,0.05779218260113339,-0.0009569965572833183,0.9869942665100098],[0.09965895889270193,-0.008721077280213763,-0.011387993652334671,0.03066765280692585,0.03160049084618777,0.015525005052611007,0.9875675439834595],[0.10212002534244569,-0.007209528909157825,-0.009825772646593123,0.031958429979822345,0.007739064457950917,0.030355389763144558,0.9877391457557678],[0.11193784847230148,-0.013133338942168393,0.020686869972905697,0.03440243062024129,0.008505415664032512,0.036091655637161324,0.98773193359375],[0.11124874986637323,-0.013843859950384285,0.021796821690941215,0.0326622830436889,0.010661508947919174,0.035200571766843325,0.985703706741333],[0.11257485634440556,-0.014274918245256174,0.022376477704256104,0.032508118800969266,0.009793885896201004,0.03431192040467579,0.9861318469047546],[0.11257768160454518,-0.013431097673972658,0.024421981996908926,0.03287627290508155,0.010363711330057868,0.03442755809982856,0.9860919117927551],[0.11232543884770507,-0.014814317669049615,0.023559377842957474,0.03302766872491025,0.00979158200640029,0.03426083773351607,0.9856027364730835],[0.10984000452925713,-0.012044495221701368,0.022744386730039423,0.03302139363302414,0.009849457307083753,0.034316935113785973,0.9850559830665588]]",158da1538858b0b5dadbcb32e48c9021009cde7e62ef8ef6047c2c698a971eed,94bba482a42657985965060e2535d004ed03f15d91dbf53f6143fe6383fd8e07,"[-0.21271971935246112,0.010502091859770793,1.173497421133971]"
libero_90-task22-episode2-seed75,22,75,15,59607ef15699ff1e1491bce3440ee2ba57c7c5b15764568d9bf617a6c9e4b402,true,"[151839,151676,151835,151830,151806,151854,151797]",dd3060272a6e3064ba20f607164fb5f42c1f465b096193f67375a56a6f751f41,"[[0.2251511430507236,-0.48116322343126683,0.040472600219402466,0.041721623971589405,0.02114496226369056,0.020228558947149367,0.9839867949485779],[0.27166507822743213,-0.5054532635359976,0.058770859750495674,0.04669926678563563,0.022668886061268267,0.02009840104949845,0.9839057922363281],[0.32981449413163233,-0.5354537113743874,0.07310577043244848,0.057711001045059884,0.024068578559678144,0.01803020777357034,0.984439492225647],[0.4044838240978237,-0.5540137664932132,0.07848910178745427,0.06869370377643458,0.027108859068505353,0.014242530620883542,0.9846346378326416],[0.4962322047655121,-0.5666137270382166,0.06569560870684654,0.08002910358411386,0.03507849055603174,0.010916992593582364,0.9846982955932617],[0.5944142325073827,-0.5702205026437568,0.030369462365626987,0.08645149402417385,0.047418938634535834,0.006841736842707391,0.9843665361404419],[0.6983569656739306,-0.5648333758189139,-0.02341034111537965,0.08869192330134634,0.06189014713967822,0.002798084986187277,0.9836820960044861],[0.800363336172289,-0.5506099895686845,-0.09378918642454437,0.087068778504241,0.07835463740593696,0.000336087352300396,0.9837430119514465],[0.881023277107019,-0.5288892844485105,-0.16225979714880623,0.08509074034867092,0.09028334462703924,-0.0013531960001902377,0.9844026565551758],[0.9139958287239267,-0.5061241687955587,-0.21136707955940892,0.08275843634382474,0.09330638568459904,-0.0026319655348885362,0.9841835498809814]]",dc6b6664d7524ed4be5a78cebe62c2023388b8fb99f780aad06a1e08353d712a,ed40d1ce91be042eb1487f5a0f647976a8ae7a84cb7547aa22f24c6f46f77128,"[-0.20812136275953458,-0.008211702823323327,1.1653862638184986]"
libero_90-task23-episode0-seed76,23,76,13,4a133d1bc718f9617d17b55ffd51bb0589e3adf6c30e1ae8490cc05481c35338,false,"[151751,151866,151733,151686,151891,151703,151903]",f8fd5d8c8d8ffdae39c19fdf76e51269b259ad6c7c6a8ee04ba8573de25da97b,"[[-0.03264466259379617,-0.0041468676677425265,0.025359500247532196,-0.001279458266371769,-0.0013801881790129755,0.002797673330961814,0.9832075834274292],[0.04960885749374633,-0.0010182997603891408,0.030071771654945678,-0.0011453374053824739,0.005237943815288304,-0.003410181027025061,0.9837424755096436],[0.17008426253760334,-0.00015464569010248397,0.013909273706445902,-0.0007893274496850733,0.02252940142273019,-0.013789562323841764,0.9841142296791077],[0.3036852523091511,0.003195524412831219,0.0070819895187241855,-2.499357372798272e-05,0.04253975684235911,-0.028144167151745947,0.9841679334640503],[0.42767232327248195,-0.001982505058180095,0.0022785325854783878,0.0013426442466970556,0.062193247676304964,-0.04544470775427101,0.9836599826812744],[0.5255991947079934,-0.01701450357526113,-0.0041407100246715345,0.0055931238761350865,0.08251000057830993,-0.06555559986943038,0.9829808473587036],[0.6022413508560511,-0.042212784686022076,-0.010273837571730837,0.014451052810644072,0.0949918995461303,-0.08625865802641819,0.9832320809364319],[0.6607272375850037,-0.07301103117811181,-0.003557395669901098,0.02406826786337235,0.10352890361932054,-0.10585355902806093,0.9829339385032654],[0.6990450930966858,-0.09581156013290126,-0.002695501343396245,0.03240098083509024,0.10785002769063112,-0.11816416468033353,0.9831578731536865],[0.7073813762961407,-0.10679767860139577,-0.007967280585063463,0.034691453970054464,0.10763822871791717,-0.12344850796319662,0.9829388856887817]]",70ca4ebefa8da110d89c57f897c787aa392733b1d2b794e98029064fa58781ae,3324024463a3a0313301a54383db0fda10f7f5dd9752617211640f295bb9e279,"[-0.2102458669454418,0.003715886850440815,1.1669058773243706]"
libero_90-task23-episode1-seed77,23,77,14,ef1186d5e0ff2ba4b5c8bde7f9e5a628dac4883b7884424b49014f1779f26287,false,"[151751,151849,151834,151847,151859,151671,151692]",f6b636c62b5ca7f088005fb9610d62e3687073b2b75e0cf9c81ef2533a336102,"[[0.3260405646107607,-0.29149485747201,0.014213079853590216,0.059190501606431134,0.06782707254492948,-0.02886295459860655,0.9858030080795288],[0.3943557079441966,-0.3050779343254817,0.020327588080704118,0.06583394138625565,0.07508704639047892,-0.03978411159533479,0.9859461784362793],[0.4742086839515487,-0.324087138760234,0.013141677226116144,0.08001217929217397,0.08661090456246257,-0.057073818180789715,0.9860976338386536],[0.5501848733110712,-0.3282651908861567,0.013378541184835058,0.0934480738279655,0.09705141813901719,-0.08167027403700367,0.9864698648452759],[0.6077956357117777,-0.3300580981965595,0.010965346274844023,0.10603013137573614,0.10011940490880988,-0.10625464219886993,0.9858827590942383],[0.6322029697685423,-0.3189156692062056,0.005833184631711674,0.11269699201321792,0.09838995825211327,-0.13032694868346262,0.9864713549613953],[0.6301887358677547,-0.29879778755198316,-4.436289117393244e-06,0.11423647507055934,0.08967464105279532,-0.15240667547240427,0.9864864945411682],[0.6051023681943093,-0.2682359030686854,0.0015292278124263703,0.10993161438746712,0.07744064857197941,-0.17192394204084493,0.9864140152931213],[0.5755030006053445,-0.23277570807447745,-0.0008959795620455679,0.10573592184704061,0.0642118523641102,-0.18459948005049043,0.9863489866256714],[0.5423054876498199,-0.20564855512397173,-0.009415492382458979,0.10246794627351763,0.05827588029256958,-0.18940177506433642,0.9869692325592041]]",4d213f620ff17b897129658a74d4fb19acbd9b62ea3db50397821b3a508dd019,2e40d7cb1fb61546e400872111838dc7acb3dfea1d8d2bcce56bd6775e84ddfe,"[-0.19841633011498894,-0.004771228546614126,1.1763325173445007]"
libero_90-task23-episode2-seed78,23,78,15,509a942eaaa69dc52aa30631adf5989bc38b6a3cf9fd5db2eb8ef5ce74e0c9e8,true,"[151751,151782,151829,151845,151864,151908,151716]",cdb2f4e704a52c02f51c37a5465869aff08488a1ed0b232f81ee08d86b0ee463,"[[0.25293033679474064,-0.3007000097289847,-0.008754097008562667,0.05045400492799468,0.05407441946306335,-0.009776578781618639,0.9849182367324829],[0.2999866336288761,-0.3190303652547044,0.0016621839533854654,0.053922746529567966,0.06560217041436545,-0.013478987167831136,0.9848774671554565],[0.3562132834293088,-0.3442164490198252,0.006696880827888663,0.060644163554153696,0.08837389664910233,-0.02031981756977075,0.9852007031440735],[0.40425833302293057,-0.3592012468842398,0.004926898788738754,0.0681114306178614,0.11136997408374327,-0.03024781891186734,0.9852957129478455],[0.4474538235869012,-0.3661145793946474,-0.00032347642530794474,0.07768718392375984,0.1269322332984757,-0.040281073010474344,0.9846456050872803],[0.47273222066046117,-0.35125411245680027,-0.014251983593027262,0.08516336530917634,0.13794434987903514,-0.051950132705464114,0.9852621555328369],[0.48617065880392474,-0.32274537949046334,-0.034143587333289815,0.09269617017078868,0.13597718548936655,-0.06425832456118741,0.9850339889526367],[0.48519956392031105,-0.2793309776583186,-0.060023841434173164,0.09771698192578082,0.12667094041728433,-0.07623563917364429,0.9853150248527527],[0.4799281582360635,-0.23308909785846765,-0.08760833663222911,0.10167532834369153,0.11496896773036269,-0.08340661706640518,0.9854104518890381],[0.46367955743685485,-0.20090240393745518,-0.10885936913695105,0.10140492725185801,0.10841124332941376,-0.08595169420943094,0.985549807548523]]",e3dab3ecad4123e919c13544ad1504b13fcf12bac1ed4adeedab66c17582f98d,489591c13034044e8874bcbdc897df2513f5ecef26f2a8f02282f0285a6fc289,"[-0.20716302828812408,-0.013090448628478591,1.1762166839817725]"
libero_90-task24-episode0-seed79,24,79,13,e868761aad91b0c4a4da90e7586e6e124589c1839c3476e66128424df2456841,false,"[151790,151784,151909,151689,151788,151717,151898]",a4ffa8a98cce02c69338906071da78399c56eb42fbd3415addca32024a5b9911,"[[0.014313324016418605,0.03142264219306412,-0.021295765151961632,0.0002506675215983023,0.0012332570219939498,0.0038096528563578147,0.9889800548553467],[0.01879171449522765,0.04029308493585404,-0.02127976673335752,9.725998113552237e-05,0.0006918528493855547,0.0014474254798422237,0.9896690845489502],[0.03101648268527768,0.048651649156568055,-0.029012954549273218,0.00039437635386652126,-0.0009576230117716023,-0.0016725281855425322,0.9899687767028809],[0.05455866911366414,0.06515322282588443,-0.034610380782595485,0.0007331759472586352,-0.002635470481379798,-0.0068837839542847945,0.9896857738494873],[0.09745856683552745,0.09396376322278854,-0.03573573029601107,0.0009681504541645403,-0.004402911458669223,-0.014142107601248455,0.9901332855224609],[0.15726605728416487,0.14920359415178552,-0.03083311592868654,0.0009444896665233848,-0.005536723157405277,-0.02372901516584669,0.9899045825004578],[0.23329725092703057,0.21706173289359754,-0.017925449833398943,0.0008204089525518654,-0.0062590819849646095,-0.03484862740445038,0.9902555346488953],[0.321515557339648,0.2885518106725016,0.003044217991913456,0.0002145765151768675,-0.006188823276602307,-0.04576160743147284,0.9900657534599304],[0.3990518200325148,0.34962597026691355,0.020265341673848525,-7.084788487810023e-05,-0.00631982721733948,-0.05269614553200874,0.9898409843444824],[0.44143257620372367,0.38052492173456187,0.03232640203378878,-0.00038159412630878187,-0.005664301055119836,-0.05557782566825509,0.9892514944076538]]",356357e03c1f5654d4d53be54aa87a1ff2b6653fd79cc4f92df612db2cfaea5d,d34d59249967adc6de6a2889bc99ec5897397fde048ae646febac938d4ca2dbe,"[-0.20948142467874298,0.0011230946977863476,1.1752045467201089]"
libero_90-task24-episode1-seed80,24,80,14,5950be9d083550bbc4a8c134dfa2a3630018c7804c8f95e59a1394a7af1e0578,true,"[151804,151894,151751,151802,151817,151751,151780]",90d24c34086b2a4c4ce0cc637bb3dcf7cb0690749f86e37d6c8a7cf727b7ec41,"[[0.1325791107629577,-0.017967587763791926,0.008728352377943338,-0.00013155017079991005,0.0032041354409102496,-0.00792985601698959,0.9870649576187134],[0.17690691261725888,-0.05089416857138929,0.012884173669334587,2.598231977035681e-05,0.005298877728293405,-0.01276744111061845,0.9875726699829102],[0.23593295376915435,-0.10457847918580399,0.006173792601856576,0.0007197306400850145,0.010501845412505872,-0.020527011129386707,0.9877930283546448],[0.3027884087935817,-0.1624356144922956,-0.0009197860825622683,0.001570651555994118,0.015880077541083892,-0.03183461882481886,0.9877320528030396],[0.377048870643943,-0.21595233972753647,-0.007005682803367108,0.0030360331606216207,0.018633464186365245,-0.044924656223303217,0.9877160787582397],[0.44559250689117036,-0.26814801043098413,-0.018038913020632208,0.004483013981100736,0.019636728750100474,-0.06023488123391729,0.9874168038368225],[0.5155926530297492,-0.31981904152385,-0.02729473531161375,0.006569961893200027,0.018256659037234613,-0.07566510374275381,0.9874075055122375],[0.5777097936425228,-0.36435693163802796,-0.036349621833096535,0.00809905413662415,0.01580583667836777,-0.09072537918510726,0.9872086644172668],[0.6258224729007367,-0.3961682240598208,-0.04741605013401795,0.009600600572283513,0.012581523041149012,-0.10021552906012055,0.9872567653656006],[0.6445401744832111,-0.41008529293655727,-0.057706145616805316,0.009924496822446116,0.011717584227000089,-0.10429860626027931,0.986977756023407]]",d55a9bd40d512fc33c54a3d1e6e024134a35d6e087034ad5ea7c2e078d883bdc,93aff44e74beed67db508dd5da047ed8a71b65b25fa13f1e6a709a0f51d6392c,"[-0.20494909790534943,0.00010265498652283968,1.1708500641742163]"
libero_90-task24-episode2-seed81,24,81,15,1615acb416af880378be5cd5b6532f75fbc0fe4ddabf92c92386a05d1e3f26fa,true,"[151855,151699,151754,151850,151889,151672,151797]",d8da168c518561a9311a8a0f9afb4ab14def1c98000eff991290b993ba9925ef,"[[0.10693263526683339,-0.003246006568318194,-0.001462913283432954,0.00021737262229670762,-0.0007483861234049982,0.007218869164034913,0.9878599047660828],[0.13919816553380215,-0.011282417365947595,0.005346679820235067,0.0001482174184812557,0.0012057692333371506,-0.001729729550280723,0.988808274269104],[0.1835556326195693,-0.027692818439071232,0.0071338615244371795,0.0006549772286661426,0.006485222086709541,-0.015684093229427987,0.9890528917312622],[0.23999214627474785,-0.040152919504024,0.007885568790385378,0.001082643196857136,0.011927436810054814,-0.03624687051253872,0.9887573719024658],[0.312871585653113,-0.047743255946812724,0.0028412619442974574,0.001482984831114642,0.013984770679854819,-0.06010099972763605,0.9885177612304688],[0.39078687465158524,-0.04347203249999154,-0.010673415822054722,0.0014329594294755221,0.01391972551522258,-0.08733208645001511,0.9879232048988342],[0.47916463168333223,-0.03538970228348148,-0.025235689695364272,0.0010080711122517627,0.011424692305524786,-0.11527569223286704,0.9884099960327148],[0.5688862413583635,-0.027335405462203255,-0.04116247032948195,-9.610512971969243e-05,0.008045978329420223,-0.14148765159820798,0.9879941344261169],[0.6406819286050478,-0.0168736703575334,-0.061037092813137406,-0.0006187187749933099,0.004369695138322527,-0.15774803300399398,0.9879786968231201],[0.6708391967822074,-0.010823325675843876,-0.07870267768086592,-0.000942716533995247,0.0037134539758199026,-0.16459965999980142,0.9879149198532104]]",0fe787b18720e429f28799f79eb05a3477eef65bb420ccb712d4f9ac489cb912,ed802d76f3ee66a6f46c2265f19e298d4314d86a963dd31b5e3ef566f947216d,"[-0.2059023412511811,-0.0015346097078239589,1.1704777943380102]"
libero_90-task25-episode0-seed82,25,82,13,ed21ca998d245d3ce44e67c45abc8e94910f9943fb48adb7293ef667b50b890d,false,"[151855,151809,151740,151898,151889,151692,151889]",c1b4ac4485a150e4321937b54b2be279023441f141975b47f649cdfc5abc44da,"[[0.050641975666362526,-0.01144805526976711,0.004649847676120089,0.00033142241732675437,0.000993990121742172,0.0032135948014886395,0.9860247373580933],[0.0545270173711625,-0.009216863505940864,0.008243267221359929,0.000294740814021921,0.0004907590197973377,0.0014028918690875969,0.9868885278701782],[0.06320683454571885,-0.008460115582735739,0.0037553558891829653,0.0006230296285048009,0.00046827623312140076,-0.0012306163010080695,0.9870778918266296],[0.0836275058220366,-0.002689336113093077,0.00012147617948699008,0.000787584685141729,0.0014537154425795507,-0.005564110859456406,0.9869152307510376],[0.12840602495798592,-0.0030913360257045497,-0.00216875477590861,0.0008947226510207518,0.005401708671769256,-0.011958145648959473,0.9871466159820557],[0.19087235006614023,-0.011364928821748776,-0.005708063628873106,0.000701182206715778,0.012417847559703432,-0.021453609618701464,0.985654354095459],[0.2743313291948155,-0.026327176971534527,-0.002980469762150051,0.0006833535632981835,0.022953912979630786,-0.0327741844537357,0.9858768582344055],[0.3676554104159955,-0.046917475147232324,0.001473479056812721,0.0002867123876382216,0.036010374258182765,-0.04452851291519977,0.9855878949165344],[0.4475703655676604,-0.06277156451059085,0.0031029698636473313,0.0001829057573046189,0.046334938622180744,-0.05192262665176273,0.985327959060669],[0.4904654956630381,-0.07035139483633657,0.0048924448565230705,-1.865388530775114e-05,0.05006898787780756,-0.055238284953652794,0.9847549796104431]]",e1c333d383695ad5f8d2527947d27a849b8cf9cc77df3a0536413be5d87cc037,54e6606f650ff1fb99be2ce33aa45aca708e39b132d38ef2bc0c51321ddf1ea7,"[-0.2050739941701522,0.007124837354076444,1.1865026845627007]"
libero_90-task25-episode1-seed83,25,83,14,597f1c1832c40c06840c9a01fdc1443ae5d9f0bdafcd70da94fdd09b8eb125ab,true,"[151855,151699,151754,151715,151889,151793,151691]",ffbef05941e43216a2d27f384e9c3e9f92be02bbaa7941510d0f534ae162501a,"[[0.16629788421424152,-0.0003613855737683025,0.008950091551838568,8.273498903443866e-05,0.014453135587444876,-0.0020268884882614913,0.9893734455108643],[0.16414468283033656,-0.0022027747706232503,0.01058886471759024,0.00012455663084010027,0.014765729738940081,-0.006587336057148008,0.990334153175354],[0.1618153441346024,-0.008856888061501422,0.00868068473479866,0.0003865140328562777,0.01598031660853394,-0.013336872557040635,0.9904904365539551],[0.1715582537260687,-0.01026286276861299,0.004082750148398873,0.0004443002466663071,0.01673551579631294,-0.023576347212003412,0.9903234243392944],[0.21375457338378823,-0.013802501723780836,-0.0018221405735232565,0.0004002638665479008,0.01489075548286678,-0.03685211596357618,0.9902887344360352],[0.2813190804138799,-0.020199138273078177,-0.010498361453301186,0.00031960125158247976,0.01164671975450915,-0.05474863977456579,0.9897421598434448],[0.3797677420814267,-0.029831351375513293,-0.014201039823205974,0.0002954698320498661,0.008321551355152224,-0.07540228059289689,0.9899395108222961],[0.4953207935023478,-0.0440981970757548,-0.0185108390683979,-8.484687662990709e-05,0.005649923006117774,-0.09601101356845021,0.9895868897438049],[0.5958741856845293,-0.05395739355567031,-0.026683300869535742,1.8509002377431472e-06,0.003059874203259483,-0.10858354421372418,0.9894622564315796],[0.64661797673714,-0.05822559329075716,-0.033992776301943195,-0.00021271110188569864,0.003006338557071331,-0.11401984440958657,0.9892039895057678]]",ff50afbdd50220f919de2ce63619ec253a1f978d31713906576d95238c4b8152,117b03f59a3ff1b96b91b9eae995a48c325b94d872134eda7633b405efd6c920,"[-0.20921633357168729,0.009114509070685383,1.174135711101089]"
libero_90-task25-episode2-seed84,25,84,15,4832d21d2ee39494ce0f26d98bbf4f6644043c35176d22af408fae64b60fe956,true,"[151723,151908,151836,151789,151899,151707,151711]",b1bd942e46cfd16c48ff95719a98afc9876a56ef6c7e6adbcaffe23629d9c926,"[[0.3407409228534597,-0.1843687994234955,0.0056791520757997205,0.02123979787993724,0.022129358764402696,-0.03625501005904219,0.9866023063659668],[0.3728564494648907,-0.20269367126861226,0.006872262809309859,0.022443941872500206,0.021278468705418163,-0.04340918493396373,0.9870948791503906],[0.4077134495949224,-0.23183820368878116,-0.0003900910010656844,0.024828513701527166,0.018791836749045387,-0.0545161107069827,0.9873050451278687],[0.44240702608375315,-0.2569084639196717,-0.008198465924209586,0.027566714642565326,0.015774356804797662,-0.0695489923652417,0.9873952865600586],[0.47713344622170695,-0.28100780518773405,-0.01728633212090358,0.03155448939580663,0.011199169299601408,-0.08492008621442082,0.9872220754623413],[0.5019335797272575,-0.3032874869839475,-0.031941866400273966,0.034294554408258016,0.005937492147708667,-0.10089002614704157,0.987064778804779],[0.5260703951256538,-0.3266400739523334,-0.04485848724181096,0.036276745198164484,0.002530515799307409,-0.11565299295860498,0.9870362877845764],[0.5428494385160754,-0.3469551118615044,-0.05880479469780653,0.03655818306925651,0.0009612292059983929,-0.1295300215901687,0.9869494438171387],[0.5526962647070519,-0.35806720123581215,-0.07529293963796135,0.03669638273997178,-0.001071566251312106,-0.1386267600508475,0.9869872331619263],[0.546250521987897,-0.35879729949627404,-0.0913928089648266,0.03605479150692226,-0.0010864322988624053,-0.14224498494345283,0.9869155883789062]]",14292ff63b93a1dbac20e271e017fa9ead797f9fd4e454fbaf97205753b2e1b1,0baff449661571693717a0a4498ed608559ec52a23bae7f484cb61e88c24b797,"[-0.21703426215996305,-0.0022338283038662813,1.157223589211616]"
libero_90-task26-episode0-seed85,26,85,13,a94d18d9089ebf6c8c3c0bd3f60fa0b03053629d6c28d012e298931d27efa4ca,true,"[151708,151723,151877,151732,151703,151730,151742]",0052f878838317f4dc12ae39c216f366004646585e65f2eabb247a812565e4fe,"[[0.41666987739502304,0.11272574078624586,0.05391837012132328,-0.01727663306431837,0.16433868463084877,0.00735415404040296,0.9808545708656311],[0.47630440894948833,0.122139734150295,0.08723286547888165,-0.01704262750542429,0.17132032475512915,0.00792976031520709,0.9808887243270874],[0.5376730322040224,0.13225164118210841,0.10727555326104721,-0.01438470160014682,0.17427716870315635,0.007246057120516625,0.9806165099143982],[0.5963111298229968,0.1542806624004811,0.11954115312983049,-0.011414977452740116,0.17442275070521873,0.006627881953079395,0.981270968914032],[0.6488118795249314,0.1655939567285003,0.1120462489275269,-0.007605655239048215,0.1748512742081516,0.006680237013117818,0.9808743000030518],[0.6816831632237097,0.1751526782609858,0.0848147563788757,-0.0048758241632169685,0.1748664878252839,0.006009650650838694,0.9807101488113403],[0.7006132890529315,0.18205914335830187,0.049976752912471056,-0.002130785217638209,0.17439005930339135,0.006042208836852581,0.9800745844841003],[0.7030490164507981,0.18576703393421212,-0.0010064396331586067,-0.0012331425514064964,0.1727595806025306,0.005365447646191512,0.9805710315704346],[0.6971700032577743,0.18598720114795242,-0.04903724141993848,7.452200112467722e-05,0.16777090446146303,0.005161547328379257,0.9805833101272583],[0.6781697756613383,0.17822774184544699,-0.08457966672392558,0.00020511773696618718,0.16188238060314575,0.005186901547947542,0.9807813763618469]]",fb4e66736fb512ef8e9b36b08b7cdc5ae82064b4e70da7c5098c99e4f0e4cd3b,4885a3b2e5c95344e59b92902cd19ce7e620232912530e7ae9d822df215e72c7,"[-0.2011494923061836,0.005757502886422391,1.195544547259772]"
libero_90-task26-episode1-seed86,26,86,14,ec374a352565a1451671cb93e715a6560ed2d5a10cdbbfc93629a8f0ac0f182b,true,"[151708,151697,151711,151770,151835,151767,151740]",77bf8461d09223e6c5c825278d937eacc2a173b538e64fe381f08e3c2bde5594,"[[0.25957455403870355,2.2164572328620125e-05,-0.0034796422634428836,-0.013665446876930387,0.12278300721186497,0.023546219390363277,0.9801713228225708],[0.3107829238055224,0.009880592311972691,0.025442058639782772,-0.016235447671191894,0.13305728322262667,0.023012190293330903,0.980577826499939],[0.3688922563314918,0.021785099158080357,0.043921597180315075,-0.02195527697806776,0.14844111014451755,0.019989929897588965,0.9805107116699219],[0.4197652147461106,0.04476284837011235,0.05905631958825097,-0.028795440888521817,0.16177622292224214,0.015949851956889916,0.9809591174125671],[0.4728629772312978,0.06464072931159137,0.07528919965818659,-0.03567081913814851,0.17068039950186176,0.012721876218023453,0.9801671504974365],[0.5048695547485949,0.09242279772401218,0.08539757931464464,-0.043262905161931986,0.17763647836602559,0.007921639480304776,0.980334460735321],[0.5275365285593558,0.12302204298450192,0.09886420722307321,-0.04934626530669228,0.17857269179211244,0.004872116281676497,0.9800926446914673],[0.5377529340923459,0.1505572945204392,0.10241236161806455,-0.05517756054723333,0.1738926574398647,0.0011672192525100655,0.9805602431297302],[0.5420982724764549,0.17357604321361464,0.10203211251513267,-0.05761603356994671,0.1658242367465732,-0.0012789296551964924,0.9803732633590698],[0.535400551868598,0.17975189755695453,0.1005354686450346,-0.05726055884267489,0.15926547956743775,-0.002371331642367025,0.9803893566131592]]",74929779d147c076aecd72788dbe462f340dc876857d5d1839be2107c04fdf49,1bbf4a017237d92f87bbc12e674b4db61f94b78bad1b79af1850930621b37402,"[-0.21166720341105064,-0.01548159267719094,1.1732321949532731]"
libero_90-task26-episode2-seed87,26,87,15,33b8b523dbca2e36db3cc35136e7a0bb65cccb5b409910356811526d2977bd18,true,"[151708,151697,151711,151770,151909,151832,151860]",c94421dd520c18646c91ea9a6ec7ba3592e4e0fefcf27c8d41b60e293283950d,"[[0.24960059114144428,-0.003497333387727508,-0.04285873951840813,-0.021177996111057418,0.09242659769751072,0.012798593782768819,0.9784908294677734],[0.2890302748074447,0.014170778018822716,0.0008493223228072111,-0.025929707932974777,0.10513910411771121,0.013222898050614162,0.9791146516799927],[0.3359714422908908,0.03798245667731237,0.039570464136886585,-0.03616398599193893,0.12958663212680221,0.012460381591848702,0.9791851043701172],[0.37519417565166435,0.07297243887215643,0.0781017544100564,-0.046773763703752635,0.1531254742207011,0.01110191934782101,0.9794638156890869],[0.4269201860496885,0.10191920004515964,0.12451551467137278,-0.053081172313075964,0.17122320388335766,0.010753640315478208,0.9784992933273315],[0.46486828564059834,0.13368857049748328,0.16565067042711235,-0.05621206481311636,0.18745819891989868,0.007668864460269376,0.9791349768638611],[0.5031952349583548,0.16432184532732208,0.20885601062980186,-0.053632346854507684,0.19299571722262954,0.005100285546189909,0.9789595007896423],[0.5373801763326753,0.18893465384735464,0.23548338541928615,-0.04803259327648779,0.18983986486250615,0.0017251617758216042,0.9793164134025574],[0.5659637746120687,0.21000623468232504,0.2534027062981181,-0.0405484111489165,0.18264561145963398,-0.0004702516763757103,0.9793878793716431],[0.5742791332286146,0.21493396232095563,0.2630351739526873,-0.037154786088450464,0.17626983476958458,-0.0014696382941927766,0.9794585704803467]]",656465611f8d46b18095a7f298d4a8c30aa462678802f1a75b474ee7615431e3,ceeef828a58f37f9aa715f952e9144ba67a98564122f25bb783a06e28f191806,"[-0.21576384398141388,0.01240696406204029,1.1748061021539344]"
libero_90-task27-episode0-seed88,27,88,13,83298178a5e4c2480d9feb3dba03a7ab098fe5014afadeaa91ca66f9d1f63737,true,"[151888,151859,151806,151694,151739,151900,151714]",5ee6368e2154c5604372069a628d45258cdb83294813747bc5df1d45706119ff,"[[0.03180548072395517,0.18297455927353212,0.034402265100311524,-0.04906707908621821,0.0016298736372988287,0.0034985724871159363,0.9829128980636597],[0.03530743481169907,0.19822985121479064,0.05131144692052203,-0.050602114210781535,0.003486729372198738,0.0054063137831192876,0.9839673042297363],[0.036121286310667244,0.21389841792597508,0.06540982125642358,-0.051340627929242544,0.00865360940323967,0.00737211717751407,0.9840588569641113],[0.03073709094428345,0.23464395038715224,0.06941259282990586,-0.051541504694208484,0.014877567699869587,0.012274145025529037,0.9841709733009338],[0.031297507779790124,0.2609885769906839,0.06891527680039644,-0.05487039479940825,0.02184520573527493,0.019576141549594084,0.9836869239807129],[0.028027578181012203,0.30037780351221954,0.05981255882943515,-0.06317664164828884,0.029866853493388135,0.029383415641023092,0.9824352860450745],[0.022068177508078435,0.3490162054836077,0.050121557711577225,-0.07595809946881693,0.03796053753001161,0.042764474572308586,0.9831444621086121],[0.014951523795144084,0.40114017834440574,0.03159222204556045,-0.09270514774715366,0.04579491479734088,0.0540477197630338,0.9834039807319641],[0.008333528496851983,0.4456614124193692,0.007988766780698597,-0.10490417553181142,0.05098051393301262,0.0602949246182547,0.9828729629516602],[0.001760251769207244,0.46573609087033674,-0.009685663629056762,-0.10688916242883773,0.05247119021743174,0.06299265100352258,0.9830020070075989]]",91231953bd6f5acf30c1abad10f39fd2cbfc0d09751f65c5765bcfc7584e66d9,90ef7d9735ea3bc24dcc2302a08f70e66d4a74c811180013c5b95020cd42454f,"[-0.2204370064949547,0.0011741798558395254,1.1624006114784688]"
libero_90-task27-episode1-seed89,27,89,14,75737e57de2ea0fc2132e2e59c941fa31267094ac19f6e16d0766e31e1ac1af4,false,"[151888,151882,151783,151695,151839,151666,151783]",0c1ef5759da043d4f26c03087790fcf1275298bce63fb61ce549d690ce2d07f9,"[[0.10519960303931697,0.34162420403085036,0.06024861129009196,-0.0621679575399019,0.0002129913404189665,0.028335753092219917,0.9837804436683655],[0.10124763798495984,0.34588497260997997,0.06118132455492287,-0.06365183220944082,0.001647986977800997,0.036337002151537234,0.9846652746200562],[0.09051672609373185,0.3455618966985696,0.048830982209437934,-0.06276736723616994,0.005801880427370065,0.04987840079314054,0.9850404262542725],[0.07722943936773774,0.34666560273095115,0.02920654659965294,-0.061151143496291915,0.011294979337520772,0.0711766936945466,0.9850064516067505],[0.07489829073972665,0.3460151459626104,0.006000430898552622,-0.06159267003509017,0.01890566082187206,0.09537771728350108,0.9842458963394165],[0.07631776323643535,0.3403345653514833,-0.024754535890792795,-0.06507470006653993,0.028171508377965893,0.12026549405813469,0.9834330081939697],[0.08323669288428626,0.334576598219698,-0.05428554175375666,-0.07030999999904508,0.03666942576901988,0.14530809062074468,0.9841518402099609],[0.09498796513281249,0.3246263316422926,-0.09518399735711114,-0.07635613408399866,0.044659772403633724,0.1674031234994331,0.9843615889549255],[0.10718779157319247,0.3121884215465087,-0.1385789706922651,-0.07963699205204078,0.05015816430199038,0.18055453494971374,0.9844813346862793],[0.10938818363036695,0.2935871619491337,-0.16999828136951578,-0.07899266930840554,0.05205740366477585,0.18584288251522452,0.9845325350761414]]",4c4874f0464afb409804da2fcd6cadb650ce6bc8d5d832a69bc2eb96c30859b6,1aa092619c2b26aaf79fcd9e63baf7c2c3b0f53a566156808771236cd6a965c3,"[-0.2003096887194727,8.388019467035297e-05,1.1833810701393588]"
libero_90-task27-episode2-seed90,27,90,15,fa08258009905441846d52ed6027103f0f14e404d56c8d06e3df7d8ffeec8f08,true,"[151920,151810,151665,151905,151858,151670,151903]",fb28964f1ae9c473353ec41bca75e4652aa8283bf1c93b02f3c752d851da93c5,"[[0.118548162594589,0.3529450832628811,0.014177097062258781,-0.1311500334158313,0.13656872905681894,0.22321230768831057,0.9697900414466858],[0.10140329216077681,0.3475491415495924,0.02058001364113693,-0.1341702905090738,0.13888956039201616,0.23187050235266327,0.9709547758102417],[0.07345038906286305,0.32956820410191767,0.011076079356513446,-0.13174714532109988,0.134890007697976,0.24810532371126826,0.9715031385421753],[0.04272444899322636,0.3169997106586919,0.004960424485062731,-0.12724020822312232,0.12817613517967175,0.27087947544236357,0.9727994203567505],[0.018037943918916,0.2903821300094478,-0.0017319378856939238,-0.12300793558823031,0.12213811667885466,0.2944136175660681,0.9699121713638306],[0.004362492936552442,0.2465249850303053,-0.011483328938624027,-0.11770833442004514,0.11661620921563554,0.31594966007178016,0.9761738777160645],[-0.01107883392245057,0.20011275238630333,-0.01727306380786331,-0.1120745569246957,0.11370437056319815,0.33241339915894486,0.9771004319190979],[-0.020263401478825216,0.1387950558738993,-0.019002039661444314,-0.10803422827690823,0.11222825247898527,0.3447836012609038,0.9766823053359985],[-0.01869379289250972,0.08699610639986588,-0.022310763798486732,-0.10223895021817819,0.10885078975337592,0.3510828617905446,0.9771134853363037],[-0.019456789708964806,0.050306285716814614,-0.02236329102953505,-0.09812263759011097,0.10640225142319082,0.35214133964481675,0.9783712029457092]]",83dc08f0434b8bc947dcdc6aff1ad9645b69b508ef7f32d2f4a85abc751291f3,3805fc38b107692d21b0b3cb45b901138ccacec76b9299831e9cd695c32cd476,"[-0.20485369773370274,0.022480024675571614,1.1660596258701457]"
libero_90-task28-episode0-seed91,28,91,13,b89f29090b3d455ad1c3fa461d66ecf8e21c163287ef08d2d8e4833bbaf08bdb,true,"[151833,151808,151870,151715,151707,151869,151784]",5c16f0908419c7c1581cfb93da79c0f4e5f26355d95a0905d3aa7bda30ef178d,"[[0.024187387480928635,-0.002301481021476093,-0.034221395341859306,0.0003919124574935928,-0.00538642413958712,-0.00017964179880003428,0.9845812916755676],[0.019017426293569173,-0.0016967386746102875,-0.021642215548013155,0.0003325113303305205,-0.0055087984241311005,9.055372191291156e-05,0.9851115942001343],[0.012955256783056868,-0.0033410228658681262,-0.014041437851943783,0.0005324560595898475,-0.005184982740416899,0.00030736504452377744,0.9854835867881775],[0.014776975692143424,-0.0006343396194807838,-0.006251190829743791,0.0006800129996764603,-0.0046593582268315,0.0006695093733242174,0.9851182699203491],[0.03683144193357357,-0.002159110323205482,0.0006125129661995743,0.0010064100585172042,-0.004385076173832658,0.001032926091003361,0.9855544567108154],[0.07397915415586809,-0.008546111994434114,0.0032006530407215905,0.0006523287707671521,-0.002693484809896063,0.0001135315681342064,0.9839051961898804],[0.1312715450545916,-0.018856661512387518,0.007413861151064793,0.0006772999452433481,0.001611790088475118,-0.0006226202446004692,0.9840766787528992],[0.19914003241783007,-0.030924141296040375,0.0060578723196158535,0.0006042689493805931,0.008474035096057264,-0.0016378930118001733,0.9840024709701538],[0.25995614073631046,-0.04059837886664752,0.003833873725199055,0.0006691884661729208,0.013928384963094231,-0.0024966806585204893,0.9837353229522705],[0.29570971951377345,-0.04572018779914089,0.004924332489508743,0.0005841240588109198,0.016067228865153993,-0.0029770823066357366,0.9829895496368408]]",fabb4d3bf4aeef9cc859ade984b3a46fcc36caf7098441fbfa1d190710e93fd6,b6ed8d5756d9dde374b691bf7bc2e0ce555f369960c7660e73df4e980e793b67,"[-0.21631774178209734,-0.010503935905883183,1.166972607557508]"
libero_90-task28-episode1-seed92,28,92,14,e41cd1a40d6dcf41eec17ceaab948c8d38bd5cdcf2532313058e82a09571ee3a,true,"[151833,151780,151718,151908,151816,151871,151720]",6c02c22276654337071e30ea14e649e06a761ec7cb159ae5adf999344c50c0e3,"[[0.008390386857161758,-0.003304738325056178,0.0028266285784752654,0.00048195079798296625,0.00048628033746922483,0.00035758698203025574,0.9880055785179138],[0.01547711047049205,-0.0013471155991595651,0.008693079414058502,0.0003749697094010962,0.00023549398821387513,0.00036967467637794016,0.9888052940368652],[0.024642607520924287,-0.002193857383474551,0.004878575920258754,0.00023499824803563385,0.0002495357993268499,0.00037023602441266235,0.9890607595443726],[0.03275688707597091,0.0012736737342322613,0.0011105934252668703,0.00019249372858354263,0.0004501132398218033,0.0009847624296241975,0.9887680411338806],[0.04000906498622747,0.001685923517129595,-0.0011413068480123911,7.563079469363743e-06,0.0003882160625465758,0.0013730281536403766,0.9887845516204834],[0.03898821903734273,0.0017512151908505302,-0.0035564674340093916,-0.0005973926906568394,0.0004888126301381135,0.0009508195851246626,0.9876058101654053],[0.03449874824142363,0.0003950548533282472,-0.002196984067438734,-0.0011591241513793094,9.413247393297297e-05,0.0006489640352533854,0.9879701733589172],[0.026783183523580334,0.00017242767071934395,0.0015370359143389578,-0.0018495319080722439,0.0001096340772903659,0.00016382835204531432,0.9882330894470215],[0.02106600476292897,0.000952237802067657,0.004213576807018171,-0.002307106071561593,-0.00038382535412040397,7.861572037448639e-05,0.9876290559768677],[0.01815788504078064,0.0015810673441052359,0.006060111006178204,-0.0025149038937548607,6.778669961704509e-05,0.000339174766491368,0.9869770407676697]]",8f1edae11b5e2be4b4c96ee0b80ebadbab015e011378e94c2ea7069c0c80042e,c1dc609e813001c1b001eef601b9067f18a24d0009b63e9138924b0dd90a231f,"[-0.20857257378902935,-0.0035818745085881756,1.1710174307103915]"
libero_90-task28-episode2-seed93,28,93,15,be31b84a8cc339b01810b4adfd351139812bd9c435f2bd5763d23fad8ddc2442,true,"[151775,151888,151689,151851,151809,151726,151755]",8ad033809447e5ebf1b632315c33852888cf7d67fc06535f2deb2b082b3a81af,"[[0.04382378420036481,-0.12173153461048969,-0.029552041193909417,0.0006768754537334054,0.0006327163676473901,0.0019530503663176546,0.9896296858787537],[0.03928548937765797,-0.12669564928863508,-0.019792842039066727,0.0006288340884994525,0.0003279375664675399,0.0022233955798398597,0.9903688430786133],[0.03067798120479992,-0.13619594656049117,-0.014709276274970762,0.0004278096743126625,0.0002365069052814306,0.002197330319427593,0.9906253218650818],[0.02553128426890261,-0.14171796167829598,-0.008256999387498354,0.0002958666393308995,0.0004254655911779537,0.0026783494503810346,0.9904428720474243],[0.03075170283656803,-0.16188709268394774,-0.001565292242077021,0.000106478829362322,0.0003487818108283136,0.00299846752298194,0.9906384944915771],[0.0372554516779644,-0.20417800623405924,0.002662221621420713,-0.0004952932544393107,0.0004593983129410617,0.0021598322707081508,0.9895762205123901],[0.050567591864249195,-0.26150225078438893,0.00692091329045752,-0.0003969035048956293,-7.66569135635109e-06,0.00125959842742418,0.9896896481513977],[0.0671477634276556,-0.32820722786969014,0.00808120815509028,0.0001414993789325969,-3.388236839896308e-05,-0.0002687464435116027,0.9899053573608398],[0.08320482041833621,-0.3841295464116712,0.007134298341327394,0.0009387405749865518,-0.0006291598262180287,-0.0012947222465733432,0.989403247833252],[0.09261788088850231,-0.41235574170357836,0.005946320206277278,0.0013021514478790408,-0.0002539137749266729,-0.0017386549840328058,0.9889652132987976]]",ba480b86cebadd68dd2f556efa8cb2b7897c17a8ea69ba14a4c32c6553e7f2da,22209cd119a4e31927a9130865f642d2a302f5f4733ee9b8ee8f00d31e12a65b,"[-0.19852904621198122,0.011947053443392837,1.180990541495946]"
libero_90-task29-episode0-seed94,29,94,13,858cc9f6cf495cc3dea15afcd79c1926d47034855c0cb2424e4baa5f28191da9,true,"[151804,151827,151875,151728,151878,151727,151757]",9cc5befed97caca0b8e8be68f84e79523755ff5ea5609eba8191f912a1a3d060,"[[0.22202252060361616,-0.12331047587867516,0.033551345798173315,0.002642455706294289,0.0006298166442775255,0.0008813995448306855,0.9868413805961609],[0.29096063379783743,-0.17605953707885647,0.05220342701034042,0.005227184510335547,0.00040524697206478777,0.0010710977573644698,0.9869447946548462],[0.38218228002824617,-0.2557823619207156,0.06325860727633881,0.012502655236159566,0.0003431909058377869,0.0007483226373992125,0.9873260855674744],[0.4819562535694111,-0.3400269170391823,0.0735036014152115,0.021003005441999623,0.0003645912615297675,4.966887338397896e-05,0.9872342944145203],[0.5760402414787684,-0.4059823723598299,0.08058494922670434,0.03152740499185702,-5.2045361698560555e-05,0.00023251863989415256,0.987389087677002],[0.6535674986549402,-0.4496378511410981,0.07600809105525741,0.03930325892714048,0.001092302660651967,-0.0002933709106347493,0.9868456721305847],[0.7192076503724358,-0.474962308155078,0.06635673107018647,0.0448879061442522,0.007395328071908125,-0.0006610912965800964,0.9863766431808472],[0.7708567607210348,-0.47901136566345315,0.05411297204591392,0.047539372396117496,0.018210899019123872,-7.453873509888354e-05,0.986330509185791],[0.8083194453042069,-0.47287189835962806,0.04038698410892039,0.04922838720187439,0.026640573605391182,0.000633190155477692,0.9867403507232666],[0.820749883603483,-0.4625119444668968,0.026833757252006762,0.04879284045652055,0.029709215792109944,0.0008634738309218903,0.9862661361694336]]",8dd1d076c91b0add8b9b9988e2cb104a4fdf0b255107a81988114561bc1c6783,2c19b8f0acb1f45e2dc4aadb2d68b2da6426fe83b1cbf0ddfa51d5928d200a60,"[-0.21441611239330127,0.0023887157235664776,1.1568706851771484]"
libero_90-task29-episode1-seed95,29,95,14,ca4e9e396e1b84f8f93cdd81221be0a198afc9b1d3a5b7ff360354ef9d62dab0,true,"[151804,151827,151835,151816,151718,151888,151729]",7f9307094708bfdce4f60c2375e1e2108f33b1356a8484aa4849e65cad5f3b43,"[[0.13063824533642077,-0.023302491499528344,-0.002855703937882481,-0.001301365719515335,0.00024359732475431883,0.00023794500422980036,0.9886893033981323],[0.1822521282226539,-0.08007888048307876,0.020524374089745834,0.002610757264193131,0.000763193988731814,0.0008959945937334624,0.988791823387146],[0.2525600511376922,-0.16477401989931195,0.04126531367091957,0.013866731019131606,0.001607311406147005,0.000711311090309863,0.9895103573799133],[0.3357375637249582,-0.256529116220392,0.058438332892819744,0.02916915163644651,0.0028056320193030615,2.83373568699119e-06,0.9892292618751526],[0.4252043702511479,-0.33430333822220604,0.06929334181887725,0.04821499677457286,0.00345599429059007,0.00023949806712586508,0.9892286062240601],[0.5141650137654494,-0.3988762397893453,0.07332898386334818,0.06551623717529242,0.0037175552968875536,0.001076037620070025,0.9895721077919006],[0.6023860571488271,-0.44947267448144146,0.06799217350715026,0.084779255861136,0.0027610537377711353,0.0015292138885012463,0.9892035126686096],[0.6844107753097504,-0.4749446271288349,0.05445565489628734,0.1022013840614262,0.0015599525679590442,0.0020046943855120958,0.9891723394393921],[0.7519509144711378,-0.48878748694470175,0.039115410141505436,0.11596417397217884,-0.0002454430076852532,0.002103828448444034,0.9898568391799927],[0.7841660315024903,-0.4909079801094407,0.026631947848727577,0.11922094666106986,-0.00013497546396479265,0.001957354034583858,0.9890717267990112]]",f7df07fb891d123a74c97899e1a0aeb34559d90f4342292d00f3a6e5f631647a,933ac59a8fd1ea15453197de186ee8137ca48d53b531bcd6e6fefae666c6687f,"[-0.20498368415962664,-0.0022470258839222506,1.1752580655661462]"
libero_90-task29-episode2-seed96,29,96,15,87f6461462452d9cd0d776269e330fd462e207bc49477dda616666964ba984a9,true,"[151804,151736,151803,151865,151672,151844,151785]",07f37b425ae231f9d7a2166eaf48d26517f3d07669cb0da3885adffa603ba8b4,"[[0.1482989464691613,-0.009427293342909593,-0.04534417302161842,0.0017817530295038964,0.007484325746020204,-0.001674960693692995,0.987687885761261],[0.14994077576779574,-0.004112530602284892,-0.029361698233998368,0.000768639444491459,0.005917104709084242,-0.0005755231444872777,0.9886035919189453],[0.14732917592623807,0.0006505841195547646,-0.015645702483368495,-0.0016337241156478832,0.0017717316795540228,0.0003029491066506296,0.9888458847999573],[0.15524193497288863,0.008162099059845218,0.000888253628147595,-0.0039023636220789637,-0.002223729623977988,0.002071214127626675,0.9886106848716736],[0.18433001876596222,-0.005400221806297623,0.014227549413078577,-0.004933721113942635,-0.004482038156652379,0.00403101109804993,0.988796591758728],[0.2232125731480501,-0.055928751107749974,0.018113308662094596,-0.0051009154004022506,-0.005130523552196564,0.004984741409042925,0.9874998331069946],[0.27576355950684217,-0.13019669748217666,0.01428564605947713,-0.0029886733311561553,-0.004605951677916664,0.005624434917811172,0.9877346158027649],[0.3361493453903073,-0.22209780320547878,0.0014407723921578963,0.0009912575572275095,-0.00257238163696627,0.005836643186537316,0.9876765012741089],[0.389497761423506,-0.3031838607953574,-0.01268015261570099,0.00520988186726723,-0.0010980212617823781,0.0055629673080090924,0.9875713586807251],[0.4179758538945606,-0.3479018923798094,-0.0232779855976446,0.006798264500938789,-0.00017111276993375668,0.005121223827885046,0.9870100617408752]]",32a74d6271adb6b114ca1af50576df6a54f21a5565fe78236405cbd3afa160e6,c4c1780f61d49009e36790af5cacc523325fbbfedc02958a7c7808f8a7f0e7ba,"[-0.20672059554104488,-0.004900741901239192,1.1745037231251747]"
libero_90-task30-episode0-seed97,30,97,13,14fd094b3374e2b0c37ab298584275d4e36579c14f6c800f960485164bf6144a,true,"[151833,151777,151847,151858,151904,151746,151751]",e198b083be16a68838258195f616821677e5310725d74f0803ebd2119f320f83,"[[0.0531013204732087,0.013999092691534543,-0.0008313306622937944,0.0005573626375319218,0.000670025479635683,-0.00043340853369677745,0.9871839880943298],[0.05885332939401877,0.013150300933162384,0.010757858251992047,0.0004582438699602953,0.00031218769912300104,2.0029697150647507e-05,0.988116979598999],[0.06489342655969033,0.008620575757731785,0.015298460621551158,0.00028417466665486835,0.0004311359406443671,0.00021455550278304258,0.9882889986038208],[0.07618652107401225,0.007370501577668165,0.021363335529514416,0.00014159165969562792,0.001009918739157456,0.0010896596657126167,0.988118052482605],[0.09708642710151238,-0.00568527069894742,0.0264883442960695,-2.5012029880588926e-05,0.0021898082339077973,0.0019502436261440437,0.9882227182388306],[0.11805374207015618,-0.035037619239162154,0.028039044256331636,-0.0006723984948484585,0.0040899810692849314,0.001903277507238954,0.9868364334106445],[0.14443346086189024,-0.07585188522654107,0.028495954723496197,-0.0006719647752622127,0.0062248229558719,0.0016673803514475338,0.9871088266372681],[0.1732192418200249,-0.12427960111420333,0.024952823722742323,-1.403984715619977e-05,0.009136959525093857,0.0011982056640267302,0.9871959686279297],[0.19870582525012281,-0.16615447242941173,0.02025283779036613,0.0008582071530893742,0.011004848111582533,0.0007897875455640246,0.9867374897003174],[0.21244524188783487,-0.1891010620357747,0.01714483101437736,0.001149648258893965,0.01218326788352897,0.0005731072041612606,0.9861626029014587]]",79820ca35bce9765b9c21c1c9c6c995003e56ffa9e4c78f064244f832e1a2d87,220bdf2d8d8c0785f132b2f775ef0cfe01fd670531f5b6931cf07119000361bc,"[-0.21952957616130228,-0.0024108071097942874,1.1692747199995925]"
libero_90-task30-episode1-seed98,30,98,14,ee7b95269c1a233456c4a64c4052ab661c03d1ebe25cce9172660a2a9dd0678f,true,"[151804,151903,151771,151746,151907,151852,151787]",2ec527fedab2a6659de0ed75fe0ab8ba16052ffb2093c44d6d2a338aea9bf3a0,"[[0.13649545105274186,0.029469529410093287,-0.08697555276464186,-3.6398051626029826e-06,0.01663335020032264,-0.00797053503790579,0.9822530150413513],[0.17853196693381435,-0.02601183971219001,-0.06362845441222476,0.001909709535522719,0.027302306367289475,-0.006966844751822521,0.9821645021438599],[0.23914500967975982,-0.11078908058941295,-0.03297859668708725,0.007400645637776426,0.05211766229973591,-0.0070923995955887165,0.9826205968856812],[0.3015980030916303,-0.20795908088381054,-0.009431927617953306,0.017325607807136878,0.0788129128650894,-0.0072927259975799075,0.982502281665802],[0.37243539741470855,-0.3010574739552041,0.013002387240248936,0.03300675790400742,0.10108052417808722,-0.006173210900332293,0.9819135665893555],[0.4448371029613405,-0.4016924941490885,0.02901292751306528,0.04868810179048033,0.12111260766187115,-0.004573949061009941,0.9826858639717102],[0.5250354670207606,-0.5023152657479812,0.039687967880354336,0.0680760132610101,0.12827190549535317,-0.002345584479174434,0.982395350933075],[0.5963844100078681,-0.5818171546358286,0.03175111418937604,0.0837859088155648,0.12744540489046585,-0.003963202399232202,0.9823977947235107],[0.6536901326028755,-0.6411728722274646,0.019272020065500328,0.09642176604818253,0.12303687203456093,-0.005670523735238575,0.9830524921417236],[0.6795082426524814,-0.6691084324474161,0.01142165611878454,0.10012132029424903,0.11906333740637365,-0.006147725699555906,0.9825255274772644]]",1c4f4e503355c0c38eb4ae8610c4d6c09f8b3a6c525b8021b3757060aef24a6d,8dc34a0a68e66b1ef8c491de15bd8a0eec0335913d6981fc377caeb17fd0ea17,"[-0.20403610985861748,0.006317890653844266,1.1650633326219684]"
libero_90-task30-episode2-seed99,30,99,15,33646785ed0c7ef606e4fbb0564b3a2e5f9122e304ea711493f97330b034a29c,true,"[151804,151903,151771,151775,151852,151770,151709]",5f252fee7fd050fbb0e832ce0ba4f19e2c3e9c33340ab4a414bec97afb891da5,"[[0.12861527078707624,0.020512270265982124,-0.031801593576403775,0.00032839560829933667,0.03401619874671269,-0.009698457846786468,0.9834864735603333],[0.17039159786716596,-0.026583372479329626,-0.023214920159119856,0.0015263752458918312,0.03726180350346908,-0.009017935624292761,0.9834699630737305],[0.23199136271687237,-0.09751150111981133,-0.0182795991271405,0.005662675887231572,0.04319477654604498,-0.008939440457437442,0.9839614629745483],[0.29594880715308847,-0.17843658449685051,-0.019649293088519926,0.014969559961962808,0.050512446942207134,-0.008619303673235379,0.9838393330574036],[0.36458973829637387,-0.26118204483665863,-0.016148041907115385,0.031131815816895614,0.061430699874506445,-0.006870087062237573,0.983511209487915],[0.43151079232966794,-0.3567310793946987,-0.016109929633444153,0.04873878238553697,0.07506635110451043,-0.004249246646125471,0.984312891960144],[0.5020485324991881,-0.4578970428693907,-0.008184869998501654,0.0711822760253975,0.08768678137715824,-0.0005908853690375082,0.9841711521148682],[0.5632819847139174,-0.5431344004237459,0.004526610710968271,0.0897946230511093,0.09903198878399166,-0.001642627046892997,0.9839531779289246],[0.6104248051398287,-0.6078292754472869,0.011975266925020378,0.10485201978642422,0.10604481086505757,-0.003629537127393334,0.9846985340118408],[0.6322991169026686,-0.6388380030256968,0.017284339408689675,0.10963312303136696,0.10706575182467759,-0.004003132956102107,0.9838974475860596]]",c981afc4324b7097cd4cab00507baed80b711f67bcb0cdec0cc4bcca84a842fa,4d47af1e94d165586bda2f6b7e54d72ff928f625bdf94ef989a00b36cac17ffa,"[-0.2061648645360715,0.0030514120230975923,1.1643110188178254]"
libero_90-task31-episode0-seed100,31,100,13,5f014363282d93e4d5e02ffdd5238c2d6a4c5083837739a865cfbc923fb82d41,true,"[151804,151903,151919,151852,151852,151802,151742]",19d4919d567b6bf9aa8e995e58d9a487abcc96a1150788525636e066b789b3a6,"[[0.1925405778892042,-0.10876104125465247,-0.014348083308874493,0.02293748707741905,0.012533399549880642,-0.00026470473766160296,0.9844778776168823],[0.2284815067296755,-0.14149026080989557,-0.00972503175128736,0.02610194209097383,0.014523622698675354,0.0005735937057913532,0.984628438949585],[0.27422167378564666,-0.18778584993004444,-0.012625386698090324,0.03407673489519958,0.018143132881192514,0.0004614550800550177,0.9851260781288147],[0.32724465516651335,-0.23401686486739237,-0.014100408132122766,0.04503118125693417,0.023690978965788645,0.00024969588975665147,0.9851021766662598],[0.38828678429616303,-0.2792337576386572,-0.012306455766122326,0.05954426913958688,0.033815621306217736,0.0012395395909834406,0.9849852323532104],[0.4500462646331371,-0.3232038049389985,-0.007216665361340802,0.07229176763931955,0.04737139111571764,0.002428942518553967,0.9852290153503418],[0.5146094625011628,-0.3655227518843418,0.003786642898944592,0.08698568890520786,0.06122775896085386,0.0035838786767925512,0.9850053191184998],[0.57664987964327,-0.39810150334378847,0.02301139105418315,0.10036743308925278,0.07537050428044267,0.004267469601876073,0.9849622845649719],[0.6280282064653626,-0.4195648342210845,0.039234988765201706,0.11108746785673596,0.08540168019499106,0.004115999190506869,0.9854304790496826],[0.6527029690522177,-0.4255565496447389,0.049427674081471196,0.1134270989541668,0.08814863183772559,0.0038834888345249396,0.9847011566162109]]",2fa3567d65d6b144ea56bfa31dea7666d085a6c6158d91e75c32529dd51f1f6a,8afd0d1546f1d467c55a96e98cfd86d27234f08c98bdc02ef3b20b92e837bc78,"[-0.20303310988329407,0.012573899116192725,1.1875500439820368]"
libero_90-task31-episode1-seed101,31,101,14,2803ca73f409ddcc57e770a4bd60690ad292336e4f82dcaa7fa43e61eee95030,true,"[151833,151878,151752,151857,151743,151667,151810]",d2431f3f8478e5f8897cfc8d3bf973499ae8e82ebd2b47153957d5bc3b5bcd97,"[[0.003017139373818978,-0.002075266384267138,-0.04164493458472407,0.0005694606455652895,-0.0016123249375539217,0.0002641599574513265,0.9871538281440735],[0.0005673298199440069,-0.0011854751447515355,-0.046844966652173525,0.00046952057920268686,-0.003001212987243207,0.0003244487363804893,0.9879449605941772],[-0.0013260359204956274,-0.0031796899075686724,-0.06227120973221645,0.00035823920706357093,-0.006403055236390287,0.0003301370631323408,0.9881855249404907],[-0.004061240893161511,-0.0009671529076626939,-0.07633693200557445,0.00046981587764438615,-0.009555690095240266,0.0008092663223688845,0.9879026412963867],[-0.004016389888445104,-0.001462836634686937,-0.08420826316302055,0.0006743838731315677,-0.0111987309538506,0.0012604778726785781,0.9881508350372314],[-0.005652833534938395,-0.0013503955576510407,-0.08587051523662126,0.0004834180621151596,-0.010719005486208744,0.0009097663321853133,0.9868906736373901],[-0.004204269687729578,-0.002114523387461986,-0.07743285098101182,0.0004999363186977135,-0.00861213798569338,0.0005497551259168176,0.9871770739555359],[-0.0012659549978391027,-0.0008677291658898412,-0.060652803153971035,0.0006205103636740539,-0.004548523252410064,-9.341874066670641e-05,0.9873901009559631],[0.005161291096339227,0.0012983759216211865,-0.0426341610347265,0.0008475764091881999,-0.001209759917117026,-0.00032867970201877483,0.9867045879364014],[0.011649633441036755,0.0024339590505917386,-0.027102426675696734,0.0008150105279145503,0.0005770853734077264,-0.00018834269333822817,0.9860023856163025]]",24e384adae620af2cbf33c19f3412d8b02d8025372ebdd13b8e56dc715b16e5f,4bbbffd9f70bc1707f7512413b59202e804543d4f212a31e401b4eeefd999ee4,"[-0.21128323675618535,-0.003746155345651572,1.1802928607483272]"
libero_90-task31-episode2-seed102,31,102,15,0640cd6f697911e70a68c9bc3d9c37073bafbf5c576169d0a5dcc6b4c25a5121,true,"[151855,151888,151870,151732,151787,151799,151704]",286dd5d84e7589eeff05d4ba6c697ec3be20da2b447aaae5aa84043902ca16b5,"[[0.01792281456822664,-0.0024554340731697266,-0.04157722796674079,0.0004924615768922003,0.0008155181066626938,-0.003596005938119262,0.9853916764259338],[0.017771133414481,-0.006216111481052167,-0.01896551084900011,0.00032425220203924354,0.00042163239521642026,-0.0030436956067561027,0.9861432313919067],[0.021072405742932787,-0.013246292512718583,0.0006974738513463308,0.0005113422210083485,0.0003605991766164607,-0.00249349968632373,0.9864727854728699],[0.03785396538066621,-0.016259805626113177,0.0201560282470723,0.00037412995445751385,0.0012991760758609416,-0.001579793490206427,0.9863150119781494],[0.08613059801635714,-0.01672161353184265,0.038976502370417165,0.000663097935812873,0.005613507644483207,-0.00014818759725443442,0.9864882230758667],[0.1606075454249165,-0.013670380895796086,0.0528080907906201,0.0003823429423672753,0.013543218282876524,0.00023770175341475408,0.9857355356216431],[0.2640973540753322,-0.008485022767530381,0.06657754200819,0.0004504369174078704,0.02622998469288973,0.0005376861431702906,0.9856970310211182],[0.38407458629613345,-0.0026067221585890366,0.07192767527953947,0.0003264300280467758,0.042533043784146685,0.00047073603422909116,0.9855604767799377],[0.4892237938316768,0.0019258729805216035,0.07527325584169375,0.0005000655117659569,0.05578037041601647,-4.252318551856149e-05,0.9855302572250366],[0.5501437304602881,0.0025586999719706682,0.08056354519908382,0.0003833211184554042,0.06031003623652964,-0.0006494713922613471,0.9847085475921631]]",a9f35fb16c95422a79195b9b0fdf367a9fb6674d360a3132fd68af49bdd315bc,1d9bf57ae1cfd5dde6a5172bd7a3ea95cada242096b2779c18ae00b825e16aa8,"[-0.21362561923308296,0.0009200100789222208,1.1723219039152988]"
libero_90-task32-episode0-seed103,32,103,13,c0030bc1cbf45ad463fd9c29dc7c792166e2d2564dcae084f4736a1420ec898d,false,"[151732,151806,151911,151681,151832,151756,151686]",83019a2a849b8a8bd026a3215290600db24461488a85d437a57c16cdfe7c21f2,"[[0.435124300048237,-0.3295859379218413,-0.0013247699419025594,0.09023915794278237,0.1844763696842051,-0.050996982454107,0.981819748878479],[0.4197080032282834,-0.3629903164328141,0.0029137735480730953,0.09844747644593443,0.18982127485514866,-0.05907532331019283,0.9817425012588501],[0.37963239446286323,-0.4080692971993827,-0.0005587569227998301,0.11480134407722487,0.18841502818747813,-0.07207152202887279,0.9818627834320068],[0.3239332737041245,-0.4368562116452779,-0.006981166455403809,0.13094176630362453,0.18347683901083656,-0.09078495692319244,0.9825217723846436],[0.2739278467311266,-0.4496836680612759,-0.021003425448185453,0.14788667376597608,0.17700648367224403,-0.1068677465223935,0.9819612503051758],[0.2275144731575125,-0.42523347373332854,-0.0419930230441139,0.1586083326748886,0.17031829158077016,-0.12188221596511362,0.9824717044830322],[0.19300277279016953,-0.37661418777002353,-0.06148291905171277,0.16523289181059697,0.16529458042583656,-0.13582645666803472,0.9821398258209229],[0.17205664727257286,-0.30629100647381335,-0.07857157801169024,0.16599810235380286,0.1616864903867281,-0.14743086778102565,0.9824442267417908],[0.15887062846470812,-0.23566612024573885,-0.09509657937695692,0.16566441511468266,0.15531591730984928,-0.15517604857850387,0.9821759462356567],[0.13766802230006192,-0.1889611513063727,-0.10664645477112344,0.1627950370689959,0.14990717850253077,-0.15762607078765,0.9830825328826904]]",9b2d37fbcd12345f1ac533ab7489d3f3c37cb2cbfad27d805884266622c04584,2984c2f5844508606f6ad139da09ae95d475bbdc030cd7e8a43449aafd116fa4,"[-0.20375869339067776,0.002858683705298277,1.1671622130699268]"
libero_90-task32-episode1-seed104,32,104,14,08197f6f044e69bac2025e0422bedd36b8e86fbb635793ff7026f1e4a2933ebf,false,"[151855,151676,151854,151891,151825,151774,151853]",47c25c2e660e72fd9f157f85338a4a04ef7bf18b1bbe654542ec251672becd3e,"[[-0.007494682422519716,-0.015487887894884977,-0.01206151069493444,0.004393852307860158,-0.013394804670227245,0.0015557469389424483,0.9839698672294617],[0.03655977551327361,-0.005521785267887935,0.031143938711977626,0.0036407859130691556,-0.009876457097192315,0.000224248112182579,0.9847290515899658],[0.09715538110679489,0.006306770039401499,0.0684870870437635,0.0015211336985516688,0.0010522129920076395,-0.002244897353346431,0.9849675297737122],[0.16360805998256822,0.02169561779048479,0.10725556888831989,-2.758666316915459e-05,0.01435551818769909,-0.004615544950382855,0.9850666522979736],[0.2250198567436108,0.013814185031577608,0.1360842823960411,-0.00028280756948406705,0.02867387552123546,-0.009128727014745763,0.9854466915130615],[0.26612809809006066,-0.030170724580678154,0.1489466833410802,0.003497123221182452,0.045747327556284745,-0.01639313193208558,0.9843004941940308],[0.29117014449506584,-0.09980224462999843,0.1488714416317407,0.0145912180616119,0.061960356195243094,-0.02482439229760125,0.9843792915344238],[0.303455876501566,-0.18501320876836758,0.14171244961801222,0.02831160496175178,0.07848004051112412,-0.03329455408192317,0.984298050403595],[0.3063658061559913,-0.25809755137153445,0.12638476334882398,0.04037879122026711,0.09026590656458211,-0.038645286125692735,0.9842648506164551],[0.3000701553817535,-0.2981311872379422,0.11238172429921178,0.044259511060316115,0.09313041617050999,-0.040885607420667824,0.983686625957489]]",3a4443e0a97e153b16c162c800d5ac799db79790d4d98487c06dacd3cd843823,fa695f4bc9bf81749514c9a17afb3389ac0f52606f041bf9f4d57ce609a85762,"[-0.20694864777735153,0.004622709714786625,1.175318615580663]"
libero_90-task32-episode2-seed105,32,105,15,7b13e5842641b5610898aa720211efadb01c3cc0cd4b355542f659dd68ef2752,true,"[151751,151818,151692,151816,151863,151738,151704]",dbb679288a9c7ee20207c980c04327a535ae1ff6b18b9e1485f88889ae469434,"[[-0.051402094396983955,-0.237063331313756,0.03417490190895478,0.025560540082347094,0.07475572320379342,0.006479405397895377,0.9814580082893372],[0.006418134556261279,-0.2784627111464033,0.0737398101485951,0.030799254403084397,0.08961432283447834,0.001007403467024659,0.980938196182251],[0.09240444131389225,-0.3366261638263879,0.1125207412745226,0.04315134828938172,0.12119074130390572,-0.008550089460554133,0.9816271066665649],[0.16627757765698803,-0.38873281440640284,0.13710741675714644,0.05920478666854834,0.1520487036556517,-0.02316617020303191,0.9817806482315063],[0.23063285403661382,-0.4350672505349351,0.15830144465769536,0.08125523808250712,0.1724652785416083,-0.03746697917760855,0.981399416923523],[0.26092361575537026,-0.4563509524354714,0.163796382728151,0.09977080104395197,0.19021667001163678,-0.054586634731744965,0.9822701215744019],[0.27082977240927875,-0.46282471925866986,0.1610314410173146,0.11989289826515659,0.19361796608001214,-0.07087175287426106,0.9819715023040771],[0.2628513260643821,-0.4464908334672302,0.15251569574257928,0.1349372095882737,0.18617719646846353,-0.0866015294060265,0.9821013808250427],[0.24941350594657408,-0.41906745926546307,0.13728836815391787,0.146567686363821,0.17457321854254815,-0.09638142842496222,0.9822589159011841],[0.23062331878364262,-0.3962950149552569,0.12393782433406386,0.14897073280160678,0.16679749115954223,-0.099651523978034,0.9825723767280579]]",89e4ecf76a23acb956843e79cba486b712b16eb4c556643dd1eed1ed2b32429b,81483525331ad675cf72fb913dd121153d341d155e10e0201131cee8ebc1bdf9,"[-0.20569050461722202,-0.003132646981664738,1.1873607376101254]"
libero_90-task33-episode0-seed106,33,106,13,8d23b29a9962dc95321e67be70a7a7e29cc18d8c500e413e5ab69ea7974202e5,true,"[151855,151888,151843,151734,151730,151701,151886]",7193bb06817e6544a8ed918f31b99a42ea30b730e4e787b326120eb5bdb3cbe8,"[[0.2489425703970518,0.0006756963017551243,0.02319813027474993,0.00010875816420918838,0.000997306928610442,-0.004852901611064553,0.9879847168922424],[0.21828355367697228,-0.0025598802513826513,0.015273070639807429,0.00014670401396754684,0.0002734982393661767,-0.004981730985033295,0.9887226819992065],[0.17326320993094768,-0.010177378850428909,0.004088046553192726,0.00045671200929398026,-0.0005137270027546492,-0.005278104035765452,0.9891413450241089],[0.13738761523120502,-0.012888879535850606,-0.007084419047828305,0.0005850191822123207,-0.0012026099142872226,-0.005651868268884641,0.9890202283859253],[0.1431825769350752,-0.0129203466376282,-0.011732587576602782,0.0007947272162003305,-0.0022932832626167965,-0.006079054123308225,0.9893269538879395],[0.18517309404949955,-0.010024963279278154,-0.011788227127993878,0.0004365578906480039,-0.0021417429248629105,-0.008186616608071517,0.9883891344070435],[0.26774759017571625,-0.0050997981082190336,0.001489422873305557,-0.0008538593872726707,0.00012161033203028637,-0.011444587043593302,0.9881246089935303],[0.3784201812842092,-0.00026370430994404614,0.02421449397405695,-0.003189559324198399,0.004822359831365475,-0.015268265316906948,0.9880294799804688],[0.4821721211019536,0.003819536515834443,0.04907570887218071,-0.004961894430896008,0.008716340747511708,-0.018111642805584083,0.9879239797592163],[0.5442897914510034,0.0043802044204710455,0.07089951752419665,-0.005659103279824329,0.010492550408827128,-0.019732235870225878,0.9872713088989258]]",094b47f2e4d92eb546e87c3fbb5499894aa47f42be7fb8edc4f94fc7be0b076e,de3d740897b9e26e813b717659021c69cca2af54895014cb2b9fe336462a5853,"[-0.20525876783132183,0.004351547425455222,1.1707931504995228]"
libero_90-task33-episode1-seed107,33,107,14,0c9b0da4677988a482d060bf56a010d086da2192b0248a2772592a061a6315c3,true,"[151833,151878,151718,151857,151694,151792,151718]",033d7b45a85f2d07449fc6b1905c7589cdec952db9d9fab5464f8132fa8af895,"[[0.006389308073899258,-0.0016587116558497428,-0.04714587888742017,0.0006330236351410612,0.000937822877290273,-0.003901528961817391,0.9878305792808533],[-0.0007745804569943004,-0.0009068836703818306,-0.0455830026563433,0.0004985613353285512,0.0005878500998903746,-0.003699088148895413,0.9886575937271118],[-0.010415515815296317,-0.0030658138486927555,-0.05054431429329043,0.00027883161047537186,0.00034634882375428333,-0.0034416539401718182,0.9888390898704529],[-0.02070281771991489,-0.001072009080687053,-0.055344112885080676,0.00028682312455385883,0.0003058023493736073,-0.002303296260558696,0.9886507987976074],[-0.022962319516572904,-0.001142118193442343,-0.0556028722904216,0.00045027081203441455,0.00015301076112450573,-0.00094818339313818,0.988735556602478],[-0.023263916036476928,-0.0009479856502281336,-0.051441153971012454,0.0002381634782075981,0.00032462075959927006,-0.00027464059787618567,0.9877353310585022],[-0.01711906352219117,-0.0015434006151338053,-0.04040022485605732,0.00029867197452704275,-6.224404629051605e-05,0.0002678648544804929,0.9879533648490906],[-0.006252936446468738,-0.0005726354003598999,-0.024946789924598534,0.0006502616816752571,6.849176934053958e-05,0.0001625746747677681,0.9882416129112244],[0.007471912443648421,0.0007550302977676893,-0.009258347506204245,0.001142284254004089,-0.00018708110958698398,0.000125581839279576,0.9875706434249878],[0.018447959796677793,0.001344090343096127,0.004082422535731212,0.0012107104397915958,0.00042679628614905596,0.0002910672399156766,0.986861526966095]]",6616e82b066dd5fb1b8812ee903965f584582d22cf5f98c63f21ab1688fdd6ba,a532e7aad71b3b63be5e81557b4b7dcfd066980c7630005d1129bd2bc74b19d9,"[-0.21561993595680196,-0.01092195069641026,1.1723601065394846]"
libero_90-task33-episode2-seed108,33,108,15,c36c8e29d54bb3236a287101de7b5c1c385099e91174bb7dfcce431bfa934f02,true,"[151855,151677,151742,151848,151721,151762,151894]",7417ce98e63bf3f6e99a24925a07d2e1b9ba5cf4fccf6cb179f1ba4bfa512de5,"[[0.17065205153628682,-0.04096670795536994,-0.005069328131156681,0.0005094227811373031,-0.0005715725117596548,-0.0009641069657231327,0.9858360290527344],[0.23670566241733937,-0.04653202877513252,0.02368266941022057,0.00021590535816451428,0.0027293851835707983,-0.0020181501705209826,0.9864034652709961],[0.3277511713359189,-0.05724995938759747,0.040265221400773044,0.0001990733469876549,0.011744416598730822,-0.003967711895111137,0.9866766929626465],[0.4267786581745696,-0.06285776591969494,0.06488727905150427,2.453351179076968e-05,0.02226949881986684,-0.006473794061324867,0.9866114854812622],[0.5225830529301945,-0.06249912295839266,0.09873283454334114,0.00027617392450007827,0.03319974786802504,-0.009520791193796896,0.9863977432250977],[0.602887540823609,-0.049272280346706054,0.13853613560081612,0.00027064630679451973,0.04481804566071901,-0.013874269742281342,0.9872451424598694],[0.6707366928127669,-0.027336276701177553,0.1848678834909947,7.808403857767487e-05,0.05222801067674254,-0.0198678388438136,0.987015426158905],[0.7267705186086708,-0.001639441899712324,0.24054194341641733,-0.0004797531739448857,0.05772767368671339,-0.025947743273086132,0.9870427250862122],[0.7695194414918234,0.021119472581716536,0.29085484044401255,-0.00029030999551848957,0.06064709928659795,-0.029528470116972017,0.9874571561813354],[0.788098793616836,0.030688853979299324,0.3243054042628728,-0.0004301614918920116,0.06120104575583696,-0.031090982371621223,0.9867359399795532]]",0b413a4ccf255d4da1d2a89a354cba6c83cfe1ef85adc8b9e60aa921e1bcd2a0,647ed42e306eeacc6341ae23b0b326f869a90e0d52a2ab672844c508299176fb,"[-0.21385190535067788,0.006589642512894144,1.1602314552747293]"
libero_90-task34-episode0-seed109,34,109,13,b9dc4d7048cf27707b9d68e7aaeaf6d9a52dc6b0e2941364e22d1b33ad88fba8,true,"[151855,151888,151734,151677,151713,151738,151686]",95298638b17b4dd0571885c9531896a736603c9bd577409a315a1014ee81d55d,"[[0.031202331828836805,-0.004543025154291058,-0.0632912863750903,0.0005025201800625823,0.0007255075154830593,-0.007922408799728942,0.9873001575469971],[0.03192952730196019,0.003640368783237591,-0.040781183786435804,0.0003261347296050765,0.0006222197662708595,-0.008235921677121283,0.9880514144897461],[0.03530045995072939,0.01245986967070678,-0.018777351973540135,0.0005992950162532207,0.0004812951966073342,-0.008378073711114098,0.9884189367294312],[0.04904641000251431,0.028408462838100945,0.0010386824447152776,0.0008757404980652694,0.0004257039246056138,-0.008388776746976134,0.9881251454353333],[0.08479645720480278,0.05107174602976272,0.016371446710252258,0.0011515584706887072,0.00018873098359506457,-0.00877938142113699,0.9884082078933716],[0.13958028196768524,0.08582136876640334,0.027216081235167167,0.0008858636977697731,0.00026114462336579436,-0.010238549502593841,0.9877606630325317],[0.21423469102876425,0.12604944467213386,0.03239214297576609,0.0008396033512623191,-7.401175928123394e-05,-0.011899035700903227,0.9879907965660095],[0.29861956087881936,0.16777113167592006,0.021488647374894754,0.0002227433627051134,-0.0002877869133328659,-0.014669026289841014,0.987970769405365],[0.37226429259750304,0.2016009310531075,0.00786825992111062,-6.43420910844128e-05,-0.0008091412863393543,-0.016750111858966577,0.9877736568450928],[0.4130169043238787,0.2164934800849494,6.78023041018605e-05,-0.0002877538183825301,-0.0002885019136158462,-0.017572973231464672,0.9870420694351196]]",0494426543197c57b4c6066e1ba9197b9e1da1c37017b94d7f2bd7f1f57df0c7,18454321f58f64f971ddf240c12a3aa27424fa0ad37dcf20136cdb881ca12c27,"[-0.20614832529302268,-0.003419876530996037,1.1874676994461937]"
libero_90-task34-episode1-seed110,34,110,14,81387ba44032f0e9e075430b4d9f84bcb4e00592f117a1cee543a5e5ff15a526,true,"[151790,151777,151754,151909,151720,151811,151784]",c6f1a42d80eb1ce16b23787c311be0720c60fb2ebfba98d3574adcafdb955b7c,"[[0.11377223690732663,0.027061732381241654,-0.01186133935499356,0.000616837589305419,0.0008690537528508457,0.00029712979869067624,0.9887803792953491],[0.10635310378069462,0.040706667201888536,-0.009854384152902185,0.00047012963223869164,0.0005343839676186235,0.00042676377150918654,0.9897336959838867],[0.09621192079892182,0.05798384855573602,-0.01014317471944537,-2.15515012669254e-05,0.0004166075321165863,0.0004083328443691414,0.9899891018867493],[0.09184389204431653,0.08394174755338213,-0.013198927274942207,-0.0011883863813364481,0.00047812734813135194,0.0010056258649147054,0.9899032711982727],[0.11010796279562385,0.1107984576763954,-0.013458123497173347,-0.003886315997387868,0.00032692464939998445,0.0016938011322817914,0.989997148513794],[0.14400437447818604,0.1411144990208868,-0.014953074701821834,-0.00842437016865949,0.00035110556174799967,0.001434308647430882,0.9890202283859253],[0.19618639952062011,0.17358947054368912,-0.013676641146503243,-0.01503705277016576,-0.00026735975247049737,0.0007092528141825483,0.9890910983085632],[0.26263457563804593,0.20510033926740334,-0.011851893189742668,-0.0226421226973077,-0.0005061797775454124,-0.000432603934847009,0.9891765713691711],[0.32299431615459895,0.22982425638133464,-0.012155426326330598,-0.028469320671970166,-0.001009639282358421,-0.0017044501771170673,0.9887807369232178],[0.35727920110635836,0.23940245266736326,-0.011973983510557673,-0.030065039626302692,-0.0003798928525640122,-0.0023830076814892465,0.9882339835166931]]",cf563b56b5b922a54292aec65a0398fdbf6ab6c2889a215cb2788f6ac470ef69,d1674365628c1d104c9afbaa4b753053b80984cd80758ab5d685068001a2fd1f,"[-0.21365865117615093,-0.010114335611283103,1.17810594849242]"
libero_90-task34-episode2-seed111,34,111,15,e3caed2d25a5a3d609ec740e48a5e71ef1cff40529c14a142a59411e101a9474,true,"[151674,151858,151710,151821,151780,151822,151686]",2e69be5b2a564819f44f1386f3a24d0f90ed1b238d8bb5526be507da3a8b9b3c,"[[0.4067291995937836,0.2290108266754487,0.024092076040574284,-0.003347747008186186,0.001256395225595952,-0.0010301963410110915,0.9857677817344666],[0.45805119779184267,0.2407099261210277,0.04230559309496584,-0.005703148888019038,0.004825458165925056,0.0004203082691098814,0.9864774942398071],[0.5449730629578937,0.27691093049014626,0.03564664721631061,-0.01579769541560161,0.01761671392284825,-0.0010774992687370144,0.9867668151855469],[0.562152851841244,0.3177451837245826,0.023196273802966516,-0.018234147489604613,0.027013962642058686,9.962884847425357e-05,0.9869354963302612],[0.4386887188718802,0.30037657352778524,0.02943085207277818,0.001354437728212421,0.021794798215324818,0.007029152239899972,0.9869403839111328],[0.32511855862207284,0.14365667184918607,0.024020219662133968,0.018619891649028553,0.01387966563825671,0.020953951589218534,0.9862172603607178],[0.22387447862513454,-0.006940162318045395,0.020809724723278578,0.0325697900349029,0.009777857973190862,0.033687065195625365,0.9864098429679871],[0.14913407570855597,-0.012344098930157088,0.024968003109677284,0.03335622515360592,0.009594986720259158,0.035334022906297946,0.9864615797996521],[0.10994114001331745,-0.009230598332123918,0.02890022875538989,0.03281215623092759,0.009303653896623132,0.03527496909304517,0.98590087890625],[0.11393777949363226,-0.010269320186893083,0.03175373509071733,0.03213190858624437,0.010329748816616302,0.0351439130385387,0.9855603575706482]]",7ca29d027ea87efb59d7873d4678f18270bd2eab9f4fde333cebc824538c4b13,af6f12b0dc946de8f1493a6194e56a4b6865cdbb787f24808b875d1fda25e892,"[-0.2080815447888272,0.02401534117322149,1.1786739653119025]"
libero_90-task35-episode0-seed112,35,112,13,ff2e198b967939a9d2e5dd7e832ea6245dd0839617ee9067f7a4e85a986f497c,true,"[151833,151918,151725,151706,151759,151673,151902]",97e4fa7f9750632d5912f1caa6c936a09aa51d4e227659e3891c734b8f30a7b7,"[[0.009033574985821247,0.0011806049120366424,-0.06506618260425512,0.0002812401383904817,0.0011227795477140035,-0.01684286526590384,0.9907649159431458],[-0.0013725644234199308,0.010458787494798116,-0.0752223391080804,0.00023909551391421147,0.0006900951403565614,-0.016358777432360583,0.9917802810668945],[-0.015487431646873162,0.02127711558671308,-0.09329252562037027,0.00029962246638626233,0.000445048654484026,-0.015386672329031015,0.9919518828392029],[-0.026519631045177405,0.03898520148737816,-0.1144565769618282,0.0006339741270002808,0.0004527150464070928,-0.013165174904820276,0.991662859916687],[-0.02295896452015711,0.05337222691672139,-0.13683028347651316,0.0008390681228367391,0.00016235541760067917,-0.011134928756039386,0.991675853729248],[-0.012133627137700387,0.06631607060981537,-0.1634172527036526,0.0005759479832063708,0.0003436079893361921,-0.010161607398634587,0.990667998790741],[0.009023951443470679,0.07597544586850802,-0.189594160075103,0.0005272606526312007,-4.2085010534265166e-05,-0.009321681045880936,0.9910299181938171],[0.03481323501071465,0.08518987425809144,-0.22121369669440583,0.000498902774151766,-0.00018234423271223932,-0.00970313574707582,0.9912447929382324],[0.0593625383894949,0.09146433235358131,-0.24980953219753133,0.0005940903812182707,-0.0006916726981813781,-0.009874777264492707,0.9908289909362793],[0.07148096202210219,0.09154971377306254,-0.2664396426270059,0.00043574581993333084,-9.472690636869174e-05,-0.009650743263835082,0.9900572299957275]]",e6682cd17b97e9c911f1e94f772726392dacb297416edff66f52188bfcc71fcd,21079a7c616211da451a3d73f405e7262aa87101dd6d32272344a2cc426d7be6,"[-0.20214926140780243,0.008409072224664445,1.1773296073716386]"
libero_90-task35-episode1-seed113,35,113,14,74ed4a51c0e71bf0b9e58426725b975761bb853048610b93570b9ad1905ff1ab,true,"[151833,151918,151725,151868,151889,151720,151871]",fa34769002321ad553d1ce9cf6e46ee6fa5afc6c68dfe7eaa12503fe6e231de7,"[[0.013769902886439311,0.029265454492701792,-0.04372527502437151,0.0004932182791490547,0.0008369681151521036,-0.0033386278641991396,0.9894761443138123],[0.01027280471456038,0.03226487403445333,-0.05485040059491553,0.0004567950619807082,0.0004398847635513903,-0.003450261276704225,0.9905401468276978],[0.0054145491810420054,0.033499778406493874,-0.07681524650035954,0.0004355981707124812,0.00031071797631909703,-0.003578809976655606,0.9907630681991577],[-0.0002663867893808458,0.0397587591978521,-0.09955091041069863,0.0006166345716267507,0.0004047504440904959,-0.0032182187107512306,0.9904597997665405],[-0.0022707764243694584,0.04249762703693705,-0.12083295691462581,0.0007494450457810053,0.00023386537645819772,-0.003305807715769049,0.9904530048370361],[-0.007419239147854029,0.0451044765467401,-0.14228268650228415,0.0006195783279674405,0.00046834574703780163,-0.004497362477472677,0.9890091419219971],[-0.010415692394055043,0.045475419352385416,-0.15917161093921095,0.0006886873914013769,2.4062446200900922e-05,-0.0058695777483510625,0.9894064664840698],[-0.013648584598190183,0.04717833280167838,-0.17353698959925623,0.0006251705422071208,-0.00015669359756032009,-0.007702510062927104,0.9895991086959839],[-0.014584452019438032,0.04906656390573971,-0.1866533449638439,0.0005904452910785452,-0.0007906704456956959,-0.008712262907785373,0.989044189453125],[-0.016249501424844937,0.0487753650909184,-0.1941571493102856,0.0003968587063920559,-0.00033069686087117134,-0.008882706882728186,0.9883790612220764]]",f0de21b8924f473d311f176c5143354469f12dbf56e3c9608b63a6566e896d7d,171c879bbc1cf3f785b5ef61c89ef44e1622ba2f8cebcfaeebf34a67b1924e4c,"[-0.2056180707826706,-0.0013544671816401754,1.1761761244134523]"
libero_90-task35-episode2-seed114,35,114,15,21f5f7b95b606e47a0ccb1164099147ba445c542866421f1c6140a6b696e72e9,true,"[151833,151878,151752,151865,151920,151763,151682]",1a454f9834419a944b8c66fd697d14990121cb0807d5e386a3b087a1c8217f11,"[[0.02134959024944294,-0.0024717313669242458,-0.09801801073871275,0.0006558723520675436,0.0007448919675994148,0.0003286588466409057,0.9881190061569214],[0.01661895701379379,-0.0017550604365368372,-0.09306024823899861,0.000549657193818831,0.0005754369005330773,0.0003919789049575684,0.9890506267547607],[0.009160976560242062,-0.0038630487595270324,-0.09293034981627102,0.0004389387343342044,3.993148025926985e-05,0.0004482446896378889,0.989248514175415],[0.0012509103396620702,-0.0011336108011050783,-0.09228795597709905,0.0005338033587301005,-0.0007869067636505633,0.0010822685832554413,0.9889407157897949],[-0.0013511101042347207,-0.0009761727935142517,-0.09101408872101047,0.0006809911757645892,-0.0033983559222008353,0.0014613281995021765,0.9891180992126465],[-0.005477225959385379,-0.000793725102425924,-0.09200113108656183,0.0005533207401111628,-0.006564258008523893,0.000930480074666562,0.987846314907074],[-0.005966613989194514,-0.001700018633101763,-0.0905956181401848,0.0005839118130559484,-0.01070426853593176,0.00034312291433558073,0.9882103800773621],[-0.0038686817567707976,-0.0007651279643283715,-0.08879860805595285,0.0006867402673014222,-0.014733473880596648,-0.00033739930815812613,0.9883760809898376],[0.0008322421027227023,0.001027881844777312,-0.08808124551799779,0.0008540822029818873,-0.018416787907810317,-0.0006449618963824122,0.9876996278762817],[0.004243611287240157,0.002257763780377786,-0.08561033617638714,0.0007382513892253417,-0.01922876010416985,-0.0006549726030016245,0.9870515465736389]]",abd5b8c32473a912162ac44bad717009aa291658938127fbcb47d751be0f2280,4185d4185bf5c72772f4e977985d41a48e964dc81ede72db8f544af920563b4f,"[-0.2062308519226672,-0.009962331680734293,1.1650057011240773]"
libero_90-task36-episode0-seed115,36,115,13,29fe5982128f9b931fea088be1409180854f4d1fc731e537ebe849737b162f9c,true,"[151804,151881,151826,151884,151790,151918,151756]",d1784e5662a4c054161dd2977b9fd4dfcd8f3548ea9421fbfd51cf836dd5279b,"[[0.025363269579974812,-0.009884745053767574,-0.020315275039763492,0.0008357367872913191,-0.00010720961964238995,-0.028365413123831118,0.9873462319374084],[0.052901300884261815,-0.021333542666965855,0.014317806703019187,0.00031048391219501426,0.0005833614870027759,-0.029180322065837316,0.9881056547164917],[0.09109193140028182,-0.04170710733546912,0.0411428957374369,-0.0008811191246720362,0.002758312903353044,-0.03028374518608956,0.9883893728256226],[0.13333548587596056,-0.0607337877990588,0.06964497941550007,-0.0024101375434857353,0.005096810703875576,-0.030865900521298784,0.9881939888000488],[0.1794349024165598,-0.08571246543894517,0.10132250347697891,-0.00408752497310072,0.006423076645447168,-0.03141770563943069,0.9880968332290649],[0.21905440824819067,-0.12057791170981602,0.1315858328563877,-0.00581459636553161,0.006824072637485301,-0.032750420720265794,0.987990140914917],[0.25797580995719827,-0.16284243184394143,0.15939031996077802,-0.005955841301426901,0.005236533675841315,-0.033591918847516666,0.9881431460380554],[0.2891751576789794,-0.20929064153264676,0.1749340121821774,-0.005328166007442459,0.00274178845236861,-0.03511145055430731,0.9884573817253113],[0.3136073893407243,-0.24813518994719175,0.18248777746043743,-0.004044466769070443,-0.00016194686352832832,-0.035926396919515824,0.9881908893585205],[0.3245254305715122,-0.2693686162339759,0.18396258048602476,-0.003442583948353173,-0.0005750382770202123,-0.03602105890977114,0.9874722361564636]]",6169103c6cfa1c04578fab587ae0486dec992ff957506db746ae016b39850392,e43cc72ee4d913691982c513fcc91e6d2681bafa7389c4153f63a3e5bb0d12e3,"[-0.2142675659118805,-0.01029199125386529,1.1615360529196013]"
libero_90-task36-episode1-seed116,36,116,14,2e43e0292e1ae664d5a74657ae168506352f9b7f1672c7a72f934e75642b690b,true,"[151804,151888,151713,151767,151807,151844,151731]",94581e823a2d3eae6710568c3b2c54ddac5bceef2fef4dd184521e1abd0c34fc,"[[0.223885779665693,-0.26383916996021384,0.1680392943870288,-0.001163036855731825,0.004893293817772815,-0.004339511410108798,0.987541913986206],[0.24132672853319903,-0.2836616503527978,0.18834385389487807,-0.0010083004722813982,0.004382515490618744,-0.0040613447473027975,0.9876893758773804],[0.2600810702081091,-0.3129304112008313,0.1975534827997194,-0.00021080089009095637,0.00421097500606038,-0.003936800329999102,0.9881258606910706],[0.2792277698849084,-0.3358149378426134,0.20380018273823453,0.0002179724472564093,0.004145423382894364,-0.003073241224983647,0.9878166913986206],[0.30350734920973466,-0.354965282991202,0.21435531686915965,0.0008637070865660235,0.003417036705727128,-0.0017311703435698433,0.9877520799636841],[0.32609486257906894,-0.36820217047576875,0.22377581912775213,0.0006488497860008824,0.002465599731948487,-0.0015228353762832825,0.9874408841133118],[0.3542322463351617,-0.37635225233486835,0.23242479355400292,0.0006086061452430513,0.0012128298611315813,-0.0007330186914291659,0.9873657822608948],[0.37761074425420915,-0.37623837627599244,0.2276100885858341,0.00018958688454806527,0.0003534392432271716,-0.0007653523382291638,0.9876090884208679],[0.397290711782361,-0.3709051637688532,0.21735843298938562,0.00030168032740185424,-0.0010399870721471416,-0.0004599602957391369,0.9876205921173096],[0.4052281918552332,-0.3645017623051672,0.2039329750728598,0.0002684407965580782,-0.0007231823634299417,-0.00018325313782341368,0.9870166182518005]]",6b50e900ff3ce8b368d1d57f031a23d6f7777a063a22a97838cd1c06e55a95e0,3f03177260883eac6e9a1b033fe1a163cc5224c4142113b2ba670030f19757bf,"[-0.21457147522667266,-0.012729047514617417,1.168248241767713]"
libero_90-task36-episode2-seed117,36,117,15,f2a3b2599bddbd0480aa9fba4a4d0ef758ed2747f96a95d296ab3f0025aaa92d,true,"[151804,151698,151768,151666,151704,151822,151783]",41e356548c475064f12356a588d0443c74ba0f40a7b849b17ed988a319f0b3fd,"[[0.05071441710212987,-0.07280234381909167,-0.026936054042636215,-0.0044455835617374095,-0.056731786127542705,-0.015137377666810892,0.9900436401367188],[0.07990641749471372,-0.08230802227284784,0.011971936196232491,-0.0052418373536269325,-0.06040959862480122,-0.016703819357703154,0.9908134937286377],[0.1202043830620596,-0.10313345247290329,0.04085820032923948,-0.00646129995285305,-0.0660909908733629,-0.01838709628622226,0.9909778833389282],[0.16064445038549025,-0.12254655304626993,0.07413742272291302,-0.007489990530665125,-0.06995776205651794,-0.0198251389699724,0.9907166957855225],[0.19426734157078585,-0.15180849773056337,0.11150328553299005,-0.008168789367368756,-0.06945731151122914,-0.021525144069926228,0.9909791946411133],[0.21059240097252285,-0.19680184083089358,0.14562763940500645,-0.008166685365971649,-0.06482918419341388,-0.023900544413656633,0.9915533661842346],[0.2138586665620572,-0.25255319153650646,0.17974587784055984,-0.005906674110883969,-0.0578744062325427,-0.025486839113376902,0.9916667342185974],[0.20128263907621147,-0.31300339027726665,0.2040135677891044,-0.0027580544762653147,-0.0480796868699116,-0.02658137422307938,0.99201899766922],[0.18919308607065588,-0.3620132987971658,0.21952974054642027,0.00035365285314092887,-0.039289979849485235,-0.026811882437737466,0.9915902614593506],[0.17952036653578318,-0.3881510830183288,0.22589634672129932,0.0014047584282932402,-0.034138224060541233,-0.02667889908831178,0.9910906553268433]]",8a5a6d24d4631cf4c943460e5306e9aa4d98cfe3a5367a00c5694174c6f05788,3e636fc66c16bda445cc2057ab5e0fe8b424b29d8967ab9c2fcce70a1e27aaaa,"[-0.21035309042741626,-0.009250411934478902,1.1722870589339314]"
libero_90-task37-episode0-seed118,37,118,13,540b214d13f2d96ec402471898e9a0e7a86a25a714fec642285a0e33a7e2e7ac,true,"[151833,151677,151870,151817,151785,151703,151780]",5385008067c9823c0b39deba16501da49553cd48d3c06ee0d2def571f1f0d9cd,"[[0.14391626167758176,-0.004118168030942115,0.02626316518916383,0.00041787103613422083,0.03928839236110093,-0.030551994700282137,0.9851776361465454],[0.1426706751135285,-0.006321890142402253,0.032630754202045864,0.00039540067033616566,0.038192118177221346,-0.030573456906809682,0.9859477281570435],[0.13713334181863956,-0.012854337472987254,0.028438513302432966,0.0005217514910782484,0.034242397030681104,-0.030449268009927977,0.9861013293266296],[0.1356512280072728,-0.014458698419481664,0.029187108248038385,0.0006740332062320498,0.030214264186440687,-0.0295018996433285,0.9862003326416016],[0.1458711651154374,-0.028035010358564705,0.03303699390994552,0.0008866849965607493,0.029025834410532525,-0.028302598278745705,0.9863468408584595],[0.16102559563620034,-0.057225974691128556,0.040254300978517676,0.0006210271359470276,0.030222625717527762,-0.0278922902885661,0.9854309558868408],[0.1869137191636412,-0.09810896605877417,0.05684755498288041,0.0005969418567959295,0.03500985052886563,-0.0279347281999911,0.9854708909988403],[0.21809134769809901,-0.14801322701046615,0.07707479790116167,0.0004550970959409373,0.04224605061500597,-0.029141233531019495,0.9854910969734192],[0.24711498024423761,-0.1903175166413007,0.09485553862157303,0.0007454954291232774,0.04741580057773831,-0.02996944642144861,0.9851479530334473],[0.26297290053976496,-0.21319327964398838,0.10702318230272567,0.0007789933461035403,0.049035574135473325,-0.030123573880182164,0.9845756888389587]]",3bf159567e8656896e92b418e913ba6d669c8f869a346572e09375aa3129f9a9,ad58327e55202a626ac91ddf079506976ef1a99bbb485ecf7cf43489cf6b913f,"[-0.21446075824244212,-0.002378135544693281,1.1773382148299645]"
libero_90-task37-episode1-seed119,37,119,14,021cd7cbe174e2aac457a648890d38ab7b38464e34428d4d40dcbe7a66be25d0,true,"[151804,151888,151778,151740,151809,151714,151718]",295da2f7a6cb62d284865bd1cad66a12ba39ed99b9877c77c8e79e914de42a65,"[[0.1721112101090192,0.01640729971519761,0.05833917545874101,-0.00011669296795191464,0.0007261927240875821,-0.026788792321909227,0.9873448014259338],[0.18931589659734982,-0.024029822295013048,0.09098730665027688,-5.033387125630284e-05,0.0003899737715755691,-0.028010491473077437,0.9879341125488281],[0.20715494227640363,-0.08926630046445894,0.11484668201069326,0.000232765053570283,0.000945052324595963,-0.029712966504384042,0.9881930351257324],[0.22153357402070384,-0.16078533412692053,0.1382900984874027,0.00032666995803065646,0.0015798534091686633,-0.030891273452468226,0.9880545139312744],[0.23888861732208966,-0.22256801600484266,0.1683978118496725,0.0009761788805482396,0.0013983922956839479,-0.03138915173606449,0.9879629611968994],[0.25012644268493034,-0.28084693347359746,0.19872600853727818,0.0015814760894976576,0.0008164714403733342,-0.032342320699022764,0.9878593683242798],[0.26522798786745483,-0.3345727560626699,0.23108212763770553,0.003412760147619487,0.00010488726985613539,-0.032032044928630654,0.9879099726676941],[0.27518844248967156,-0.3735609051599198,0.25233174048753426,0.004869679606277044,-0.00017162915902702025,-0.032175881006727636,0.9880982041358948],[0.2835430015906546,-0.4024847066234827,0.26417209911369355,0.006462094909293059,-0.0010763229893058224,-0.03214163877660958,0.9879937171936035],[0.2853894856706525,-0.41735829339529573,0.2661338437676477,0.006942720807387559,-0.0006834601254865902,-0.03190489959876608,0.9872768521308899]]",1914288edca9c7b299fca882b6de0e45fc9e899aee5d772e1e564bd7bf98fb8a,116082932a3d8614b079de38dd43f57f3b3ffd4ac8afe00b1e3b06bb1923479d,"[-0.21312923442083428,0.007936965318886132,1.1785397130326225]"
libero_90-task37-episode2-seed120,37,120,15,eebbb67aaf2b39ff0c38e6e51c7da3c9a27acf2a703af19fe0c2574e3fd2b6d6,true,"[151804,151821,151730,151838,151681,151799,151797]",f1c7661d09b01775af6f4e8f3e243d2da9dbb19f1f5854e1790e1c071da6269b,"[[0.10867158288276713,-0.08411727812635661,0.007488393032957674,0.0003985105320503113,0.025799852439320148,-0.014104385013315124,0.9842847585678101],[0.15495552422623504,-0.10784531784331364,0.061887329853732354,0.0003780887991915449,0.0327420285202038,-0.013205236442898283,0.9845325946807861],[0.21593055342756884,-0.1442192887735061,0.11831424368943999,0.00047933002431288507,0.046834167708652785,-0.012609852005670774,0.9850014448165894],[0.28561338753671706,-0.17805528932221648,0.17738586538695245,0.0004410242795787056,0.06049631367136499,-0.011050015509987077,0.9845976829528809],[0.3645001245763204,-0.2179029925416387,0.23922592333042303,0.0010030325825902686,0.06715606464047141,-0.008352494952331924,0.9839885234832764],[0.43893539939782045,-0.2679136471468979,0.29529431970348696,0.0003841424172463803,0.0674979142202119,-0.006175643408482756,0.9846121668815613],[0.5140794613568467,-0.3228104149174271,0.3373189438519262,0.0002810463487881165,0.05697831366791206,-0.0030381943960158253,0.9844385981559753],[0.5777192406061147,-0.3789503894549284,0.34752276799889614,7.175500264633428e-06,0.04030879707050872,-0.0014978366771369878,0.9849913120269775],[0.6276929716919213,-0.42552467254814985,0.3457684021635714,0.0005476454731847546,0.024508502344900762,-0.0006516232263944488,0.9851177930831909],[0.6497780302033007,-0.450648129605824,0.33592800966926006,0.0008341218739382761,0.019108283957621097,-0.0002764930463907689,0.984618067741394]]",690043e43abce51025582f13866b4bad641a68ca4cf51635339d3f531d630823,7c4e826077320b0666f25818d0fc8385d5e37da4b4771171f09cafb3cac05217,"[-0.2056535356105522,0.002354743023893435,1.1777953564651802]"
libero_90-task38-episode0-seed121,38,121,13,aab70ca2424cc52d61ebef14e350eb7ca8376e8f872cfc3874b748a974211fb2,false,"[151790,151699,151768,151796,151746,151798,151894]",3e9a048601bb109b0f08edc66baa527bcd4a2889a14c9d1fbe6593b080283ea2,"[[0.12677761564501466,0.047968392803312554,-0.035965332173930165,0.00020909503785282446,-0.011602318821914537,0.016779486929006993,0.9924588799476624],[0.18149760718661767,0.08591987001985046,-0.01821331216405042,-1.9309078725271434e-05,-0.009107394848371086,0.009155912827450763,0.9935524463653564],[0.25401064564062636,0.1371543591372415,-0.008252358208039823,-0.00010124516822052065,-0.0011687963592379447,-0.0026877261063376068,0.9935414791107178],[0.32966581481678503,0.20411317426017206,0.009612797376405524,-0.00016427292937071236,0.007299388936715445,-0.01991220405015781,0.9933466911315918],[0.3869707428073781,0.25907021126798213,0.02472251201737663,-0.00010257401120816745,0.010805621227177653,-0.040252650088316244,0.9937314987182617],[0.41310422252006873,0.3116914053363473,0.03349051904621092,0.0011654282693722706,0.01204235324442493,-0.062181991738755826,0.9945904016494751],[0.4116138977964212,0.3572556662116,0.044984591082652514,0.0035639898620747346,0.011688825326729102,-0.08355114547374498,0.9951623678207397],[0.392050825406546,0.3941034373957564,0.06868987928504566,0.005402038100126738,0.01159243931635956,-0.10225922885013361,0.994719386100769],[0.3678981179198644,0.42638909381437884,0.08210135906108462,0.0070177635238843905,0.01040770370858013,-0.11392976676161481,0.9944397211074829],[0.34368307813135246,0.4432091309534769,0.08167054840311039,0.007124809209000382,0.01023147599994445,-0.11871174097660386,0.994275689125061]]",6f9f535878ea7dbcdef4e992cce3411fb25d5848ec44916fbef40f95d0b47542,e22edc0aaba54464507bc59ec2bc399a479f39cd34bc693ba828872619cce475,"[-0.2057105394565619,-0.01102144069245009,1.1765337118791603]"
libero_90-task38-episode1-seed122,38,122,14,ffe67980c5b49b12be9e63f3accbecc8bf8274d512fb66534f3cc1f9d182a54f,true,"[151734,151851,151703,151913,151817,151776,151727]",6df7d107301f056a74b3e721f6adf3f845fe533e4b530410273e2d0ef7254812,"[[0.19511959894977693,0.19089401905119985,-0.020987700040137724,0.0041953287023515085,0.013104744359338838,-0.0015941452882941576,0.9849825501441956],[0.23019105398228135,0.20307578488854006,-0.00983150586827719,0.003712681855546629,0.012961029302459792,-0.011905397645296745,0.9861468076705933],[0.26891433432399836,0.21569194022859506,-0.005070802388161155,0.0032980182468667074,0.012650262373909982,-0.02825200210921608,0.9859986901283264],[0.30055521723197387,0.23348325507598133,-0.0020167424981138993,0.0037049302714520227,0.013309750829364475,-0.05142757381994123,0.9861293435096741],[0.3185099219979932,0.23738015325996287,-0.004499063680981408,0.005778100665630781,0.017266582256496577,-0.07683508402832295,0.9861263036727905],[0.3105313873637172,0.2314199561874375,-0.01785905366608631,0.008534600881977994,0.024260119191040985,-0.10327743933871503,0.9853953123092651],[0.28460247414301065,0.21246046362357163,-0.03070076041095149,0.013011805118106956,0.03527054757648784,-0.12731410022310286,0.986160933971405],[0.24249877004424292,0.18453909947396596,-0.042769246658025395,0.016754528305119365,0.048695293584131605,-0.1482335393358749,0.9857638478279114],[0.19807252553195198,0.1597858677310171,-0.05975350638124155,0.019835293894681305,0.058703649072981534,-0.16158043088344698,0.9852249622344971],[0.1598011985231942,0.14092139146470117,-0.07798302185423722,0.020653132157043785,0.06191312645432845,-0.16682695802037095,0.9856027960777283]]",5fdf518cf1eb6d8b4d858a862ed19411cc79de81da8800d66b0a26c4bffa53ea,4067c46a68e97c46ecec9a5547b84e6a1ab2778d55cc9d8be84be97371619a3d,"[-0.20502418716738932,-5.805961119632618e-05,1.175319196495031]"
libero_90-task38-episode2-seed123,38,123,15,868f652bb1caf0060fc82bbd233cb757534286e79e91eabbc7297ea581c9288f,true,"[151734,151851,151829,151670,151774,151837,151860]",12d3e32898ca7e00097d564f321fc3caa96b226a6ae8fa8e34cb454360512133,"[[0.19973042349763048,0.27680351184955043,-0.038139588244973766,0.000480760376139866,0.00627774290737193,-0.024297866552632996,0.9891954660415649],[0.23286516270442803,0.29528095301387225,-0.02448196215129883,0.0007444895688062392,0.005324438988409952,-0.03452791056061244,0.9899133443832397],[0.27034938989616464,0.31475027412575685,-0.012452079596897647,0.0028003296356877705,0.003332746116811336,-0.05047827815842254,0.9902735352516174],[0.3048278934568671,0.33772382089097164,0.0016725583545280642,0.007283910472542177,0.0017647008434380496,-0.07284844642052946,0.9902234077453613],[0.3279948500229608,0.35218915532929884,0.011550462499286596,0.01462747517340679,0.0008687260443878131,-0.0964867373162761,0.990371584892273],[0.32798690397881813,0.35503513431287104,0.012550663973655674,0.02277946549880472,0.0009331853060103867,-0.11959792240741862,0.9909621477127075],[0.30970482219412077,0.34848157224949716,0.013205834706866426,0.0328663065826742,0.0036435825592775473,-0.1413156545603691,0.9913756251335144],[0.28130698476890714,0.339552602747375,0.01901642758261346,0.04235221533768563,0.008620510848473373,-0.15973610320376608,0.9909828901290894],[0.2521204583178438,0.3301647465525548,0.0174754467981586,0.05008491878817578,0.012170497184030182,-0.1717704694881519,0.9907985925674438],[0.22425076795997967,0.3190857642592704,0.008694608273174254,0.0521258555118278,0.014069557796744903,-0.17646032649064303,0.9909632802009583]]",be7c9079fc7931a5a1f2e5365ee77608873d7a74202b8ffc67100e069e0125b9,77625bcf308ec3472b9597c2452296ccbd42a443efb8e02b7147b6882c68bca2,"[-0.20783429048866353,0.004553233038951225,1.1765015915380792]"
libero_90-task39-episode0-seed124,39,124,13,688e89e8e475c13f1ee57169cdc7a129aced1ab7bee4b07b69ac2db8e7b9d888,true,"[151804,151876,151683,151915,151897,151789,151797]",9f492f7d0f1af031d34d4785f187e311717ba797ccd15145846fa39bc55f3738,"[[0.23363283885798936,0.005490982863349814,0.0437126895025699,1.0626800801993852e-05,0.04008647170473978,-0.005054930768761068,0.9842544794082642],[0.2435264584200283,-0.020430324097375774,0.04533546424971746,0.00015037678833618173,0.04784019296792508,-0.0022867926283378637,0.9846032857894897],[0.24608225937382855,-0.06311719013663009,0.03808692477349496,0.0006252628229701518,0.06300878494351991,0.0010705176977285902,0.9848260879516602],[0.2484526526309665,-0.1071396142741321,0.03121044408351281,0.0009432807885276784,0.07806796201469979,0.0066104801640030075,0.9847847819328308],[0.26569115395159315,-0.15386446796185282,0.025194383463031045,0.0018717083173065419,0.08729436538851587,0.014060597722830082,0.984237551689148],[0.2832468790122711,-0.20773450622584733,0.014812338024853489,0.0013115364014792963,0.09157167583137493,0.021185881885564584,0.9834823608398438],[0.31264883154898016,-0.26601209121146496,0.0067262567637556,0.0002803173307601714,0.0861648436914777,0.029400836141700637,0.9834244847297668],[0.3446423422381315,-0.3220556144695763,-0.009138987290953082,-0.0016346192390492842,0.07516655044972254,0.035789874933694676,0.9836276173591614],[0.3733572268246377,-0.36712562659964476,-0.023889092427054948,-0.0027266790168347654,0.06366674409281359,0.03943493226235972,0.9835370779037476],[0.3858560011035408,-0.3902171493718498,-0.03464390647891946,-0.0029715367934612935,0.0586275214039631,0.04084167043737352,0.9832822680473328]]",22000569aaa455952196c0b3341e43c7ed0a540905bbf315ebbe7e9ba9bb57f7,2d1e0872334ed35a02b7b5ae701f2998015bd9d0bf8102c6b7da710952a7bc98,"[-0.20865090299260564,-0.002884378377425694,1.1738131144355548]"
libero_90-task39-episode1-seed125,39,125,14,c729850e562a28353fd0d31a7e74c770e261782eed1bb75e8db4d844f0b746e4,true,"[151833,151780,151914,151860,151677,151872,151676]",510ca5aa968b5bb9a78ccc811ecd22376fa86152b90515f7e28707faae77ee5c,"[[0.04111528676495624,-0.010718469502819516,0.01854362790106734,0.0004215345824265526,0.0007830451771440039,-0.00013905633588962019,0.985971987247467],[0.04137273859517876,-0.009734584454079709,0.01839156102116135,0.00037216437420495296,0.00044815691960309323,0.00011194108203582687,0.9866955280303955],[0.041023245086970306,-0.011441700350189876,0.007744040117955819,0.0004440141763009109,0.00030251533418379495,0.000299468748835352,0.9869909882545471],[0.042920009968515416,-0.008866112944758697,-0.0011306594363134082,0.0006689208519601308,0.00038175126832129536,0.000992527744104521,0.986719012260437],[0.05122534774050358,-0.011797575846514974,-0.007271649687396575,0.0009206904577376829,0.000282237131713714,0.001574570809706799,0.9868483543395996],[0.059581849207832605,-0.01954878400344029,-0.010815708924042156,0.0006471518199611115,0.00044941810065779464,0.0013353804121116752,0.9852527379989624],[0.0727018717046235,-0.031860723193410934,-0.008626437272397425,0.0005505800014491413,8.602913739252926e-05,0.0010010228110299835,0.9855474829673767],[0.08790283072831073,-0.046329901333095336,-0.002775984855418301,0.0006027186325616718,0.00010666484000410037,0.0003324385900747018,0.9856907725334167],[0.1033516621845596,-0.05814082686349309,0.003045146227805162,0.0008222176555072735,-0.0003215110933467713,-7.38276942549021e-05,0.9852051734924316],[0.1132988292551822,-0.06435404198402495,0.007615015329008656,0.0008538699572269159,0.00018990278961439344,-0.00011067083693383495,0.9845096468925476]]",f83c699337fc15bd1f86adec94b74b519c6c09b024682fd178f1c983f00fa394,ca697c799f89e92e0918a290e9193fbb1144bdf250de222cd09ce75bdef9d3b3,"[-0.2100518948783864,-0.0037257246514332486,1.1782774666823566]"
libero_90-task39-episode2-seed126,39,126,15,ee838b2b2d8c9235a312ffed67afab49e7d21de13a171e07e0fc596c17b7a380,true,"[151855,151905,151747,151740,151860,151733,151845]",da2d07310626df5ef658cb7570665f3b90a184c23c05cf6f9952944e2bc72533,"[[0.2598801235806789,-0.003185634832334472,0.05478479642306411,-0.002985867995960012,0.03293422456849271,0.0027734605190641304,0.9856034517288208],[0.27003958246397985,-0.0019296157275050518,0.0679548256630369,-0.0026841929535352804,0.03513334696663151,0.003701743052483053,0.9863189458847046],[0.2730094606069926,-0.003313655712204877,0.07364545770030873,-0.0015942833175284221,0.03879994786223051,0.004013029249337663,0.9864146709442139],[0.2785460875868466,0.0017410678192675277,0.08088941059918398,-0.0005900471419195696,0.04212660584551031,0.005012902368784822,0.9863590598106384],[0.2956332609112451,-0.008281050348841745,0.08669929364748441,0.00031949051466684253,0.043453725815197686,0.006474016456762044,0.9861279726028442],[0.3125826145144579,-0.03716677354429265,0.08788514230019473,-6.13152820569951e-05,0.04350073708380364,0.007205696196820099,0.9850092530250549],[0.3369433317789188,-0.07870242540239047,0.08780651525995609,-0.0009417844982886336,0.04156135839957642,0.008206224222307767,0.9851329326629639],[0.3626109967260902,-0.12908386906524072,0.07882545079291958,-0.002647852789053662,0.038861378303209904,0.008721298467367689,0.9852039813995361],[0.3852639325255325,-0.17298816344769818,0.0691206899430199,-0.00367360883860135,0.035293566613376015,0.00889075072744916,0.9849152565002441],[0.3946301996246362,-0.197569966110116,0.06149572351165489,-0.003984373536184638,0.03365587832632855,0.008771370712064908,0.9844307899475098]]",0280b2a3e63a8cbb567b0c63709de2ac691b26d1aceabe3136b126d8ff400764,38dafeb3f9c040d4057fb2118be48abd9ccbcd2edf1d4926a86c8af1564d9467,"[-0.20449366047557363,0.004699302563991537,1.1795866994287367]"
libero_90-task40-episode0-seed127,40,127,13,a7dc34f1871bb758e69f33197c93192719e0c59373d6160c796de703289d2740,true,"[151833,151808,151836,151917,151803,151673,151916]",8a0cff838fdc399ed5dda174ddfacc855fa2626fb1789d981986fc750bfaaa5e,"[[0.11999328315600266,0.0004646514725692441,0.017608239132783865,0.00023747137248486538,0.0010282803436467702,-0.002859498604962596,0.9869636297225952],[0.10748426730909344,0.0054852429359897314,0.018569782312368943,7.409750961473449e-05,0.0006741565923817916,-0.0002804411942349816,0.98785400390625],[0.0874039074455304,0.010907424317210257,0.007171373174884366,-0.0005259212396893087,0.0003926450920772595,0.003651072036548797,0.9885498285293579],[0.07744380598083112,0.021700230232113427,-0.00012630820148729072,-0.0012095002199179472,0.00046827623312140076,0.010009835457870153,0.9884980320930481],[0.08963656927086205,0.03155414802883172,-0.007305284587943106,-0.003176898403510542,0.0005926862823599777,0.01696634097816485,0.9887218475341797],[0.11883015887227444,0.04235720381402075,-0.00785518245061212,-0.0055366282511295495,0.0008480208278598411,0.022276038480596227,0.9874180555343628],[0.17648744977590525,0.05364354098318813,-0.003081811280679858,-0.004111665620709637,0.0008275936669974726,0.028720501035218504,0.9873113632202148],[0.2704804996245187,0.06415232299247009,0.006446093330794156,0.004580951554905566,0.002670238771273148,0.04163522944245912,0.9873592257499695],[0.34788026693689034,0.06904786603840307,0.014573890604907547,0.010106954347111063,0.0036477236025831417,0.04714156716145368,0.9870880842208862],[0.3828795012570758,0.06727361349192051,0.022764698715434406,0.010795922523900714,0.004455296561090449,0.04792999918782215,0.9863365292549133]]",599afd2249199c1e5aae5c1e115538fc11139d8437b5919ee03d3d55589ef52f,3de08983a42b170bd17205813885729908cfd2a926da2c013ec5dfad3618e549,"[-0.21720569132487547,0.006903027903995395,1.1682764068322269]"
libero_90-task40-episode1-seed128,40,128,14,19a24c57fb8ca6adc65e823401fa489da1d7706c2258d3f396776364c7b940ca,true,"[151765,151796,151728,151918,151765,151874,151879]",9a333b40dd2eac39f222e88fc50cd2ba5799f5e012231b7d8f39efef76f2154b,"[[0.2854259491843294,0.20963344690002828,-0.007556618106150381,-0.021767042677637072,-0.0018747399719671876,0.07007671350890732,0.9883356094360352],[0.3582895847637886,0.22457119785983082,0.0008266078445160474,-0.0197527197260432,0.004087796346198047,0.07861695023956372,0.9875938892364502],[0.4529564591557005,0.24189337614423323,-0.00898560996037645,-0.012351359583292254,0.01987895495707903,0.09198133713421797,0.988410472869873],[0.5515990043003285,0.2681628711985695,-0.008719970689014644,-0.005011098533744152,0.03708956787974671,0.11162982816157552,0.9879058599472046],[0.6252494748286708,0.2857289963957754,-0.0070647622877686445,-0.00034846533238064303,0.04961273825279022,0.13194927978323534,0.9870524406433105],[0.6642216429308121,0.2936894556545866,-0.0026417728658998385,0.0008010207642390466,0.05973068739612586,0.15167673376747715,0.9872526526451111],[0.670306458667131,0.29938520607373675,0.0005902353047986253,0.0011715280278086215,0.060102785460060204,0.16893792387276818,0.9873786568641663],[0.6488308617414944,0.3038437971493835,0.006124978314375085,0.00018475137256523944,0.05519101157165096,0.18331857524948347,0.9878055453300476],[0.6241490360042903,0.30372223368779316,0.0072801405805478225,-0.00016626619385218255,0.04885974364921708,0.1926110183466676,0.9887183904647827],[0.6013266728858504,0.29632479980378434,0.001421934663767388,-0.00022937700768910219,0.046256387896647766,0.19617108758287571,0.9881266355514526]]",061ca6e802e446aab45bebd0d09c978a2a167dc2bf550ef04e067be938aacc0b,8057f9f2d4bddc8807f1c88e8ab5a60b2c56de8111e2b5a2f0f4f9c4aa04deee,"[-0.2119084969419502,0.020391457648040255,1.1668678005630144]"
libero_90-task40-episode2-seed129,40,129,15,0dc1d5d7ca6d02877cbfab9a9e7195db8ef258b5a40cc6593e076f789deb4143,true,"[151855,151883,151705,151828,151816,151763,151672]",d0f4ee59acbeaed79f58829b17b065d4653a6181c145cecaa761713200a4e49a,"[[0.26805925168486766,-0.0015497555347110392,-0.006813483371672646,0.000335879578181153,0.01741466675954939,0.007387498113665458,0.9879903793334961],[0.3095704457587303,-0.0028190994709120787,0.004437827678032136,8.998825700867741e-05,0.021639166487062766,0.012041559823142478,0.9886085987091064],[0.35885119350591665,-0.006891680431593272,0.00426381074939286,0.0002667520585946104,0.03072405938820566,0.018825432111158946,0.9887418150901794],[0.41022386980773007,-0.00496798477634286,0.007546762689912612,0.0002368254071436482,0.040945822600406245,0.029828639478962415,0.9887798428535461],[0.4595479676401837,0.002978329661473822,0.01022941901905483,0.0007151719703912818,0.05106563868892522,0.04306438411565949,0.9883328676223755],[0.49809669987890004,0.022803731267089233,0.012667457889676825,0.0003430405653923607,0.06131711413510743,0.05688720523867019,0.9883221387863159],[0.5310253716742643,0.04919509727912441,0.017203036864998467,0.00039937797122280294,0.06743743711294314,0.07151110743043176,0.9885765910148621],[0.5546645881305707,0.08105589657439793,0.017840134299376587,-0.00011981205774236336,0.07123986820118944,0.08427084764528558,0.988619863986969],[0.5719753101635163,0.10675877879933182,0.01722678878340389,3.760046783596316e-05,0.07240279630033797,0.09213945016399805,0.9886870384216309],[0.57647939285172,0.11625374613863926,0.014780668800312924,5.125802076455521e-05,0.07173931575997017,0.09536809952050618,0.9881381392478943]]",14d94a8dd87141d751215b19fc240fd312221062b0eee590d73842868ebc1009,3db0a9247d25157b6b8aa8af9c6bdda4ccd9eeef61a4c7ee0afcf46636d9af07,"[-0.2113880099672875,-0.01098770182475155,1.168560336432638]"
libero_90-task41-episode0-seed130,41,130,13,5c7cd9ea4aae9eab09798666b764ce3984a457d301cde1f4758e8da11c61c49c,true,"[151855,151883,151915,151828,151682,151889,151777]",622e79d359cc62bc30d6fdef50908a04eb5e4dc55d3668ba088e3c36ae8e3a6b,"[[0.19912334572513046,0.016997077251446058,0.07448196204506985,-0.003490819103189491,0.03949790730513314,-0.008374443660489561,0.9869740605354309],[0.22332275829349513,0.032686451199310795,0.07296642584447,-0.005522232452096709,0.04281834875817481,-0.0028332275169375976,0.9877880811691284],[0.25148556939084443,0.054035086028108026,0.05191512786279873,-0.009808572386048597,0.047283585108743864,0.006147461593362991,0.988384485244751],[0.2838164337985418,0.08387450840430688,0.035499221515863155,-0.014063121597136297,0.051800996618851514,0.019777571936053562,0.9884324669837952],[0.31808215995497946,0.10881428778645841,0.018861412188698523,-0.017143518063646113,0.05598565494170771,0.035585431979448856,0.988196611404419],[0.34778570901159256,0.13023620918779955,0.015029436019290188,-0.017800243341832722,0.05751956888212817,0.05108346533087982,0.9874033331871033],[0.3832289506205946,0.14103639500930854,0.018617013138623406,-0.009517251245235947,0.05359242982785872,0.06900839335242637,0.9872448444366455],[0.4162763716312021,0.1373495166674843,0.0032645921130267652,0.0066891055863493865,0.0461180154807721,0.08765993027011731,0.9875901341438293],[0.44542096062706804,0.1360849901703176,-0.0015353156829860382,0.019520837966576776,0.03925053706834092,0.09803506403347129,0.9874846935272217],[0.45674990062941134,0.1335322599756239,-0.0025846044553929914,0.022480429686202674,0.03820528609909957,0.1013950688301044,0.9871439337730408]]",3dd27e423972bc9948bbb1ec5635bff79131cfe637aacc31997a8ead020c8fa1,dc35232bf37f9d7c43d8f1edd75ce186b596f493a878dfb1606043615dd94e9d,"[-0.21370392141825886,0.0005447657321013437,1.1695284204955916]"
libero_90-task41-episode1-seed131,41,131,14,7970f367c619da09f3b95a76c0e948f48cbd2ee3fd603ea01c145ecd571c0265,true,"[151765,151840,151730,151712,151852,151874,151900]",4770a997c11a385dad1660befc7099006df57df071967d793cb8ea5ccbf0b184,"[[0.6728153779604895,0.2821649114999758,-0.023431199121887403,0.002801270899470687,0.08335781216385385,0.12335257144028589,0.9849693179130554],[0.7041077826881192,0.2995230668290816,-0.01537280113120687,0.002326763215965144,0.08653708078324485,0.12899299649317442,0.9841461181640625],[0.7294699663826947,0.32091915855730235,-0.011383898493988909,0.0023719992460029538,0.08767899581852134,0.13738118275282574,0.9843711256980896],[0.7523915667635386,0.35457225017076155,-0.005504506958033062,0.0013796580607488007,0.08718508951193371,0.1487226584463528,0.9846695065498352],[0.7758951707331434,0.3764392209399148,-0.0002879850529780015,0.0013756715317858603,0.08484779330910897,0.16033043764755206,0.9842187166213989],[0.7897087504495204,0.3860654891175841,0.00023695964483749776,0.002578791207879183,0.08074172543402369,0.16991612895807506,0.9831709861755371],[0.7980120134210935,0.3890892008519131,0.0025633371978983632,0.005720277539515539,0.07635452341989435,0.177754119297294,0.9825215339660645],[0.7931935322529782,0.3876658013653156,0.001411614864736066,0.008018022398606606,0.07132002767735912,0.1826357140768451,0.983293890953064],[0.7859868233730936,0.38057002116381966,-0.004389641049982629,0.010555651101196828,0.06526959597718474,0.18516705690462132,0.9837422370910645],[0.7682109928896637,0.3678189775308027,-0.017219990555702225,0.011163642908426752,0.06227193742967074,0.1852506603385926,0.9837238192558289]]",ee31322fcb342bae589aab775e3bc0ab33b0f79d6cd4925bfbf37c2adf56f274,fe4ef4d4cb7af4b2d610665bfd030c200d5a27fd840786369d09a2c63047dd52,"[-0.21722654433860714,0.0190687702233018,1.1615673738255714]"
libero_90-task41-episode2-seed132,41,132,15,4d6df5a89351393bbd960abea256b48c8727ec092918d8db164c10bce306f25a,true,"[151855,151883,151878,151732,151869,151785,151676]",254a37a02ebaffab359ed8fb98d257b6f1eb2e3874b468b22c69f2abee494eea,"[[0.15419879595571473,-0.008731327150499624,-0.062226217592524335,0.0007213732376669668,0.004173060129943451,-0.003911577091638918,0.9870180487632751],[0.1814071105727706,-0.006212831522560691,-0.03658899748893418,0.00040309688597295334,0.009009371696819812,0.0019394283206750629,0.9871289730072021],[0.213711223298521,-0.003190349772665968,-0.011894974255540092,0.0004804558496218636,0.019990634029056764,0.010893584380534449,0.9879521131515503],[0.25411685776400006,0.008084200045672674,0.015553507083325258,0.00021436426942189613,0.03353724786271073,0.025836051582000863,0.9875751733779907],[0.3123474998972142,0.028628220057029807,0.04186298838095581,0.0005629087113900866,0.05067433492294526,0.04435376312821404,0.987061619758606],[0.3784291868009042,0.06755415244164453,0.06900537028400322,0.0011021513501618951,0.07040792564970388,0.06442704492504703,0.9873456954956055],[0.45459793529681747,0.11561107927171577,0.09606945275947965,0.004326164368176899,0.08780972170359291,0.08699884940122615,0.9874676465988159],[0.5260878764227677,0.17158818337037474,0.10404376349879385,0.00670565152716085,0.1032225061369445,0.10626004770782771,0.9876325726509094],[0.5852497949295028,0.21648856014721218,0.10752038912801254,0.009181332153528343,0.11384613923041798,0.11765316742054921,0.9879786968231201],[0.6167005908037098,0.23477842868530274,0.10922714192230387,0.009749071091924133,0.11596323520720375,0.1220118103709531,0.987354040145874]]",847c3cae477f3b17b9d814e238700b60b3a27c34dab1d5b11c2076a0082d1ee3,b767e038b134d07c251228809b1db85c644d164df129da6077335c91d9b69d12,"[-0.20815832600796333,0.0007681395094570795,1.1703168024088502]"
libero_90-task42-episode0-seed133,42,133,13,7915303f7c5908ad2e2ec151b84134e7d32ad48e9b177be515f57af9d614ffa8,true,"[151855,151888,151752,151883,151758,151799,151908]",3831ce3ae8204a6df050080165f69269922e1e8d426f0b359854d3d4e2fabcbf,"[[0.0884806847162416,0.01996584968104287,-0.0051102797146143075,0.0004520702869135196,0.0003445116702494033,-0.000605199743922924,0.9883298277854919],[0.09553037093492911,0.014769267944814146,0.00407865499005311,0.0003009236251449998,0.0020469472051445337,-0.0003132613426650721,0.9892681837081909],[0.10476848599988742,0.0046450610686576965,0.006829127141401159,0.00019967317194735656,0.006867528765795328,-0.00022374504272804074,0.9895036816596985],[0.12043773189171603,-0.000823757222363497,0.01000216503192064,-0.00016631233423369807,0.012540708441662218,0.0004107653525196042,0.9895095825195312],[0.15627880544412776,-0.002691488585853108,0.01717950335503815,-0.00046103863520219335,0.018322121285365256,0.0012816968283910768,0.9895148277282715],[0.20331002809452414,0.0043267000975788505,0.0266311834191697,-0.001016181249444248,0.024315432407377102,0.0012935599835248723,0.989189088344574],[0.26547687562787914,0.016520048288342082,0.04270921190152421,-0.001775089016535114,0.028566446728717665,0.0008452487313945767,0.9891111254692078],[0.33728589457084723,0.03215417543536603,0.06273082326873691,-0.003039935295019891,0.03241855047551212,0.0001896690732436923,0.9891420006752014],[0.4015904045573393,0.045270319447965335,0.08141992471234971,-0.0038263335014177002,0.03472539958295329,-0.0005123714905810317,0.9888962507247925],[0.4388517010661843,0.04957690494727274,0.096029484014025,-0.0042077391231012395,0.03564298327944471,-0.001068592546586089,0.9881897568702698]]",789fd014c6659f23f545bbdfab2b08b9e4b6771a0b399bf89343804d3bb88cc8,585a1cb27db8212e634662fd0c1a0f8596859e76bdf472c0ae0c7274430f5a66,"[-0.19800523624060506,0.0013788356678609808,1.1813939233827324]"
libero_90-task42-episode1-seed134,42,134,14,1096f12147bf2adca7c77e7d322a58da49b4b301d189dea4f3a4a6443ece1092,true,"[151855,151833,151875,151726,151723,151671,151711]",bab999bf03a2a777e167a810a13c0581c69d85cc4eb1815635242b11dfd3f278,"[[0.12395986010264437,-0.045064247350197206,0.0022819179163775516,0.0006254935248777294,-0.0008862520807468854,0.007938760595363803,0.9885956048965454],[0.15298684764519876,-0.03831875646572058,0.009131097550721279,0.0003796944844682848,-0.0008723790891451699,0.013160382591147268,0.989128589630127],[0.19449186146250597,-0.02953789758922909,0.004547741728032406,0.0007976156040832016,-0.0005703808446213543,0.021640873179308073,0.9894592761993408],[0.2470961746064333,-0.011156856454945796,0.003197868333046472,0.0007524164863506044,0.0008884282744077154,0.03505402250657852,0.9893443584442139],[0.3123363754354145,0.018889613301027453,0.0030715736496631507,0.0010285020731868322,0.005268837785848746,0.05128588743220064,0.9891568422317505],[0.38453925329972094,0.07185694548894617,0.003982227661538218,-9.147263541553485e-05,0.012512843291744957,0.06905928890757451,0.988767147064209],[0.4633853772248173,0.13700460853236507,0.011086071542877107,-0.003309856526885646,0.023938349202580866,0.08893385350011584,0.9891120195388794],[0.5412721487537553,0.20727915419406884,0.01811407309165247,-0.010027729970170984,0.03824890111636137,0.10624272076515595,0.9891386032104492],[0.6049671088651252,0.2638907252634226,0.02289628980361158,-0.015454484801736612,0.04946084041489485,0.11631895541162152,0.9891432523727417],[0.6389199374611003,0.28875742307043595,0.024724368489160042,-0.017130894055263468,0.05320297314594313,0.12017425629089118,0.9886733889579773]]",9474c1fa5f072bbb2b80e81fd6b438f47d55aff3f3cbbe6ebbbc3affbc204681,e55cee0bb94560906b86cda06bc515eefa119fe5c393d2b855f84e2bbd0ee1cf,"[-0.20854961568072367,-0.011593008037645146,1.174796124753478]"
libero_90-task42-episode2-seed135,42,135,15,f18e2e7372a592f22970d64c806051b384cb2703e58526cee0200eb572f2b17c,true,"[151855,151883,151907,151887,151909,151906,151746]",058891b00a57eaa7ab02385d3d9a11dbf77f96a66f585a44930c00650915d86d,"[[0.1729255030548842,-0.0008024374921689059,-0.011416550556532457,0.006796289692609925,-0.00019495604325925342,-0.004841917901185155,0.983214795589447],[0.19881627526370593,-0.004212876832383472,0.011656882014165149,0.005944612074443967,0.008332196914921042,-0.0005935611280030173,0.9837936162948608],[0.2327110977374396,-0.011463225077790185,0.03183356337740406,0.004206411621991535,0.028808851685766967,0.005579208977813721,0.9841018319129944],[0.2689901749008712,-0.013187048262466305,0.05585477939564498,0.0023013029534448837,0.051667073093625504,0.016138801705377404,0.9840618371963501],[0.3194065889348039,-0.0008326746095121962,0.08905876007997904,0.0019537643717937314,0.07304611780494952,0.029896749707175374,0.983313798904419],[0.37512972440472936,0.03800234142566694,0.13104396150407638,0.0005698574528463229,0.09360646733114208,0.044703894609071426,0.9835340976715088],[0.43927001614560623,0.09127409476107573,0.1788267058993256,-0.0013693858699455053,0.10453643832363468,0.060468942509018575,0.9838230013847351],[0.504528846033633,0.15285193298133493,0.21829573283156378,-0.004723136412705831,0.1100654362063267,0.07410895128872141,0.9838982224464417],[0.559833048398481,0.20410394937691478,0.2502891847088904,-0.0068384883436660715,0.11178241008030909,0.08215048642533063,0.9840133190155029],[0.5891005362104202,0.22730463326766426,0.2698318263559827,-0.00750246688982692,0.11043781232592664,0.08532382428881746,0.9834619164466858]]",64778e72b9232c5c9c9dbf371d0c8589d6ecc34b5a1fceec13af601f4f57bc23,460096cd70f6dcb7cd46b7942edb66287e92d569627b1a62690ae976b1fbad6f,"[-0.20939452355075802,0.0027343683378360517,1.1665278412816076]"
libero_90-task43-episode0-seed136,43,136,13,f11c2a2874510a5de596108500b089a103605820503ab3acfa2d7edc0fb9d9ed,true,"[151790,151736,151894,151767,151893,151883,151685]",cf4031c0f34ea9e4791654b57e1ec7370df060d0b1627f135dc58bbbfadcd71d,"[[0.005079358552290358,0.1632170118092091,0.0186101878747138,0.0009446373157442345,0.005395492141531122,-0.002266715080295967,0.9901193976402283],[0.017795986874771685,0.2167255371482213,0.02201086196714641,0.0007399954956466281,0.004839936921655408,-0.0020952981020929684,0.9910216331481934],[0.0402684150381063,0.29037803006133345,0.01805717769170201,0.0006781027878817181,0.0029338355422652285,-0.001495909382217775,0.9913209080696106],[0.06787672468836625,0.3808785422594241,0.015012782375350753,0.0007303244716809765,0.0011471094184543063,-0.0006769774459627342,0.991195023059845],[0.09510203501094949,0.4551229651815447,0.013696980697801564,0.0008442358455664767,0.0002895460234952907,-0.0006522968440361154,0.991133451461792],[0.11703452947478965,0.5197251301283501,0.011985805132496807,0.0006552909832604481,0.00025670566327562483,-0.0012670103652592246,0.991025447845459],[0.13501077684937357,0.5732543602053397,0.011766850666276696,0.0008544605541103145,-2.443840632793126e-05,-0.001297472851943482,0.9914546608924866],[0.15002111910301608,0.6131371179811396,0.010187593801816774,0.00038383789072837793,-0.00024709148055990227,-0.001760584980589286,0.9915823340415955],[0.16171045635191916,0.6440386319163593,0.0034637260128533853,7.929291657338133e-05,-0.0008152684415421163,-0.002292555801494345,0.9912319183349609],[0.1645882486722563,0.6593800227680191,-0.005852049396310122,-0.00026794113855976853,-0.0005167657539573156,-0.002153416335287872,0.9909546375274658]]",b2b3f8e79c15cf7ef475c231475e1f975a48d059ed17afb3f9547ce3919758d0,ce1a6a172fb5c177d414d50c3861e5b38c084346fd8f45db711b0d394d036de4,"[-0.20615699725635928,-0.020603159055487315,1.180164167460431]"
libero_90-task43-episode1-seed137,43,137,14,7cfc2cd94bba3d3cea4ad9c57be2caef768b15a193ac0a5d6f4ca2f2a5a9f903,true,"[151833,151808,151752,151909,151767,151885,151780]",d3141d3840c6aa63c4842c556eb49e4d4a28be219ab74911cdff201ffa1e93f2,"[[0.18845004265393683,0.0011625651403335269,-0.014997247809844794,0.00027272262396271785,0.0006971061153535629,0.0005706934076119552,0.9890989661216736],[0.17611760556575362,-0.005671638371467225,-0.007285955440551106,0.0001897160776163087,0.00026410393009257405,0.0005598968137441318,0.9901005029678345],[0.1532382957976246,-0.01890806461187111,-0.0019352761480888603,0.0003713061631087644,0.0005376312605704925,0.0003435907043645159,0.9903049468994141],[0.1305875672326664,-0.027414534460810103,0.0013872623231065973,0.0005467872620885661,0.0010062047099097526,0.0005938957930471389,0.9901669025421143],[0.12426225122696266,-0.02722578309949597,0.0041851837091542166,0.000778965661874631,0.0008469979802327998,0.0008946099352478143,0.9903942346572876],[0.13011345326548707,-0.010203208523549279,0.007444547537602375,0.0005478484908634229,0.0008113671327976135,0.0002647587286883635,0.9896063804626465],[0.15313588011756352,0.015778265175754314,0.013971847725969155,0.0005185032082195562,0.0008144257451192516,-0.0005436198645139001,0.9898092150688171],[0.1864034948403024,0.04858584498933283,0.015691650424855652,0.000324381395107487,0.0015091180339510402,-0.0018218280511774765,0.9897578954696655],[0.21971887411727664,0.07642613266497733,0.016444777345697048,0.00035052453527417704,0.001710410474728974,-0.002803120550675331,0.9893168210983276],[0.23956376620607855,0.08844902551288669,0.01836136605362526,0.0002351643534090897,0.0026063753432197245,-0.0031674167136088727,0.988644540309906]]",f9c67912914a7b1840cdfda5c63693352a0b71d60d6227caa52c9cf19650ef30,89728a9c601ee936e3214506b402c8feaa6c12b7253f38db5b284d51358b621f,"[-0.21105376366979475,-0.009193353113356124,1.1735037014202987]"
libero_90-task43-episode2-seed138,43,138,15,b3b128c7af40627bd2a2e1be9cd3e0600247bdf334d43da109ea368e44994225,true,"[151833,151736,151837,151879,151815,151859,151728]",046f188b0dad8b3ade825d36a1d0dc8f495d666920deb1e8c6897558fdb850e4,"[[0.00028807051301882325,0.06969330037030375,-0.044616490684632026,0.0005920325202026788,0.0009526789942810865,-0.0378167738496451,0.9881268739700317],[0.00502386867736071,0.08440944913452597,-0.029412478197485825,0.00037341939258217494,0.000761664682570995,-0.03781542661436177,0.9890482425689697],[0.011841177249564794,0.10058907437816345,-0.019969534471158568,0.0005054270240980596,0.00047511838860714306,-0.0370900339722926,0.9893239140510559],[0.018344926090961167,0.12402294281791626,-0.010071099932559946,0.0008382006836642475,0.0003978586358073244,-0.035226133957801053,0.9890830516815186],[0.022982943767658526,0.14921138405320278,-0.0030404228803320166,0.001047345804997768,0.0001671320167133672,-0.03330471448135164,0.9890596866607666],[0.020150223175486204,0.18361538116380416,0.001184197071268045,0.0007956777080595501,0.00034997347796661415,-0.031381199305572594,0.988150417804718],[0.013773257882855106,0.22079207068543383,0.005506390995719812,0.0008917142981459403,7.890892624118351e-05,-0.02839381733438806,0.9886643290519714],[0.0036138431442438446,0.26096366980588925,0.0029041089743770954,0.00048028974424840776,-4.766598496530605e-05,-0.025925775853327337,0.9888662695884705],[-0.0051211107477247,0.2955187500045042,-0.00409626390609219,0.000221359151259648,-0.0007018515216543619,-0.024067826128003844,0.9884183406829834],[-0.011770139762862897,0.31328669514763874,-0.010860428053177884,-1.5414830525362078e-05,-0.00047070781906199954,-0.02243920578646552,0.9878943562507629]]",6e4e2c382b9a77092fa945f3671e7110917434467056396a6d9ff1e5c9dd33a4,e50d425cfa562ad4899340367a0b2c97af2424bb8b62ea92c0bf8c6452b45d3b,"[-0.19301030550414072,-0.009944981706696708,1.1896191726876566]"
libero_90-task44-episode0-seed139,44,139,13,e113b19f6314cd7f14ff3256d051ae2cc2e3d34024b647f5d59dbc3ae7439d52,true,"[151790,151784,151797,151768,151716,151749,151723]",e8db7c6ca123ee4af48a78dfb32b8cdd6c915da7a960f3c3e700a9332da19e10,"[[0.03353087592015669,0.07713286122118745,0.018539860355389237,0.0007423578831802224,0.0036798886847577705,0.00013332844215874218,0.9897128343582153],[0.025036687165711058,0.09482813478399521,0.018823190710804738,0.0005795284768119746,0.0030987225519680806,0.00021811070700294977,0.9905581474304199],[0.015844482578021513,0.1158888507564626,0.01240214623098268,0.0004990227391437063,0.0018275017016264883,0.00044308028771844477,0.990969717502594],[0.011359205527622152,0.14571300082593552,0.00713298789065675,0.000539414029122387,0.0007428859945832755,0.00101518749310614,0.9908468127250671],[0.02035019861974341,0.1799305527960371,0.0059012734644738885,0.0007457630433360674,0.00018185903643086476,0.0014656880025718522,0.991034984588623],[0.0380551768762345,0.2280479538607949,0.008911815471833506,0.0006679980443298206,0.0002524454532562004,0.0012696652688468646,0.990444004535675],[0.06625467221070913,0.28219279114715334,0.017164596978659574,0.0006084769521748079,-0.00044153183529260787,0.0007222386653857882,0.9906735420227051],[0.10568890277974674,0.3388021072450442,0.0305973715780965,0.0004615013808952906,-0.0008639381135822077,0.00025721795342192877,0.9907373785972595],[0.14358402874303877,0.3867494629617596,0.041208745883636766,0.00042965528957328303,-0.001559573805565151,-0.00033408735475326523,0.9903314113616943],[0.16583657220706982,0.411888704819674,0.047688596837303976,0.00014909408573005045,-0.00116026600863961,-0.0004965601876030235,0.9897750020027161]]",c326d2793ba766b26cbd4d8cfebf70ce63ae7f03e24ea17a86f443c2438fc8f1,057f2e390abe5f5ecdbbe52c5d249ac2d365d17b794a4a3a4405fa1895717c68,"[-0.21102039830626487,-0.006519807959931096,1.171412365882397]"
libero_90-task44-episode1-seed140,44,140,14,320c3ad276b7a20c86551625a6b9f379224336063ba39278ce03f402b3fdc64e,true,"[151790,151688,151843,151838,151786,151850,151731]",d0687632c861b5f360f16f30633a85417911c2e1e027a05cfe222dc2f313d134,"[[0.03678023409354303,0.2437708448844944,-0.011595918492076862,0.0008791641143737206,0.0010691843181689364,0.00036001949018071855,0.9878823757171631],[0.043659874967577395,0.2571423131659145,-0.0049496949053491335,0.0006516643492733287,0.0009354891958111011,0.00035275938893164493,0.9887411594390869],[0.05428320625005156,0.2696839519489913,-0.0033934801318480368,0.0006021649479834856,0.0006175524033125157,0.0005552002018536228,0.9891199469566345],[0.06807268296586244,0.2874113076057938,-0.0017695041382523868,0.0006748452769467228,0.0004151874621101115,0.0011495929242197889,0.9889291524887085],[0.0871955445102337,0.310474438237307,0.0007565533357478671,0.0008781767102092886,0.0002109754368433414,0.0012261607961558951,0.9889439344406128],[0.1057794435382835,0.34768443983736574,0.003396292405426493,0.0007409367594295446,0.00032123443881459934,0.0006683492540524583,0.9883281588554382],[0.1261861650926619,0.39179096416056325,0.007030554329901406,0.0008005962727291038,-3.131035349213107e-05,0.00030107794653488895,0.9887014627456665],[0.1488397189177597,0.4403465471800416,0.008994264659861528,0.0005577779009655615,-0.00019619736319498315,-0.00015647683656716538,0.9887802600860596],[0.16942059127293163,0.4813775979239665,0.006956568469121294,0.00043550588994945016,-0.0007274127817709086,-0.0006181294603226917,0.9883992671966553],[0.1792389882837533,0.5016005919979705,0.003397985070876075,0.00015605205526258992,-0.00035304061971430656,-0.0005243094921194569,0.9880390763282776]]",0f863273cdf3b579f2daccd8892814fb947507f24558f6365a4acfb0add45a4f,2a55aa7a774aaa3d82e1d193094021ade329239eadfd32b4989e962ac56e91c4,"[-0.20667394294438987,-0.01815208552181975,1.17512050803723]"
libero_90-task44-episode2-seed141,44,141,15,9231999fda50b40bb093a1d7cb6bc4d6d800e16bb86c774513620a372ebc0abf,true,"[151790,151688,151718,151765,151903,151749,151685]",7ba705fba32698144da302b333f7dd6f6e3544020706cf3917e90293af656193,"[[0.025068559631661103,0.15216191171369076,0.008622642690511384,0.0006730550301439209,0.00134093407849889,0.00044057293316335233,0.9904127717018127],[0.020237850384503986,0.17616311047376598,0.010148553292253837,0.0004911327339045535,0.0010892043260923856,0.0004910006982825621,0.9913026094436646],[0.016193711218091877,0.20503279262221952,0.00557458903270458,0.0005325667965054848,0.0006187837926887596,0.0008078255290797642,0.9916440844535828],[0.015792568422956066,0.24347226616306727,0.0020146951837887173,0.0007279713122236853,0.0003534690349056291,0.0012680934943496425,0.9915161728858948],[0.023638757277566924,0.2867243612992354,0.00017924521321788234,0.0009874186774854188,7.322864621528424e-05,0.0012905661273396873,0.9916205406188965],[0.03512233612786453,0.34793258919698644,0.0001473029781209334,0.0008946026860288114,0.00028206831220245476,0.0008421987404059195,0.9912325143814087],[0.05197955976371205,0.4162128175971702,0.0028748968448439882,0.000841209036539059,-0.00011066545434346153,0.00042343310650316823,0.9916287064552307],[0.07660677851978015,0.4856896158545254,0.007430405590781675,0.00041489036748831865,-0.0002158995932148855,0.00016089063066360154,0.9916865825653076],[0.10035066203532139,0.5446292399619068,0.008104141041826551,9.181541611669175e-05,-0.0006804015131649521,-0.00019691260666832022,0.9912564754486084],[0.1127034056807581,0.5760339200294595,0.00619546964003348,-0.00029960266835571403,-0.00031420220156519463,-6.774642387874508e-05,0.9909156560897827]]",d78ac86c96fbe818bc7cbb345504049c23652e9799dce4beacb6d37ee20179b6,16baea69046dd8e1f4880cd2e680615ceecb22efbc0a44f3f79c1088c3dea6cd,"[-0.20845882139359476,-0.011851945315292272,1.1616576797683982]"
libero_90-task45-episode0-seed142,45,142,13,0df8f46f9826565a808f77d4c5775fabea1114315750d4e70c5be51e8ba08029,true,"[151833,151736,151718,151908,151716,151749,151903]",22159352b142acf369d86bfbb22ac05fabe5c9ff1ca359370954e380634849b2,"[[-0.003122768935222453,0.11771025270626012,0.012238667509819834,0.0005596327443024851,0.0015157019948901507,-0.00015930228834193372,0.9908393621444702],[-0.009264398887161462,0.12556944324664698,0.010090292839521453,0.00045102751429126897,0.0011686090797411453,-0.00020692331328753255,0.9916050434112549],[-0.016830666264501914,0.1322997130737491,0.001692269716699002,0.00030199408199615974,0.0004562304644650794,-0.00010937973645397392,0.9919864535331726],[-0.02472144125569109,0.14409967124294099,-0.006473312218417959,0.0003568273113891962,-0.00011103288504443753,0.0005613750302355669,0.9917833209037781],[-0.024267854569213654,0.15339107615837122,-0.008685407552576407,0.00046840398197001143,-0.0005344322192826212,0.0008869007555709629,0.9919614791870117],[-0.02218148824548649,0.16307259113688133,-0.005632876521644903,0.00034248688081417455,-0.00035241499446669877,0.00021769905177748683,0.9917036294937134],[-0.015379630314670933,0.17250882671945078,0.005730423458288669,0.0004448077908629777,-0.0005621583413670805,-0.0004873353682324222,0.9919419288635254],[-0.0051838403517621146,0.18450793986829694,0.023292701131481408,0.0005915711163875237,-0.0003240533165751458,-0.001286189756445566,0.9921767711639404],[0.007407770209541198,0.19491207070196026,0.039103834493914746,0.0008399355620092308,-0.000480419906239149,-0.0018060167481994682,0.9916254281997681],[0.016752538844770015,0.19923228852874786,0.05018653422399666,0.0007902331430407195,3.9573980117779683e-05,-0.0018270860111027076,0.990942120552063]]",aed785f93a3cb122d1c9d95e154dccded62a28386bef024626834be3a35face0,a537fa6dde38b4cd5e2ec48086c6452d597f2079374cd9134b7f1b4c6e493f93,"[-0.2029292379058859,-0.005621351986240949,1.1845126639781067]"
libero_90-task45-episode1-seed143,45,143,14,3b7c6255a992c81060563571bc05634e7449b3151298142ab0ce33f8b7b383e2,true,"[151833,151736,151718,151908,151716,151729,151738]",69ea70d16614f666cb048ceba4f050fa50ea53ea320abb189097bf65ee4c2c46,"[[0.02227583412834022,0.10239100157441783,0.02294772499243436,0.0005551386711428741,0.0012151039592538382,-0.0004936037546201533,0.9888874292373657],[0.015398135620651843,0.11660070424781566,0.020403594219601473,0.00046374380343694455,0.0008855583427163083,-0.0002711041052574359,0.9897046089172363],[0.00714837601297269,0.13319883169522484,0.01046289764687458,0.0004611599420720758,0.0005200343091615878,3.550419130782245e-05,0.9900701642036438],[-0.0002836915077359947,0.1564720846675982,0.001338775648292767,0.0006682379743137012,0.0003222473558821548,0.0007588759804519896,0.9898390173912048],[-0.0017119487976913206,0.17359603046067207,-0.003752434411381955,0.0009888305731597935,8.98921250325202e-05,0.001382121991802876,0.9899035692214966],[-0.002791639617921504,0.1859674188983007,-0.0065523760755468174,0.0008374624375599993,0.00035094667279622627,0.001294925930409363,0.9889262914657593],[0.0007828441949691012,0.19455055777697794,-0.0041673012528633535,0.0006920279550231001,-7.139371703601682e-06,0.0010629769224621555,0.9892602562904358],[0.009551568774543995,0.20213597428202945,0.0018745861662523566,0.0006562045628144553,2.8809253635131427e-05,0.0006272211547084794,0.9894136786460876],[0.020688788389600532,0.2077614105910186,0.00692418941713413,0.0007510968714392607,-0.00027729031195633524,0.0003051757871883609,0.9888784885406494],[0.028186278340417203,0.2088503568101885,0.010183280235025904,0.0006866941269199067,0.00026357761043982464,0.0004076592267274748,0.9882962703704834]]",52eec1d79c39b4dd50f23b611e1d170f1c89647ef73e9445f6d02282e8bde9ed,3d27b48fd4c9922ef3baf5484ae443cd76242ca2fda3f721fc031d0571854243,"[-0.20742216255373208,-0.0038013016223466646,1.17768995184852]"
libero_90-task45-episode2-seed144,45,144,15,97587f5c047ce2f5ac0803e21e67e7b4b44409f688e23a78e98ed81680d4757f,true,"[151790,151736,151905,151803,151844,151701,151852]",fea70de7a10ef27c398b9a0fb2804a0bacdd98636a3e82f928df5a40f05a4183,"[[0.06107764787300063,0.2328575004950295,-0.0008864787946833985,0.0009336559049435422,0.028100902100021585,-0.00035062841017641233,0.9879016876220703],[0.08022677550773238,0.2758082494447933,0.010705986246279053,0.0007035538223256754,0.026382220169807624,-0.00012143000759934353,0.9889141321182251],[0.10698658007762418,0.3329084318306741,0.015730909342863697,0.0006598311968015746,0.02064338956517986,0.00047223296232168366,0.9891154170036316],[0.13654771836532476,0.40414441532519163,0.021775745275988356,0.000711868319074771,0.014027055002145516,0.0015028118192681461,0.9890121221542358],[0.1589296057701226,0.4626240252541436,0.02475429044613975,0.000885577627404377,0.00795996975371338,0.0020165575406458913,0.9888744354248047],[0.16837674594072283,0.5153687302594534,0.022049411057707857,0.0006983676434433317,0.002655710362745367,0.002083339245176674,0.9887027144432068],[0.16775148055607403,0.560796052867687,0.01652154791415228,0.0008258719737233022,0.0006416340100656726,0.0029995902190513846,0.9892295002937317],[0.16031981033757248,0.5971166732230415,0.004053592620977042,0.0004683855258174052,0.0009279419706018643,0.0037067951847955527,0.9892822504043579],[0.15164061118867167,0.6256081351579468,-0.013689581846875853,0.0002685053930921999,0.0009441089214448084,0.004043510447623078,0.9888890981674194],[0.14114865450268965,0.6391731209903639,-0.031196984398235372,-9.03006697250408e-05,0.0014277768212025421,0.004639605925694568,0.9887552857398987]]",c56807136466f771d3055ff41dc7f716a7190d2212c40dd0737df990791bcc37,db45270060b0ce5ad4e13c4301ba24d2408ff52414900c8d8937d33185459839,"[-0.21545504875689758,0.007780535521461995,1.1743545405745643]"
libero_90-task46-episode0-seed145,46,145,13,b93252a1ec6d6e9e882e9d83c0e2b218a0fb4a0fb45a617f4eba297bb11da9f9,true,"[151855,151777,151683,151825,151881,151892,151920]",4019279ec34a042cd1cacd5c3a3966c0f302867dd1c96a23e501bee1c67af03a,"[[0.06711672971080951,0.002396649522751204,0.015188000550438119,-0.0033832474177242222,-0.002835273338234856,-0.01090058466314403,0.9895037412643433],[0.08953349142045575,0.009116054487350311,0.01892671631378562,-0.0034922955953979873,-0.0027171394025913287,-0.01228705817410436,0.9903147220611572],[0.12269643908395977,0.014958788046399718,0.0114375453331661,-0.0032867309676700707,-0.0015929007631996228,-0.01424227080224405,0.990496039390564],[0.16879311865379876,0.024886709906581927,0.007112129884148999,-0.0031177464344076533,-0.00026371523713919487,-0.01696535140708022,0.9903372526168823],[0.2300672722724144,0.018721412929636472,0.005012351092887002,-0.003267804183172407,8.828967949625621e-06,-0.021345550122017443,0.9904553890228271],[0.2971598725698108,-0.013897620520033627,0.0005726534249674842,-0.003278130400555579,0.00029351824728962583,-0.027889614529600593,0.9896358251571655],[0.3725720693739625,-0.06412198492075305,-0.0015906276217094728,-0.002270101485586151,0.0013386103275792038,-0.03603804904362207,0.9896832704544067],[0.44868237030073743,-0.12902216484611984,-0.0013727105956036212,-0.0011194526513522707,0.0034965109732922883,-0.04544635437517286,0.9896811842918396],[0.5120842096726221,-0.1856045237851589,-0.002811148615080583,0.00038057115171707956,0.004843680742581569,-0.051511719890346086,0.9895249605178833],[0.5439195940833343,-0.21671298260145022,-0.004642721835750763,0.0009381868904083657,0.005924671795412451,-0.05423511859240193,0.9890144467353821]]",883d5ea5412fb153ab46c45f8c80c8b99a7cb12ffa90317ec454f2a62ce860f8,b9dc4ac9a95e88a99f03374735dc4bced55168d8e661b558462e899f5845d3a5,"[-0.06176455566549089,0.007018845872618095,0.6748319011548731]"
libero_90-task46-episode1-seed146,46,146,14,3d6a873b2e29c99fc9baad0efe5fe7d5c9a1a47caf7ad7128672f58c68c651ed,true,"[151804,151894,151708,151765,151672,151719,151820]",b5f056445a79f6ece92875c0315b4641c1f755fdca4f62969f449655193fe8ee,"[[0.18177298176085088,-0.146307546096196,-0.03172777152195749,0.00038149395934738983,0.009566962681390123,-0.028760546005472065,0.9877212643623352],[0.1934252374704215,-0.1570965595590934,-0.0229277130538037,0.00041955977409768863,0.008188223663495364,-0.03147964103926171,0.9882886409759521],[0.20604832319546773,-0.17574891475984344,-0.018906977385711343,0.000532409919208332,0.0048177222600855885,-0.03543317782460775,0.9885144829750061],[0.22532825154572578,-0.1913218501812608,-0.016822924002497075,0.0005831458827227909,0.0016860607428696994,-0.04037382641741161,0.9883697628974915],[0.2605213693429924,-0.21186505020299506,-0.01560300363235001,0.0006418733603157367,0.00029755998500036185,-0.04601934102581495,0.9884884357452393],[0.30267354431103044,-0.243654151655619,-0.021786856540785493,0.00014058579937858973,6.94153113727225e-05,-0.05314198685278626,0.987737774848938],[0.35722031209032323,-0.283587902536091,-0.030541431450245682,-0.0008738104882399789,-0.00026677384946083293,-0.060845815011706605,0.9877043962478638],[0.4159753048475743,-0.3286606308817852,-0.04565420380944829,-0.002578882146764272,-0.00028675413514633874,-0.06911931786786418,0.9878553748130798],[0.46528562953684727,-0.3638458731055749,-0.06289847878656474,-0.0037080387912882262,-0.0008788240222514787,-0.07441000438351963,0.9877225160598755],[0.4871105875366233,-0.37953350457549107,-0.07630176824591217,-0.00419158998957081,-0.00046210795454726394,-0.07663967877743616,0.987346887588501]]",20f586aae6e42111265d10a93125855b7433ff4c4f4f89bb8b4498420c1bbcb2,b85a1f53239804bd50a80dc2ce50bba4f4206e5243c9537b7d7b1d66575b7a20,"[-0.06359091717328309,-0.020878183445218204,0.6816288047743753]"
libero_90-task46-episode2-seed147,46,147,15,88b71781297bd509e81be816b88079fa0c67ac25b792aad1bc6ba81eaee98128,true,"[151804,151736,151846,151828,151827,151859,151802]",d107aeda45e38d095fc48a7e07164697b41a7878ba4c08dbbe7698fe6be6e37d,"[[0.20153470525429285,-0.029108069278791504,-0.048691009432332066,1.4890172054027317e-05,0.0005148803487884379,0.0012327098565609873,0.9875444173812866],[0.22173381433309913,-0.04613863875356117,-0.031155923610555192,9.98083546077666e-06,0.0002916215104278308,0.0010024074695156315,0.988228440284729],[0.24189345805933016,-0.0745422593001166,-0.01778987279109856,0.0004062898003738269,0.00039024189668168674,0.0002906930078925285,0.9884402751922607],[0.26513201731208724,-0.10193324391178038,-0.004410062239600165,0.000748965185813244,0.0006372844250108756,-0.0005426842844560298,0.9882349967956543],[0.2941701293164414,-0.1302051536251625,0.006871443777640707,0.001093061695003339,0.0005260125059720622,-0.002008962774352696,0.9885369539260864],[0.32125095406969706,-0.16040870264326657,0.014568867210670078,0.0007119975121430144,0.0005191703504863199,-0.005070648513733289,0.9878599643707275],[0.353264065001067,-0.1925760755587902,0.022005620164463835,0.0005880829035449509,0.0006818726371022876,-0.00802333917637199,0.9879516959190369],[0.38147684788713576,-0.2233045204342332,0.02065814926237408,0.0001862740051552514,0.0012305956320517453,-0.011346669234736595,0.9879111051559448],[0.404680179677527,-0.2462534162614105,0.01653672730108724,9.272899567069892e-05,0.001067615289770174,-0.013328377490115173,0.9876796007156372],[0.41477015481926927,-0.2564686419857054,0.012812699505673208,9.740905476895989e-06,0.0016408071832927362,-0.014089808676013504,0.9870555400848389]]",37c3a8d6ef714aab6d8e3c98dc9d39ced92321ac55bcae3f88ad55ea56dc520d,d3c8231ce34e44bde056e840b01faca37f2a883ebd631418602465c1b0b26d09,"[-0.058504933002829246,-0.004557554752221496,0.6932124443362482]"
libero_90-task47-episode0-seed148,47,148,13,9eda2d17e81e27267e71a7c6cce6786e1843681c1fff0301bc9741294fcd19de,true,"[151833,151780,151682,151898,151790,151763,151887]",175150ec971897ba44e9cd78a3ad82015f36931ceac2ee24d6724068b0a61608,"[[0.011631798986405428,-0.002137790593010891,-0.01736206524924455,0.00036035243653698146,0.0006206507378720971,1.3926512032469418e-07,0.9877286553382874],[0.009698879604011168,-0.0023534478638254086,-0.008605906878557334,0.00026163047624638835,0.0003083743642804393,-5.118694804906454e-06,0.9886749982833862],[0.006017300773953238,-0.006010396584414934,-0.0069048327038387924,0.0005500632291761676,0.0005030133302028617,0.00012298092671869654,0.9889092445373535],[0.0019112266079179818,-0.004299283238893281,-0.0043372230231568665,0.0010715418210645034,0.0008895107053916718,0.0006485149568256077,0.9886445999145508],[0.0006583561700672647,0.0003481104474190033,-0.002772927137186798,0.001616099831786899,0.000804723588501588,0.0010397558254258144,0.9888255596160889],[-0.0029772680380322214,0.015306668643901844,-0.0008283821482848452,0.0015282577734576641,0.0008967600138163334,0.0007579404003941193,0.9879202246665955],[-0.004097880985597158,0.03491108304615409,0.004261080643829018,0.0012624153513178804,0.0010120140872089678,0.0005428318334885773,0.9883618950843811],[-0.003447497272519584,0.05992876144247816,0.007747698459411367,0.0007217792730243033,0.0017762798757985365,0.00012028645615203004,0.9884597659111023],[-0.0009268354917058019,0.08264288399075781,0.00915282919100946,0.00030443029414017886,0.0019212163914943403,-6.409795284767483e-06,0.9878612756729126],[0.0013409213619226534,0.0945250461196423,0.01033884165005361,6.060606205959829e-05,0.0026732080085594134,0.000274226798874011,0.9871919751167297]]",d91d709dc61fb808723890136e2f45b9585f3eafff79637047dac50efb62eb77,aafb801119a93626f9b23c98b26624c2c0655caf8d6b5cac8b067578610d015e,"[-0.0638229593519231,-0.007622302613955719,0.6757203705628211]"
libero_90-task47-episode1-seed149,47,149,14,89cbd9becc0074de2ee38b6fc2e1d84497ee45eef0f9cf343d24bba94ac5ca86,true,"[151833,151736,151682,151847,151847,151839,151737]",eae18a9629127d1982da236b56df40908536f1a4befb9a3f19eb4b1d471caf3e,"[[-0.011553742494044172,0.06617574988560193,-0.011991183175609876,0.0006948517463718495,0.0011840808914200807,0.0008744762524024452,0.9905757308006287],[-0.019396752930997962,0.07701529520900863,-0.004891543656839303,0.0005290047590524871,0.0008472164525414883,0.0007668471225450446,0.9914934635162354],[-0.030105371753936794,0.08766409044639545,-0.001992171548039323,0.0004530761472305578,0.0005921798238261999,0.0008846366518309168,0.9917980432510376],[-0.0423153956176332,0.10472089958909692,-0.001423326752757248,0.0005383804845764395,0.0005040659695083605,0.0014254580600834288,0.9915232062339783],[-0.04910740928264978,0.12461589781395332,-0.001882148293816499,0.0006591298630025388,0.00022198842731313562,0.001377518937918154,0.9915707111358643],[-0.057133796760540534,0.15437485870840817,-0.005394429101698961,0.0005772952823466238,0.0004029728739425309,0.0003715271248925234,0.9909745454788208],[-0.06377020039442982,0.1884144729303472,-0.010119641209485053,0.0006661247448402907,-0.0001436647035149008,-0.0005512916209884366,0.9914351105690002],[-0.0697522472931702,0.2273122181716758,-0.01922902063802212,0.0004642698037862214,-0.000418919951343355,-0.00121106267779858,0.9916387796401978],[-0.07263855953861587,0.2609779171255866,-0.031286859473397044,0.00029232305803050807,-0.0011359361378993071,-0.0014562220761629163,0.9911824464797974],[-0.07407184932319488,0.2783645670940871,-0.04177750851090423,-3.667489391512291e-06,-0.0008189129568734188,-0.0012430595157777447,0.9906144738197327]]",5fa3d5b78f680c0f2dade6be4f4a6e5478e7fe55698655a464858eeebc58af08,42aa768dafb0addb81013a64cb14928eab4778b8bdf0fad69183378a53d24463,"[-0.054303076842317104,0.001092583153875807,0.6957513330778976]"
libero_90-task47-episode2-seed150,47,150,15,90a1b9ed0ddd111cc6bad615f47a7687d8e4eaefaa36010b8c263ee9968ed069,true,"[151864,151888,151896,151768,151905,151714,151871]",c345b65848ab14f3b02d51a393b020210ab92599c178372b7b4b0d6b5c9d4afa,"[[0.022542777066844266,0.21977938350119075,-0.021436310986388207,0.0006084031275643831,0.0011975864523208202,-0.0004280570157657593,0.9886525869369507],[-0.0048200881087865355,0.23074018479007918,-0.023696565382692825,0.00047348865201302104,0.0008679415301884319,-0.00038494548669909534,0.9894744157791138],[-0.044472040287333314,0.24144781428290685,-0.028677206167031954,0.0004605324328834648,0.00044913011443270534,-0.00016246454893753537,0.9899367690086365],[-0.08568980460888298,0.25762907950579006,-0.03563253230569785,0.0006855406173820189,0.00013887957497615844,0.0007760345187133311,0.9897902607917786],[-0.11325970837912003,0.26592778448403465,-0.04027343875367251,0.0008849408901394629,-0.00016496575361202304,0.0011534475140582146,0.9898742437362671],[-0.13382093634738368,0.26779151839811277,-0.04525839310480251,0.0008059301008322972,0.00011392407898824786,0.0007030031393959746,0.9892146587371826],[-0.141959098179548,0.26493744201701475,-0.046794077484463514,0.0008531778515041832,-0.00019704146075127937,0.00037291178337817144,0.9894654154777527],[-0.1383602464979532,0.26052979279668875,-0.05048883854823316,0.0005625395883379625,-0.0003291079713534373,-0.0005280705239520955,0.989596426486969],[-0.1278126675029725,0.25419824292370663,-0.05482588424695223,0.0004089751705780298,-0.0007624080733990013,-0.001249290478963161,0.9891059398651123],[-0.11897905022956579,0.24638671428014902,-0.057776746146686264,0.0003238184824529977,-0.00018143062123954223,-0.0012813808749481126,0.988667368888855]]",f32873f978670dc50d3e8b5211fe916f082fd5846efd25b2c7df20b8d2169ed4,c672a59e094110a7250aebb0cc77edbeb718e52655dee7717e88f2eff96e420a,"[-0.061717112165135674,0.0070747915373258,0.6795144143525974]"
libero_90-task48-episode0-seed151,48,151,13,6dcc4f49b012549c2fa4d60a6682139990c7a3d1993cf4810d0c6f186571cf22,true,"[151775,151780,151716,151890,151742,151914,151802]",744a78268014c022f4eebff7273d50478a038edcabd938b76cf2c52a4fa2dba3,"[[0.0007075333543724582,-0.1491262604248078,0.007342441589514692,0.00020407496434393657,0.018177313866942768,0.0003971807300793273,0.9862352013587952],[0.003325181018416501,-0.16962415601987857,0.006400609772100552,0.0002772074690460258,0.01795689516859511,0.0006085095535510732,0.9868729114532471],[0.0058161775677643135,-0.20223196586158565,-0.004401598912352256,0.00044820372294251953,0.017143681652299847,0.000647242567946904,0.9871342182159424],[0.008320373379326895,-0.23302575366010103,-0.01509427576158373,0.0006982753626803007,0.0161859387732477,0.0010952731460598386,0.9869362115859985],[0.012201751074883305,-0.26433951737821815,-0.025396656719408384,0.000981143585599309,0.015003089971770578,0.0016881689403334121,0.9870808124542236],[0.009731590819065161,-0.2960489260893695,-0.03827582051260947,0.0007896886865388364,0.014031305281605455,0.0012842603177496414,0.9855731725692749],[0.00763056845836374,-0.328315722746666,-0.047810823398549473,0.0007397740218153537,0.013434915601123976,0.0011103172733903932,0.9857097268104553],[0.004556773715840734,-0.3560351644516402,-0.05637964192544587,0.0006949532552111837,0.013681987921131622,0.0005354968858348741,0.9859214425086975],[0.0029639450227527675,-0.37485823124200124,-0.06498258677189028,0.0007860251402465046,0.013073820597099939,0.000492011124745062,0.9854257106781006],[0.0012285289819935485,-0.3812018759619207,-0.07161920038703329,0.0007203581492736255,0.013245241914944472,0.0007193383672063902,0.9850645065307617]]",bba491ffd495448e29ddb9d2ccf257e22b2a8a5cf474532ff04d7e4e66ed6e03,ee744356f10ef0f967b9dc6afe944a100fca6a1d8ed661283bda92420877cdf1,"[-0.058965378053282065,-0.004766286312785675,0.6869186040013713]"
libero_90-task48-episode1-seed152,48,152,14,c45031e0e1b3b01918d26d87f353a92761035d8d6f730f7605c4c8b388c75f37,true,"[151775,151846,151699,151913,151865,151734,151837]",cfc44948fd5d0688c7f58f23b2a07dadf6f92d9f8b78e1f4ed551e32b8ca70fd,"[[-0.03874201542198463,-0.2267592392140827,-0.040407923753747355,0.0004430821405942975,0.0009101066857652995,0.0007515597443994437,0.9886267781257629],[-0.028688503793919296,-0.22849397851061326,-0.03428675406905768,0.00040480408008902735,0.0016539552440519856,0.0002690436853534095,0.9892547130584717],[-0.016333508769308835,-0.2319925154859348,-0.03671676642932198,0.0004784902693693027,0.0041530699136984595,-0.0005127270110030224,0.9893693923950195],[-0.004437221215178866,-0.22871547820749072,-0.03694811557480193,0.0004929598930125678,0.008065889101189327,-0.0013043025863659352,0.9891999959945679],[0.00650249505824263,-0.23713584914602848,-0.03645735179864573,0.00047180914212585634,0.014604219119462414,-0.002831356356821857,0.9893523454666138],[0.006193393941092751,-0.259662296569374,-0.040058142628907945,0.00032356932439281394,0.02356432461010627,-0.006251537662777196,0.9886334538459778],[0.0018959084005985005,-0.2930322867655377,-0.04122209583499625,0.0007806543998380988,0.03305535753310096,-0.009700983912942718,0.9888545870780945],[-0.0067674869493963286,-0.33125979298887387,-0.04248558868994223,0.0009070052205801815,0.043132273604641114,-0.0135545633249059,0.9891012907028198],[-0.016608265317886506,-0.35996286349583073,-0.04755277382065515,0.0011344588452990578,0.05020720140473145,-0.015611342524127991,0.9885146617889404],[-0.025209725668258187,-0.37123336461540646,-0.052727088293693214,0.0010797086685927493,0.05243980964945649,-0.016260485391480728,0.9882746338844299]]",94e01eceecb37a07dca1c3500a28b633796af8ad70bb424ed0fd263e6580d9f1,77f25aa6b0d075581cbbb6a82047a4e7b8c2eabe6ed1ad519634cc059783fb11,"[-0.055532780452892616,-0.0010645416152640576,0.6889766590245378]"
libero_90-task48-episode2-seed153,48,153,15,9bdaf3576b1da7b629a151b18d85f596cd7da577a5563cbe421b55cbd82a809d,true,"[151775,151846,151756,151707,151749,151903,151684]",d733149b0d865a260558b3a11a143bf6b017715b9baa6a6005aa64aab86dfd72,"[[-0.03373371208823883,-0.36718241088102843,-0.030056619304218657,0.00026565391751454115,0.020238600099418136,0.0008155159971554582,0.9880920052528381],[-0.02395098398667983,-0.3693057740094474,-0.03489518539501546,0.00030505780332878984,0.021002081373808323,0.00016424000727077726,0.9883828163146973],[-0.010676322641934632,-0.37128266649148145,-0.05153632545096798,0.000508518429659599,0.022105664449469486,-0.0008160794889668921,0.9886133670806885],[0.002589774633012354,-0.36262050111290023,-0.0639390312211674,0.0006394556043243238,0.023398444544454833,-0.0021803236177522223,0.9884886145591736],[0.013286518534426861,-0.3664840872184527,-0.07101764892709639,0.0006425839221910756,0.024482921223665244,-0.004346621818548613,0.9887467622756958],[0.013881456517264468,-0.3835940931879378,-0.07229462850352775,0.0005751451405680008,0.025761798535370417,-0.008659926559348108,0.9881949424743652],[0.010382283544970505,-0.41005761828678544,-0.06426183890303605,0.0009589408340140437,0.02675288823317601,-0.013147118209703379,0.988165557384491],[0.0013668784394553768,-0.4404787208017069,-0.0495619131071976,0.0006995396091338257,0.02793313522806784,-0.018522736683012297,0.9884392619132996],[-0.006887516360640333,-0.4610511842031073,-0.037247608155155376,0.000686094301960205,0.027684096657281998,-0.0214765687533216,0.9878416061401367],[-0.012816413053004183,-0.46614301226501453,-0.029590098865469372,0.0006219868558825503,0.02774564626497522,-0.022413084391249782,0.9876785278320312]]",04aaea4594ba18e0a7b3d1e5479227aceec8ee2fa2771918fe2048deb300237e,bee0248d4b6efa163dadb7cf4b10b06b7d6ad9cba47bc38ea1f920e1fd46d93b,"[-0.06281988696779887,-0.013559364931787311,0.678952827826357]"
libero_90-task49-episode0-seed154,49,154,13,116f38a42f5832e2447ea24dd0390545411b1b9b425fdfda1191d61d79c3d033,true,"[151804,151830,151713,151797,151752,151778,151751]",4aad92100f2da90cab3f3b278db9418c7f923b594e33e8dd8f13af63f7224135,"[[0.06154695006900468,-0.15930499661088504,0.0005670294075059701,-0.00029054069742606714,-0.03295716275977156,-0.02015706406290363,0.9870580434799194],[0.12023104645462723,-0.20972605602239014,0.009163148990040781,-0.00028522532547547996,-0.03114696079333612,-0.025556072037659305,0.9867558479309082],[0.20193712824542942,-0.2870403663444776,0.00503653982818264,0.00033169925961584745,-0.02501088794815587,-0.03356156863043935,0.9871374368667603],[0.28987326180160267,-0.3664073156900116,0.002304796201002546,0.0008951471425306945,-0.01802138282076271,-0.04392521347068268,0.9870263934135437],[0.37227329811419807,-0.4345999076992513,0.000774189817690285,0.0014538241099968374,-0.014528914285747874,-0.05483497510230606,0.9870338439941406],[0.4352419015015485,-0.485624018229025,-0.00797579851442265,0.0011851578965083043,-0.013901670356943896,-0.06629852528178404,0.9860562682151794],[0.48702097381656984,-0.526302678432522,-0.015799789641391726,0.001273332165584451,-0.019164876814997456,-0.0757737058758714,0.9859200119972229],[0.5185778935247711,-0.5499417492753977,-0.021643908213462737,0.00042203289854692017,-0.02768318164467587,-0.08614934485245662,0.9860635995864868],[0.5378304521674266,-0.5593461590107296,-0.03222847288236608,2.0242456309826906e-05,-0.03580950743032929,-0.09292453495753605,0.9867160320281982],[0.540145487983704,-0.5582249769495107,-0.04412255998602177,-6.572630252987821e-05,-0.037678349350528606,-0.09556055048218681,0.9858630895614624]]",45788dccbb9e75668ce52777e418da4f18e3f377171b378f3dcb20432f94ca5e,7bd7b1428ab87121460b32397c548680349f7f78cdd7933360b9d26027758000,"[-0.054981885876909824,-0.01556069772238738,0.6859650400663321]"
libero_90-task49-episode1-seed155,49,155,14,68f0aa61ef5cca2d73d4f98e426a8318d98996579d70a4f5ef02a48f6a2748eb,true,"[151804,151736,151775,151917,151905,151737,151733]",1ea5211f079f882774bc39c2e475735d9c54cd09a287132bc504a0f21b34d0f5,"[[0.20894209589346957,-0.035120233193666195,-0.01274884207168725,0.00031585465260342005,0.0009568796209435959,-0.012259832794420333,0.9882630109786987],[0.2467398386713242,-0.06766439134089808,0.0035255902049300403,0.00018653239129173826,0.0005636691875423594,-0.01221325961913955,0.9892740249633789],[0.2886365041754857,-0.12325415284145436,0.010456126985076253,-0.0002563137624178591,0.0003320786097731343,-0.013819051807265836,0.9897940158843994],[0.3260367681674481,-0.18696114536684405,0.014761776469811139,-0.0004628657943102077,0.00016297111228880112,-0.015075554536586822,0.9896619915962219],[0.35684508222803046,-0.22361852521044057,0.020783406505643143,-0.0005486961320053663,-9.312808629147185e-05,-0.015566434681350216,0.9895488023757935],[0.3443567260958922,-0.2237505947890739,0.020935200374992746,-0.00041052414551900895,0.0005726066910796135,-0.0168665167297668,0.9893474578857422],[0.302088980330268,-0.17844350315929347,0.005371523780866028,0.005300243190427212,0.001253088349287168,-0.01142858862460372,0.9894005656242371],[0.2716074252627081,-0.07392593459982777,-0.02264520173005735,0.023285726992869238,0.0048199268442914445,0.012865955546935481,0.989779531955719],[0.24565414417329734,-0.008514439895250803,-0.03701609520334159,0.03438188892239058,0.006538469746672604,0.023566427919613275,0.9894744157791138],[0.23475561489534869,0.0026820059115095773,-0.0371346363869236,0.03602991261320909,0.007178246041547709,0.025672343783474716,0.9886972904205322]]",19b619597187eb308f27e7416e7bcf5311c02de011d092d3b5f4d7458ce25ee9,69b41e5042f7bce6210e935dfabf466f7a24503f0f0736997c3ef459b5b6d410,"[-0.05242174658667502,0.00024403252121347083,0.6954419841815831]"
libero_90-task49-episode2-seed156,49,156,15,fcc9a1795c7b38ce1a44b58d587d120ebea17cbdb047d36c12de265b16d75742,true,"[151775,151685,151679,151910,151716,151812,151752]",54f1434e37bab912dbb1f17c053612a06dac2af6b7871f000249d70533ec36b4,"[[0.042810707716864016,-0.10794735530200938,-0.012420246566023252,0.0003908789129476453,0.0008551211778922152,-0.0031128723962350335,0.9873172640800476],[0.04625346377574502,-0.12183290582761686,-0.009256600238643387,0.0003981783213033996,0.0005615341172529043,-0.003340910679540343,0.9879001379013062],[0.05026365567579205,-0.1452437633085779,-0.013740634820919695,0.00044458631703170326,0.0003031906122288319,-0.0037448380137252713,0.9882073402404785],[0.05703227265527744,-0.16713630750409436,-0.016819811682154295,0.000587732236645433,0.0002908866490258788,-0.0040218258456583555,0.9879942536354065],[0.070319912538789,-0.19605411279354001,-0.016670529509923426,0.0007368210373983608,0.00014979325985109426,-0.004713163373621043,0.9881613254547119],[0.08264488917441604,-0.23719663087682363,-0.015222099304082803,0.00046173208280286815,0.00030160172271109786,-0.006783246521266051,0.9871436953544617],[0.09964818758841965,-0.2867440938438648,-0.008609838230569267,0.000627615982427443,-5.9377740058152995e-06,-0.008963522288127024,0.9872505068778992],[0.11683534863494671,-0.3392582792664456,0.000506202655543575,0.0007507554326160459,7.652559196458242e-05,-0.012053799354076133,0.987452507019043],[0.13288847674824567,-0.38122401568173814,0.008025841614255569,0.0011160949734558834,-0.0004242625923467358,-0.013876346730009814,0.9870578050613403],[0.14199128833933017,-0.40116554831769236,0.01282372913215113,0.0012890844918338473,-2.5977643048236132e-05,-0.014501389055071812,0.9865137338638306]]",1e238da3b76aa0ba7e25e48cb17c0e77070f45ae0cc32c5fd3a743f44ff217ea,98fed473cc9501379670eb6e5e7c388448721a162874411c9553b481e624af72,"[-0.055122435904533154,0.004575435749030688,0.6940115832506887]"
libero_90-task50-episode0-seed157,50,157,13,167952e008cd6d77a46ac0459ed279edb92718dc15aca6b9c723957f3de81740,true,"[151775,151846,151717,151894,151731,151758,151846]",259e85e235c3ad4ecbea94f35b620a0c7b192797e33c539cb8261af34a0a77ba,"[[0.002266105768267579,-0.12770756773260672,-0.02618669466747292,0.0002810740330170258,0.0003557332024684001,-0.01298183863668001,0.9858900904655457],[0.001181823900310519,-0.12813314234687567,-0.021998603528317062,0.00033875873798772105,0.0033166089576468494,-0.013301900574477443,0.9864155054092407],[-0.0008588968142859699,-0.1310960211010581,-0.02643311399566528,0.0005659447484938074,0.010961987816841656,-0.013783219091049403,0.9864384531974792],[0.0013992806416815995,-0.12967087913651199,-0.02653909669365362,0.0008377485079253955,0.02012358435945316,-0.014201629204530164,0.9863969087600708],[0.015966233632163096,-0.15115860470508835,-0.023362291257456036,0.0010597667957017443,0.02992343782133844,-0.015242705269725931,0.9864786863327026],[0.032918103482687755,-0.20688730319736948,-0.019532608376721328,0.0006133770606917555,0.0405425227185674,-0.01798722936948849,0.9854462146759033],[0.05968360271754847,-0.2872806745533296,-0.010165834595625256,0.0007385097753618286,0.04843874751037447,-0.021277926395434577,0.9856335520744324],[0.08975664282679574,-0.38572791118404837,-0.002067031042599865,0.0005414349778327665,0.05478354085482806,-0.026713010337221732,0.9857590198516846],[0.11544505577811748,-0.46899826738119543,0.0031058091734337268,0.0008111716481724596,0.05843121410404706,-0.030221323284628454,0.9852960109710693],[0.12817920954240236,-0.5118426739267434,0.007024002076548186,0.0010601728310590808,0.05917864759430813,-0.031633469112376744,0.9849803447723389]]",c32a143e46565776897c26da40f82d9004aec4b0798ff74f30636ac7b2800d17,f3df064bb32a70688c99c0db97645d0c8b385f106244dbf25576fdda8c909b1d,"[-0.07029677134496375,0.010671818751708055,0.6646616903990897]"
libero_90-task50-episode1-seed158,50,158,14,a282c469dc2c65ab6886aa177bff15f77b354ca2644911d002e7855aa62ac98c,true,"[151775,151697,151732,151743,151847,151844,151718]",a5ca919e46c96e5b9099f6274062d827e6883bf8c53cbe299f9838a6bc6426bd,"[[0.01750635356577135,-0.01356378224482313,-0.02549057235080454,0.00022650841783677933,0.00033710347287296827,-0.0036062411839523634,0.985931396484375],[0.012871426017351695,-0.04167584523109724,-0.01781176823772057,0.00027849939972846016,0.003165038828214506,-0.0041321868692847374,0.9866236448287964],[0.004372778649248232,-0.08775992827789736,-0.016258829590896084,0.0004022109906478555,0.010518667780274882,-0.005116566782973564,0.9866968393325806],[-0.004397490994465514,-0.1379657916627508,-0.013974386459295829,0.000535372131701628,0.019838259524306068,-0.006055365236242949,0.9867757558822632],[0.0005335591323376576,-0.19038490953843024,-0.007461173615638472,0.0008562231166842071,0.03227868847571358,-0.007258352786253752,0.9869164228439331],[0.007514909371398204,-0.2522633252048223,-0.0018809470473684087,0.0006410612896010637,0.04750199783407538,-0.009979805481789228,0.985954761505127],[0.02518457187614409,-0.3204030278833869,0.011124293020770892,0.0007569197875865186,0.06143183195828783,-0.013152900094461017,0.9859528541564941],[0.048729583564670165,-0.38542692374310406,0.02633906212383863,0.0006147151317557054,0.07475794764911825,-0.01743057794665681,0.9860755801200867],[0.07018010630656768,-0.43634341063487625,0.037974444424264675,0.0007564583837713634,0.08407307064138081,-0.020115393327126085,0.9855732917785645],[0.08186957598953981,-0.4613348493632685,0.04650788078305368,0.0007776091346580749,0.08632256083723178,-0.02126396754097115,0.9852436780929565]]",87aa10d17b6769b40da1b632b3adcc2676602a28a821d1b230d902ed5c31a739,ea16d285fd61cda8cea5c58d754e6f0e83048cbde9cbf34da12bc046636ac66c,"[-0.04703833696496731,0.0043342184131759855,0.6854591372804918]"
libero_90-task50-episode2-seed159,50,159,15,a5487cd1d52bb6eb0e27cc4fdb71b3a0c12589fd76b333b665bb7688747d44b4,true,"[151835,151773,151708,151900,151827,151824,151831]",d700a1b8c590d06af8ac0a1a58d27cd8e4903940fe16c957f7f6579eb79c643e,"[[0.04230803213546075,-0.3929692395436035,-0.05927693915401733,-0.0153506504871741,0.006031435240444694,-0.000560291901145149,0.9854282140731812],[0.03416973786922739,-0.4412399786678378,-0.05671801120902842,-0.016537565661279174,0.006688629736657958,-0.002201355457453147,0.9857125282287598],[0.019361931451843617,-0.5137360812152991,-0.05380668123785881,-0.019045129291273888,0.009494727791690138,-0.00473619735464581,0.9860034584999084],[-4.9680507734350954e-05,-0.5879259235781475,-0.060254207741650134,-0.02187726282100133,0.012520906906047458,-0.00814713512962939,0.9859919548034668],[-0.006920669022591142,-0.6478483052485373,-0.06711430779824923,-0.025575543592537997,0.01357908746373937,-0.012302532668261534,0.9859435558319092],[-0.013306374963779177,-0.6979346038965062,-0.08484514218895356,-0.029135107921086423,0.014072755436899342,-0.019243788233612946,0.9849395751953125],[-0.011016987212206786,-0.7363464027875821,-0.105651112884658,-0.03222256386596811,0.013626754149271392,-0.026115081122236816,0.9847530722618103],[-0.00500946882752018,-0.7529017882758993,-0.13672026022229034,-0.03510162216369683,0.01338198571906446,-0.03309338565787989,0.9850283861160278],[0.0022759941787562354,-0.753503660659085,-0.1697912847656653,-0.03662922868683616,0.012172920240544727,-0.03680709585119146,0.98494553565979],[0.0024497476773426285,-0.7446537176568668,-0.19285565338589095,-0.03656800040056507,0.012310637239494326,-0.03804251060600805,0.9846611618995667]]",8fa051948020504c1137f383a6ee894d8a899719a3f79d9ce37184c6ce649195,ff0546cbb0b28f86d707401a5371b83bc355be139698edd85b72ab2dd29244ba,"[-0.05067812893775388,-0.012912465857857804,0.6932746862236898]"
libero_90-task51-episode0-seed160,51,160,13,39c7f8f1f3a2e43b6e948244c90386865039e7e1ddbf4f164288ed82147d6663,true,"[151706,151839,151855,151850,151902,151795,151817]",a65d4af360e255ac4475828a1e899ed83311f064355cd90e7c72b1ae5118cd1a,"[[0.41215670090074497,0.22072770150003862,0.01801813718213907,0.00046883770155625726,0.001232204382688451,-0.014022877278673462,0.9898502826690674],[0.4416324633586015,0.23741736028910054,0.019346442743170655,0.00014902948919592873,0.0011112501681509457,-0.016108060688452497,0.9909275770187378],[0.47173234343917514,0.2567512806145089,0.014115724289183618,-0.0005917081956541281,0.0006743552035715084,-0.019028080895470367,0.990739107131958],[0.5036730570794674,0.2831108720286579,0.0003665304548974291,-0.0021508378274448514,0.00043570399800785253,-0.021949205086956525,0.9909546971321106],[0.543469318248583,0.30714302539699645,-0.018330815907518172,-0.005455458091967458,0.0004127743361550529,-0.026537383248758317,0.991016149520874],[0.580253410661971,0.32741942129518975,-0.04973920616251348,-0.009619535242979538,-0.00029215635950663454,-0.03340381112108126,0.9908515810966492],[0.6190271925286837,0.3444757179443769,-0.08766086386327743,-0.014337573814466875,-0.005198081148378719,-0.04151255832904788,0.9908764362335205],[0.6552724548598192,0.35681543428282225,-0.1345232350708443,-0.01958337529780496,-0.012741145453190938,-0.05039033363298273,0.9906539916992188],[0.6808507709550753,0.36187313027667756,-0.1853201252127974,-0.023136101621812788,-0.019777473168559823,-0.05627382238490597,0.9906648397445679],[0.6791464327758518,0.3545166958738122,-0.22714599767618893,-0.024085781410317697,-0.021382936790075746,-0.05871952221418475,0.9905944466590881]]",7b5e16d059b1aa99fa7615bb8e2947a12ac31c425eeaf2a8abce70067cf8f0dd,5de3f00a49c5b355e16e3d9ad59156f1fdcb2d092ed63a08668456adf444c2c9,"[-0.05484463695444568,-0.011013173733124083,0.6745283040862169]"
libero_90-task51-episode1-seed161,51,161,14,01e08ceb962029e2ff87d6dc90e792f90d8abd6103560ede17db442627d22702,true,"[151855,151736,151843,151712,151729,151665,151872]",6d54b6538597fe379859a1371029bd8af5e28d7ceb72878e9244d6bd77957bc3,"[[0.18242031949034043,-0.004050006393541139,-0.0798702346262985,0.0005404475736683345,0.0009799979634266265,0.001171429362770482,0.9886025190353394],[0.18482223205591097,0.003757114805793549,-0.06455002884635519,0.00042036261673605857,0.0007291421002548759,0.0005937273886367223,0.9895179271697998],[0.18455136024002528,0.01260306035860026,-0.04817878702644407,0.0005198412792835061,0.0005123778477980068,-0.00031404722991368317,0.9896605014801025],[0.18927643124477456,0.029076446884630514,-0.034254211210736685,0.00042843718350127347,0.00040560447220627793,-0.0014765615866210169,0.9895002841949463],[0.21297762684539379,0.04669279644623714,-0.020831210389218313,0.00018199217775061172,0.00016420250166504502,-0.0031893841333676676,0.9897065162658691],[0.24876784571529242,0.06804050878670864,-0.01263182974722099,-0.0011938401744315819,0.00016918764252693563,-0.006501169133818152,0.988841712474823],[0.2998702682268757,0.0910981044882675,-0.005717072977233784,-0.004135049566061699,-0.0002759099641878038,-0.010513235807584564,0.9890324473381042],[0.3602458125423347,0.1136872811177625,-0.005342120279095752,-0.008363095742006887,-0.0003861987578375192,-0.014813928929203968,0.9890002608299255],[0.4137891715251669,0.13104543644686828,-0.007770603780244301,-0.011717722952016008,-0.0008505517193952983,-0.017730075834782255,0.9885687828063965],[0.4423179420999759,0.13639094879835056,-0.008769440201831458,-0.012876898528753955,-0.00028555253744855236,-0.01904480906690509,0.9879778027534485]]",ad880cc524ff58960a70391656af2394c84d718a7528e84771d5626a034b8c26,d353b4cf7556fbf9f0439b066fb2db909ea8cfe4cc6cc05a7d263a6543ceaec5,"[-0.06824848918823204,0.0075561550361252445,0.666962077607108]"
libero_90-task51-episode2-seed162,51,162,15,a4398bbd5ad77c8f9f8f0476b4cb47e4c24f49c32aabc9e6d8a8faf7543cedde,false,"[151855,151860,151757,151732,151850,151815,151726]",8b45539f30a36d3218ee782c83450704b4cf6a69f5aa30cace78aaa32566a7c2,"[[0.08849322180811114,-0.005470125921647195,-0.017446534715389816,-0.006504431981493752,-0.0034984758229370527,0.00024668332197030907,0.9898626208305359],[0.12502357054520985,0.009987498459054223,-0.012584708125189081,-0.007918330148426245,-0.003155325339903925,-7.822492052689256e-05,0.9909906387329102],[0.17870351319791666,0.031203089971540976,-0.020042264483379313,-0.010401116393547127,-0.0017820878519643202,-0.000574662410834037,0.9911282062530518],[0.24826653861926928,0.06256656556054452,-0.03054356093258548,-0.013442505781523728,-0.0002456614799939416,-0.001065505132395117,0.9911860227584839],[0.3375489086319696,0.10047868327518472,-0.04620776001357285,-0.016004321272104383,0.0006832331237518474,-0.002110753884648986,0.9912393093109131],[0.4363232698199866,0.1543371391857562,-0.0749446873722377,-0.0174200835104501,0.003020410159862763,-0.00490789500686617,0.990870475769043],[0.5455448249786485,0.21433362741831274,-0.10638567508766528,-0.017083950831109584,0.01031252922646786,-0.007881093584373389,0.9908797740936279],[0.6584364813480512,0.27177974292634133,-0.14397202122307817,-0.01608241848185754,0.02166125205135927,-0.010937764614643797,0.9907847046852112],[0.7504381642451321,0.3155742611980372,-0.18232208708892017,-0.014454161330480275,0.030831726514151114,-0.01339231503127003,0.990903377532959],[0.7935747657930676,0.3286511482074417,-0.2098564029467127,-0.013859504093508335,0.034210658962564366,-0.014757868972136379,0.9904085397720337]]",f2dcfd55fa37eee2887a5c2a70b0278eee2adf40509e86c2dc0411b80076cae1,e516732f8568d526bbd5c3a26abd5f200e2ab2185743d93e9a1377df1a56d700,"[-0.07003646397381592,0.003684825396102813,0.6698357179826249]"
libero_90-task52-episode0-seed163,52,163,13,5d798075415c9089ff48e1ea49b920e92a4cd50a192ea528276526eeda3cb9b9,true,"[151804,151780,151799,151882,151897,151859,151685]",ebcfec61a898007c21dd832f06dd72af94a70747234791c5ddbe982ff5d780f3,"[[0.09418819578985271,-0.09294825886854596,-0.009738627676995293,0.00012419673586427926,0.0005847716264497649,0.00023554991928165236,0.9879790544509888],[0.13864900559416427,-0.12258370882605618,0.002151801085204852,0.000139173903704215,0.0005418219566735161,0.0006735136559719024,0.9883447885513306],[0.19786884193376153,-0.16941428992577556,0.004080402257613969,0.00045125821619884654,0.00038271453259142163,0.0008349947739603181,0.9886732697486877],[0.26623316245150264,-0.2188839051279956,0.007655038676574577,0.0006588068803319302,0.00039952696980094515,0.001175527203423954,0.9884395599365234],[0.3353929702773044,-0.2686745462675688,0.01094263179655286,0.0009644315394143899,0.00036019202367754133,0.0012535545802503378,0.9885551929473877],[0.3949802670138105,-0.3258594438313622,0.011310486220224902,0.0006537129822126175,0.00036121487130458263,0.00011602021108814142,0.9879142642021179],[0.4502586888798845,-0.3859385460184228,0.011090985732892022,0.0006352106892248965,4.365544006645905e-05,-0.00029919021859470263,0.9878424406051636],[0.4933799280758109,-0.4417283849869591,0.0072981046751579015,0.00024036898844403964,-6.0079184322603396e-05,-0.0010040000993907228,0.9879866242408752],[0.5259551774855851,-0.48463495699579084,0.002041996239427135,0.00022597318941119937,-0.000842974702507604,-0.0012702474722594559,0.9880675077438354],[0.5402769508695755,-0.5040413439041203,-0.003993284324224078,0.00025993251020661745,-0.0006491401119035345,-0.001374396244301579,0.9874321222305298]]",3b628bc03302ded50871ebec8f23ea3d17c3d4615dae9ae1648a34e93da2944c,bff6bb46878d0e74ec51a439bc8fd79e9b23d9873f728688b2a5ba1abb5054bb,"[-0.062294185224969635,0.0022384870582999117,0.6765124741887596]"
libero_90-task52-episode1-seed164,52,164,14,25e972746b788489283cd74a356a31b6df0e41dd5b7896edec980f233876aacb,true,"[151804,151721,151679,151869,151881,151726,151698]",30c104b0aef3b7e89d1316ff267ec96f9afdd8bf993b5d0f2773f8958f318130,"[[0.11279143019198301,0.010867039828283964,0.0005267876514949421,-0.004076663527291968,-0.0053546264881134675,-0.00047105627522547877,0.9885836243629456],[0.14703278847971646,-0.024000558915346915,0.014192058040748634,-0.003688798252196257,-0.00484496038362181,-0.000370144610183587,0.9891674518585205],[0.19063723544889655,-0.08067552543241874,0.018824610365697936,-0.0024904679477042446,-0.0027767426206253276,-0.000774202925576617,0.9893983006477356],[0.24369473797709418,-0.1435173264069789,0.02497357252502752,-0.0012663820822502725,-0.0005068153333525061,-0.0008409284953039275,0.9892936944961548],[0.305504984707202,-0.208947578374179,0.03290496600487813,-0.00012963995900516778,0.000258592469577934,-0.001472332764759443,0.9894751310348511],[0.36352302601491004,-0.2899977101687057,0.03709840815093912,0.000777083134308798,0.0003921783557814251,-0.003816222772140776,0.9890875816345215],[0.4238509823548924,-0.3780421996982497,0.041437419525664154,0.0027216326009749103,0.00038379696357537796,-0.006216434699005902,0.9889140725135803],[0.4798410166186322,-0.46243015050201564,0.045631844509728126,0.0045733199358029,0.00099337442705405,-0.00885959805529879,0.9890429377555847],[0.5254415098764511,-0.5310628719413302,0.04730987659348784,0.006366132143817094,0.0008296195011325835,-0.010566713563692431,0.989086389541626],[0.5476409031341056,-0.5661033347473321,0.04647522872051013,0.006930198307844249,0.0012825225276031915,-0.011547220175941675,0.9884839057922363]]",5b043ab04cb8e39c76d2f02a0ddb02f549d16000c8a4170caf8e365b470ac04c,3cc2f1e8755bc4e67dcfcf872de115205d846a4b8e619cdd97930108a6041d70,"[-0.05696212247359246,0.01151457874516903,0.6895148698275013]"
libero_90-task52-episode2-seed165,52,165,15,a1eb0b2b62befa93b496f8502be99ece809427acc0e463afe92718d64a8c666b,true,"[151804,151866,151773,151674,151681,151745,151905]",4aa76112d2f97af7b1d59d3f16db6be2fa9a2ca6f6ddd9177f2393a3bf001f2d,"[[-0.0013148231693165258,0.0017137006656042786,0.008005256618304202,0.0005099026411050644,-0.014810237105422175,-0.0011934550611094608,0.9875121116638184],[0.004387081528705039,-0.014626591294764069,0.008387034580351838,0.0005775075281015951,-0.013302519980925354,-0.0002016279301599866,0.9880708456039429],[0.016226025130938737,-0.04191804966595214,-0.0005148022232219773,0.0006535653329917679,-0.008198708933178978,0.0007265049104496768,0.9884568452835083],[0.04503220093570626,-0.07045799348730952,-0.00588797758553028,0.00044525073852552666,-0.0028494740382996042,0.0018367951883266898,0.9881780743598938],[0.10265179227434906,-0.11185481085238536,-0.009439571913532063,0.0004871462049416131,-0.0009852895504991466,0.0026113619182375203,0.9884752035140991],[0.17930158545372166,-0.18055482269012657,-0.01742922584611506,0.00047787198825699484,1.7220290715158626e-05,0.0018151645773887282,0.9873349070549011],[0.28005663057836827,-0.26544230092227394,-0.022438641943097082,0.001336830558626101,0.002056411028334537,0.0010356205615700276,0.9873022437095642],[0.3932555339879542,-0.3587341090459617,-0.026285852101551654,0.002254544290817062,0.00586249656247162,-0.00017889333475373803,0.9873535633087158],[0.4916544004455403,-0.438210322008743,-0.03005760214222164,0.003275723214518411,0.008659031488718938,-0.0014182375258133817,0.987411618232727],[0.5472764445760951,-0.4807415437677065,-0.031660938537754646,0.0036787502189801202,0.009888484405863096,-0.0025143444100130807,0.9867035150527954]]",6be381f77b23af54898b5cc990ece3c0ff1f1eaed12ca2a291d88a854d656673,7d27ae3bc1aec0c5948f019079bba83386558129090366a4068a7307f5c5d54d,"[-0.05944657361266219,0.004850614220499145,0.6800260733008396]"
libero_90-task53-episode0-seed166,53,166,13,98e40c7ea57c99e046229fc0170554f2903987508ba4054c21018c5bb3aa2f3b,true,"[151804,151736,151726,151712,151838,151709,151872]",26711a773e5a3c904b6d27d4a602a90cf49545b98b84c25f6002434d6b45e040,"[[0.20627098901022123,-0.052585704664664945,0.0174895887449793,-0.02859754479220178,0.007018930075716412,0.0020686506382681102,0.9879393577575684],[0.20966403814852086,-0.06883195406516052,0.01729531443305632,-0.02617403970925203,0.006498201327957531,0.0014517852829118993,0.9886206388473511],[0.2027163703076873,-0.09739367886087535,0.004247484718121086,-0.01806173011195744,0.005845982042046671,0.00039033228405571663,0.9888077974319458],[0.19720393461777874,-0.12333569055957838,-0.006979801402621888,-0.009349715519953117,0.00524050589963565,-0.00026350719518752896,0.9886116981506348],[0.19715731782547508,-0.15091711776115346,-0.017185099806596327,-0.0036207781017660867,0.003444594008300328,-0.0018257013526170596,0.9886875152587891],[0.19688874153345282,-0.17951251338075735,-0.02644643691081683,-0.0017200527694634093,0.0014613619733836458,-0.004911599903895336,0.9877272248268127],[0.2022977903601273,-0.20907293428777507,-0.028407144124656725,-0.0024705814432710582,1.775654092739387e-05,-0.008437557891193492,0.9878471493721008],[0.21109829911627287,-0.23730891820580524,-0.02463539408398674,-0.0055565701240205545,-0.00032595998399642667,-0.012206654423930985,0.9879262447357178],[0.21987876618330304,-0.2577377809245007,-0.02259655124890969,-0.008456696119949259,-0.001171904624357012,-0.014537914100531069,0.9876461029052734],[0.2225615272646273,-0.26629837008854906,-0.022470201963415093,-0.009514408997734591,-0.0007557943207814333,-0.015470855822638185,0.987093985080719]]",6afdb18dd68500592d1eb86a568c9dc0bbf1018aaaee2835428e3d365b763de4,64b076b400708ecbe4e3b828c3318ba113f94dd124d2b3becc19daafceb3a628,"[-0.06367803083870938,-0.004233585627257682,0.6740259970498067]"
libero_90-task53-episode1-seed167,53,167,14,06f89c1995af246de788372c0e5a2660a0b01e57dc3982898ca5a0754b79b2e4,true,"[151775,151777,151730,151707,151804,151891,151714]",8ec4c6c36faf00eff96e4f6d99a3cf26a990c5df4794432c461fc61853f853ed,"[[0.027451975572255094,-0.2477556372505063,0.023562107948521316,0.002948938576472937,0.007795470035830476,-0.00024060419537086375,0.9874676465988159],[0.030347337479085468,-0.2694438502818741,0.03155421897611177,0.0028145224170419425,0.0070092775718961775,4.5496186325877375e-05,0.9878467321395874],[0.03315299737648303,-0.30278462834772313,0.03357001972022999,0.0020842678268722103,0.005722326715329018,0.00017481206192471177,0.9882596731185913],[0.038542622539697646,-0.3343969707872674,0.03390516747924721,0.0016175394116901831,0.0045127448477160215,0.0010979489050253477,0.9880910515785217],[0.051104435435465945,-0.3732260418976807,0.035484369741595856,0.0019065535334270578,0.0029324849861751545,0.00183325869570794,0.9881902933120728],[0.062490366232188066,-0.42767817029520927,0.03470366875455966,0.003660930803638829,0.0014054727845973503,0.0008603115703262887,0.9873917698860168],[0.07833959002384816,-0.4913770141737217,0.032888912984162744,0.008314197507554688,0.00017808542382624637,0.000509974261856172,0.9873624444007874],[0.09285780727692128,-0.5543295137473692,0.025679796232282115,0.013387701578237543,-8.502474975102814e-05,-0.0006088672177497756,0.9875533580780029],[0.10607839137680664,-0.6032248287174724,0.01657915314154934,0.01781691981759037,-0.0008972650712166796,-0.001273709118473576,0.9873348474502563],[0.11293375267151617,-0.6246917470493685,0.008873375585494614,0.019232691284012393,-0.00047884094728090076,-0.0014650165287068972,0.9869107604026794]]",7bcc0245eea51dcbef31266eb123aeb84e8bf9ebbfa374869246799301aec727,c4ec1b2a5759b26b0103f02227ff6ee6f1ac58869cd9fc725c2bab98cbd68ced,"[-0.061713704352770085,-0.002136678245938316,0.682297715099708]"
libero_90-task53-episode2-seed168,53,168,15,f12a27db65f4f5f8eefb51abeec12f59128a961b6206fbec21d40d96535c2311,true,"[151804,151905,151730,151816,151729,151714,151829]",1cf41b9b98c8e64dd522f796f5dabb065462ee3e648e53b717667e52a21de7c3,"[[0.1854545605909088,-0.23478001895952616,0.02403212292239232,0.00023931698774548593,0.05911010687273688,0.00013284194052864962,0.9845709204673767],[0.19972185942783227,-0.26000638471487036,0.0340489894403504,0.0003679932837159505,0.06342634510878042,0.0005377235663726054,0.9846292734146118],[0.21049316371011884,-0.2981113024895876,0.035770157192018814,0.000756513752229182,0.06954708517011454,0.0005025831793989965,0.9849888682365417],[0.21831030535891927,-0.33142358591604193,0.03814436619455819,0.0012037432421827532,0.07431230386163179,0.0007400895328899537,0.9849433302879333],[0.23117627516659311,-0.36633269663433055,0.04545613491563927,0.002546197642376624,0.07421959215827201,0.0014515794552991679,0.984795331954956],[0.2387832880925096,-0.4017100214272773,0.055006917811738276,0.004043379197944619,0.07052689375234422,0.0006513778318026908,0.9845688343048096],[0.24874144719086289,-0.43649152126050694,0.06964487021127752,0.006626013228665073,0.06229473799425023,0.00017715101206938755,0.984251856803894],[0.25517933215525446,-0.46532425262657995,0.08165100084727328,0.008616315497641969,0.05173696437128683,-0.0010693035874300705,0.9845967888832092],[0.26223003370180464,-0.4838318796588936,0.09092014605340637,0.010658839450418123,0.041002605539546266,-0.0015280933362085136,0.9843486547470093],[0.26410847853713193,-0.48924811611534835,0.09452858117924734,0.01115480241132838,0.03653977238437278,-0.0015782217157092049,0.9840834736824036]]",7c805ba481f363ce0ce7ada541ced1488098cfd7ac0b24ba5d745ba8ce57a550,d84ad0b4d3ed83cd052b7378e352cf587ac9b2c5aad818689cc87e21af06ebbe,"[-0.05633764740148344,-0.0032818815784776165,0.7004373727711999]"
libero_90-task54-episode0-seed169,54,169,13,a6a7ceb362c93c8c6fb0f792505c35dfb7b1d4ac4b3cad302d528dd313ea6bb6,true,"[151790,151780,151681,151884,151681,151903,151846]",a6f01b2b2ea56d2317ce3cefe3f999b1ac6686c41131d80eb62f647d6d0cc5e0,"[[0.03332502923217184,0.0905780260699629,-0.003999235954353253,0.001149555978130934,0.0006701744380279706,6.660287243143159e-05,0.9905695915222168],[0.07467690512097391,0.1493027103974498,0.0024785401190854373,0.0008638916480920855,0.000832161724360958,0.00038887277916543894,0.9914417266845703],[0.13540957997595626,0.23318129389735986,-6.580906219255667e-05,0.0005371808346570361,0.000532824869779347,0.0007430646774739813,0.9916670322418213],[0.20270718821223355,0.33530474900480556,-0.0009126332059850029,0.0001987872766222587,0.0003094766563833673,0.0014304166343901414,0.9915493726730347],[0.2616820215240985,0.4064087141700412,0.0004361481467753947,2.6397583203996433e-05,0.0001650863214592846,0.001548131317271384,0.9913243055343628],[0.30227447631630966,0.4430217633246514,-0.0018716646884513466,-0.0004291371754223672,0.00019698327852779585,0.0008682265776158715,0.9912799596786499],[0.326748645433252,0.4548802482531755,-0.0026265388768536013,-0.0001468410932341513,-6.968203534540862e-05,0.0006852832530999109,0.9915063977241516],[0.3362593539569936,0.44381325830812557,-0.0023196204093665074,-7.0357372421447906e-06,-0.00010458795193812875,-0.00034370511774817203,0.9916537404060364],[0.33924371155822186,0.427398091045319,-0.00617769638796517,0.0005427453646678071,-0.0005916123808020757,-0.0012128028567062188,0.9914572238922119],[0.3353664834634955,0.41281775306238444,-0.013890790626930993,0.0006826337733465415,-0.0002571114150811127,-0.001346029456946951,0.9909944534301758]]",1d3e5d27ee5bd4856d2ee30d1ce749d961b11924081f2cc5efd236cb69b79ab6,9a502f2384ba5e92183e60fe19daba439e1f6f3ee6581413a241212ede47798b,"[-0.05925126529575695,0.012761646268811423,0.6878522244615151]"
libero_90-task54-episode1-seed170,54,170,14,11cb54c4f0bb142ebf112131447c0a3a98c109d2731f416ffe1c337f529bb403,true,"[151833,151736,151827,151770,151674,151713,151686]",1cd5d02ddb9c526401817a6221c39bb8ac1ac433b6f5cf29e947815cc631a5c6,"[[-0.017435139500310726,0.019724055240999405,-0.014791943871443891,-0.013606396416666833,0.0009886772724172488,0.0004068172046753915,0.991226851940155],[-0.016946237062088088,0.03779939399400689,-0.008735095473838328,-0.014225212757400296,0.0007374341174255505,0.00043640024610525074,0.9922603368759155],[-0.015197312746286329,0.05999969054485632,-0.010455826408616531,-0.014234173219490609,0.0005092497215599678,0.0007231368222413437,0.9924670457839966],[-0.010803900795114174,0.09161449295326918,-0.013184184704897461,-0.013483598405301445,0.0004479682389728623,0.0012834744305010304,0.9921398162841797],[-0.00034730400556703955,0.12591332639473762,-0.01781111301238525,-0.011546256066228056,0.00025751996915346353,0.0016028627506567972,0.9921960830688477],[0.011071382150898756,0.1740256025243525,-0.030000542935937347,-0.008995781881423914,0.0003677293183272923,0.0009156230633475815,0.9916874170303345],[0.027536336074236445,0.22710455579968425,-0.04444940822412491,-0.0056197178501626865,-0.0001360876866272065,0.0002443069486233185,0.9922314286231995],[0.05349116222778605,0.2820998248236606,-0.06150858204401288,-0.0023055096143611564,-0.00021844181644326,-3.9080250905598746e-05,0.9924440979957581],[0.07719390289254413,0.32795354203578597,-0.08098275264356403,0.00039596358299065493,-0.0006934701294483148,-0.00018699545805489493,0.9920247793197632],[0.08724498656267698,0.34960321555487894,-0.09622225650304017,0.0009426255951101581,-0.0002370814765981777,-6.0729573444717744e-05,0.9915454983711243]]",dc8b5d24e7f084b4e33fd02b67710e25bc9925bd1046148dcafb6c51b52e5851,3aef662f00200026b9bf8e69a6801fb31b850a87fa3a2ce231e508b2384ca844,"[-0.0625393646400928,0.004037948510620032,0.6796347805405322]"
libero_90-task54-episode2-seed171,54,171,15,3a41586407a86e2f8ed9e0a74ada913c595b03268d250bfb0f0bf521d37135a2,true,"[151833,151736,151827,151674,151772,151727,151671]",6a28063a81a55591db349b7505fe14daf7edbce097c9bcc0722a277c1a6065f1,"[[0.030533407346093,0.003706480446581395,-0.0108259741209622,0.0003193982339038115,0.0013311425468458538,0.0010730250522836826,0.9905992746353149],[0.028993728859381562,0.01740563708104048,-0.004718837178870672,-0.000495680833644041,0.0010299089554024476,0.0011269518868193273,0.9916807413101196],[0.026767114856536267,0.033562507612643344,-0.004209071867990133,-0.0021887744491269068,0.00038896085450801365,0.0011930412621072861,0.9919102191925049],[0.024225042901226956,0.05723540302746244,-0.005800068186374574,-0.0036714402406701208,-0.00017322797910424015,0.0014729481038209258,0.9916298389434814],[0.026076736054607252,0.08347937590478693,-0.008442428157394488,-0.004163914988737805,-0.0007127552759698119,0.001691387335732486,0.991797924041748],[0.024232415064403767,0.11896780929163242,-0.019001657446665376,-0.003937624101633119,-0.0004911250493648822,0.0010832977213190986,0.9904554486274719],[0.022769636627117507,0.1579275662481905,-0.032161203081273015,-0.0027048823006068368,-0.00069045123936462,0.0004236763573182145,0.9909523129463196],[0.02608786051640699,0.20039800627635884,-0.04680887465661954,-0.000859811496488172,-0.0002554927338849211,0.0002870442456668343,0.9911497831344604],[0.03068032087335304,0.2362954094876102,-0.06314522572742476,0.0008584101707680425,-0.0003266253314819778,0.0004584425122686753,0.9905794858932495],[0.03097096951021605,0.253654999798556,-0.07632066057641396,0.001154862122005218,8.988219447303436e-05,0.0007792154909100901,0.9900926351547241]]",e1c9b4ea02d92163116ca8b0146479dee06cd10b195c6064bdaf7c3e90451dda,38a380ae702baf99dc4c14b5651a0dcfa37a5a4f2abf50a4be8ac46cee215138,"[-0.05090800783573551,-0.001776594304755865,0.6849419011498584]"
libero_90-task55-episode0-seed172,55,172,13,d4ec6cb8afb83fdf9a101a1650a1f71153fb2c066f1647d2f587c11161f522a7,true,"[151833,151777,151863,151707,151758,151850,151893]",a48937d57dcb0ece94a69dfa5192099b5e6edb98c654dcab072523a0ce6d7a95,"[[0.06319376771757312,-0.008227956020760985,-0.004225070286594246,-0.009153738863504124,0.0005228843797340232,2.8562187278424744e-05,0.9901405572891235],[0.05788272010199158,-0.004045188954506784,0.005054285514347612,-0.010034964781992617,0.0001430404794007245,0.00011762940878767836,0.9910820722579956],[0.048644384313584865,-0.0015963924445117073,0.00713282408432292,-0.011426540232347904,0.00019892966818702007,2.7701453625184058e-05,0.9913334846496582],[0.04408503247389994,0.00451714268749015,0.01059629060472389,-0.0123907542410302,0.0004353862201043057,0.00025719924182077136,0.9910881519317627],[0.05422701006008701,-0.003419639370960681,0.014215373142263843,-0.012444415504732742,0.0003619993855039638,-4.1306931443330086e-05,0.9912844896316528],[0.07147407545051188,-0.031905002633045854,0.015781361693683493,-0.011511660008167723,0.0004661610239509173,-0.0019146375929182113,0.9901515245437622],[0.10040844743411448,-0.07529070482839018,0.016485237510153183,-0.00828360509273196,5.028905380299875e-05,-0.004102360577039832,0.990421712398529],[0.1349474733643703,-0.12960302499521958,0.010422492084529722,-0.0037266610492678875,-6.74476594610951e-05,-0.006692738506467677,0.9905164837837219],[0.16726509436516324,-0.17645144086923636,0.0038610109745036425,0.0005264116696113152,-0.0006104506521467101,-0.008550370134571494,0.9900405406951904],[0.18545332453959773,-0.20246330543393753,0.00011710801058484321,0.0020161277114500997,-7.54715515256521e-05,-0.009417390885801069,0.9895707964897156]]",de7fc5395fa162c6f91162a31661bf0d8f7727cdc86693dfe7a8769af0521627,e161c6bc417f398e30478f110d0a8ca80a670f0c45771c4091c631b101bf1e08,"[-0.05549562402249369,0.0043731001949093365,0.681941225315742]"
libero_90-task55-episode1-seed173,55,173,14,63d2c5172a0b6e7744940e6023f66e1b013d669c0f728cdf392159dcad104d6e,true,"[151833,151777,151863,151707,151772,151913,151896]",090d745970f9dd5842d7a05af96181c145441bb731b596c305a44294f867e888,"[[0.09063516629614732,-0.008189519007189006,-0.005600006050656248,0.0024328584092219163,-0.009147712919883588,-0.001451600310677037,0.9887250065803528],[0.08183995490276352,0.0019533426328877113,-0.0007008862184534337,-0.0015135561060288794,-0.008547192126656,-0.0004893187979551072,0.9898416996002197],[0.06879069634353208,0.01403107228682643,-0.0030955710127216207,-0.011425423635115228,-0.005102708055076732,0.0007940725022290707,0.9901655912399292],[0.059341525517206506,0.029009310234258123,9.248245839899027e-05,-0.02153707901616375,-0.0014137038172776784,0.0026256950047240935,0.9900184869766235],[0.06555131487001375,0.022019821187626576,0.004972327745321081,-0.028107220185912718,1.4280845107350615e-05,0.004251134374065657,0.9902552366256714],[0.07577231145073071,-0.020898025678519616,0.009742313584354179,-0.029318617446449924,0.0007456665512393101,0.0038320693545443874,0.9883768558502197],[0.09682760678590974,-0.09044554804084726,0.010916149772583594,-0.022916325756578093,0.0004281766339175874,0.0028935515752923635,0.9886037707328796],[0.12513093043051526,-0.18422376375895055,-2.0598514055336636e-05,-0.010044894192094755,0.0004894879081831505,0.002298260696070642,0.9886236786842346],[0.15399334656993702,-0.26315719484074407,-0.005723734434809558,0.001945366822357908,0.00013964422805656795,0.0014693928996010186,0.9883540868759155],[0.1704189675747685,-0.30523557733047824,-0.006627071763773529,0.00615843583046316,0.0008066997698392697,0.0008513674249730485,0.9878734350204468]]",6498c4fb7f44928f8a0b3d1b42566d0f8c8d622926df7fc4f372fd8cd0ab93c7,95ce3b7fdf4b1ea0d84a10db6259b6173797bf6b7ff375d8240237069df2365c,"[-0.0680675333930131,-0.009529898496646998,0.6678530726054104]"
libero_90-task55-episode2-seed174,55,174,15,06ef9f765ea02e4eca8ae547d720d12e813db2b4ce434a4931a48c616a8c7352,true,"[151775,151890,151803,151865,151840,151789,151872]",95fb11d6675d4d57a260f7ecf252119dc04a99e5c3364e7271e84a7983802057,"[[0.09787555757425892,-0.01655858934494603,-0.001390729292324977,-0.0006046644147836844,0.0006813065952115949,-5.380657221110141e-06,0.9877128005027771],[0.10850211141907984,-0.009697992417159185,-0.0027412579126462333,-0.0024290181876018835,0.0002531008701822657,0.00046072532760987883,0.9887373447418213],[0.1193244911073279,-0.00267068134917281,-0.01688183968056478,-0.006751495268356722,0.00032228707812009816,0.0009143693860700353,0.9888061285018921],[0.13099440469277113,0.007853885460349375,-0.023493445528742996,-0.010938670294355468,0.0006955867397522297,0.0018865867590065477,0.9887242317199707],[0.14121663732479917,-0.008167481786074404,-0.02647368336434397,-0.013465585200357788,0.0007473150241139592,0.0025608031719102087,0.9887531995773315],[0.13795796462189003,-0.06280134038377128,-0.02676394818789163,-0.013841306327038616,0.0007062720217589913,0.002108768311149589,0.9872274994850159],[0.1286845779498762,-0.14427284434574972,-0.020286445125009323,-0.010748331992527671,0.00023000238881820678,0.0015401975983806437,0.9876051545143127],[0.11351822836289926,-0.24598230719234948,-0.007482577643258992,-0.005217696706018016,0.00014669492529151285,0.00010919047666568815,0.9876808524131775],[0.10122256380122074,-0.3334414778792194,0.0035990846467086612,0.00043484146845562677,-0.0005490996556432037,-0.0008956037938858685,0.9872405529022217],[0.09325789059950473,-0.3798593479518786,0.009579763099083038,0.0026771625012702582,-0.00017816346716870157,-0.0012189776850881628,0.9867258667945862]]",f10259641483b877b9693f3187ec40747430f8c6b4817bb4aed550744559e6f0,fdbb803e472b51426bb797fe348028d3849fbed354fc6186269ad24a9da41fb1,"[-0.05835031736824441,-0.0038534001133008126,0.6813607542731059]"
libero_90-task56-episode0-seed175,56,175,13,43063f6591ea62f57a37a5a7a759461bbdffd40cbb89095eec9720c7441c9a42,true,"[151790,151775,151752,151765,151892,151724,151802]",8f507c3db7963337ebca0ea4870faa41873f6e07a6dad09d34e117efd50fd3b9,"[[0.1602106846646798,0.07450089952918404,-0.028179234912187212,0.00036737500260364264,0.0007362325197277642,0.0002281588368244769,0.9878700971603394],[0.15492471123283735,0.08318356464833698,-0.019440112400218368,0.00020593903575716332,0.0005189618087371173,0.0002834890414469271,0.9886916875839233],[0.14727267072344574,0.09126138492192126,-0.012924333257331,0.0005817893555062348,0.0004104505852353668,0.0003782071665057174,0.9890488386154175],[0.1501878977406328,0.10695578130622607,-0.007249590434440734,0.0008155549844164334,0.0004454955296608887,0.000653829051554311,0.9889557361602783],[0.18080585989930853,0.13801852570104245,-0.0025921395467491948,0.001208301911876486,0.00016452027956859183,0.0007464701888846292,0.9892196655273438],[0.23654312166993208,0.19748202067873422,0.0029715425818039876,0.0010797271247453555,0.00035772924492505354,-1.3370510915322598e-05,0.988750159740448],[0.3182052353498115,0.27145994697342246,0.009349779006385006,0.000947562615932318,0.001037793819634203,-0.0010153767528944257,0.988814115524292],[0.4167604622982495,0.35091745392293205,0.00896920229078546,0.0001708262054238574,0.0026402584121854034,-0.002495333423237156,0.9886615872383118],[0.5047372089689297,0.4169366634367577,0.0061180438462429265,-0.0002863788350133678,0.003727098564553444,-0.0041298853423423765,0.9885481595993042],[0.5537377262260179,0.4489509032902106,0.004744090920183908,-0.0006720662841015468,0.004747999801935521,-0.004961559878985611,0.9880102872848511]]",c4c2d3a9d721be23af4075f2a016e07b64a9c46304ff3d192b4e068d4fbf0595,55dfa642129495b7ad0418ced7072b4dd07a5f4f782730e0cfa616db8b6fe07b,"[-0.05853654927691352,-0.0025727841885257743,0.6803141345208377]"
libero_90-task56-episode1-seed176,56,176,14,6dd4163c0fdc7e5e0a0c22921ead9a6fd7d482386f7c1257661f9572ef32680c,true,"[151790,151808,151754,151873,151807,151708,151842]",2d23b15ebec0bcaed802f5e04d864c0f43d99eaca285d4126ada5fb17524f968,"[[0.11775214555025215,0.05920665808083925,-0.007203014833521593,0.0005567997248774326,0.00017283215785823813,-0.0005846918290544068,0.9908846616744995],[0.15046141823789938,0.08441047412155456,-0.0008175709302520318,0.0003170727586754296,0.00023644732192451556,-0.0003181263589659977,0.9917826652526855],[0.19768034410882152,0.11830823013873726,-0.0032213742771034504,0.0004696866845761427,0.00025839385838821727,-4.965230555953326e-05,0.9920185804367065],[0.2589484940496405,0.16435341492780253,-0.005259288876288792,0.000434232415419622,0.0003821286295817572,0.0006085095535510732,0.9919494390487671],[0.3328590650895862,0.21342876886947693,-0.00917491548017324,0.0005714908223519721,0.00021320981272765493,0.0010078338338512793,0.9920039176940918],[0.41209330912636233,0.275588082231053,-0.018083195332877722,0.00037551416590297926,0.00036690508188996773,0.0006653179746649585,0.9920965433120728],[0.496923157448407,0.34239540427115855,-0.029371745022473306,0.0003691929336353539,0.0012645184232553675,0.000340278750959655,0.9921731352806091],[0.5831887676576528,0.40647626081522503,-0.04515497670604418,-1.5950058950942037e-05,0.0031928841170127953,-0.0003044668901210912,0.992150068283081],[0.6539797217671861,0.4565709643568283,-0.06319420382124008,-5.615678740356067e-05,0.0044217213394688315,-0.0012588895303569103,0.9921735525131226],[0.6878558268924948,0.4771364065970829,-0.07832270158849042,-0.0003361643066686071,0.005424886597609202,-0.0017728223677462296,0.9916977286338806]]",a4ba01934816b01481b912b065530b9f6ce78601541fb3c2bff42763526cd149,fd56f7e2775f78f142c2b37f61c2a97144db40160e8c22297c7060a24c3b8b86,"[-0.06572886620096345,0.010693429992007529,0.6676587135666524]"
libero_90-task56-episode2-seed177,56,177,15,5084f32a3bd2b85e07c3b7fba6e889947216778da35560a5539f5d5bbd562cac,true,"[151833,151808,151831,151715,151743,151708,151810]",b1ea2c7915075f94bb76b95f0067274d132b144276638ad96a84c65f87018486,"[[0.09285502616147134,-0.0003445757864994903,-0.03179684319272269,1.3635153676805345e-05,0.000432734760721587,-0.00021713984751947635,0.98369961977005],[0.07560597426001081,-0.003225404329043613,-0.02213374375372723,0.00035767629440908166,0.00015030964894435783,0.00039066909287654994,0.9844487905502319],[0.05126790322135655,-0.009104422428904968,-0.016426840287294908,0.0018434796318953506,0.00028125400632461606,0.000780544014592266,0.9848611354827881],[0.03686847932821635,-0.009839030632292634,-0.009409868364997465,0.0035371453881090087,0.0005369957047633989,0.0010697505220811365,0.9846212267875671],[0.04965534185198095,-0.010246257978749895,-0.004132465105868732,0.005024489814337896,0.0002608169149027617,0.0015243862954026355,0.9849206209182739],[0.08722070698335216,-0.006843608539952584,0.00439840495369026,0.004581274537576174,0.00046434373156500897,0.0011847520227945552,0.9836296439170837],[0.15479218887441348,0.0013831423488852579,0.0177073965668626,0.003819395329915709,0.0014983235157899344,0.0010716403937980346,0.9837422370910645],[0.24278765289351867,0.016050604229249643,0.025333946459454637,0.003934598634483644,0.003835133121199874,0.002368915702041008,0.9837056398391724],[0.32260910959243816,0.023773061500023118,0.032341690624946295,0.0038197183125863177,0.005408769299563687,0.0024670580501116035,0.9833544492721558],[0.36955230773160963,0.023000118781766332,0.040381523897792704,0.003546078165970412,0.006411865043787657,0.002095950864356766,0.9825670123100281]]",8e3f28823dede7b8757a9acf8dc2d4712dd1e31e6075ccdf281225bf86d06348,4e8f0ead1f66ffe9bbb07f6a4fe7419c5b82e75de5fc22c6b65c45ec3d82f183,"[-0.05897201641739053,0.0006944934066651647,0.6775999235186236]"
libero_90-task57-episode0-seed178,57,178,13,504b5a98933404c42d1fbe72a62980e42f3f4b9c4d8e6815ea46542abd339342,true,"[151804,151736,151826,151879,151911,151692,151683]",6bac035442a2e5c620b71233d62539e4118884d0f7804f950747f1c87356366e,"[[0.10437957128379338,-0.13631458880905,-0.016155850009027972,0.0004416056483858011,0.013478431312790917,-8.249116559078118e-05,0.9855208396911621],[0.1198967828643589,-0.1374588330784121,-0.008613824184692476,0.0004274590074131446,0.012653837375324883,0.00040268194081960473,0.9862076044082642],[0.13883414842268849,-0.1400463103333749,-0.009084275975453693,0.0006399539204446913,0.010730407169631917,0.0007391539528320834,0.9864369034767151],[0.1668019282810249,-0.1360274386929916,-0.007248225381658813,0.0007118406348458617,0.008595366671855231,0.0014875805759260174,0.9862809777259827],[0.2063214022458375,-0.14536025308437672,-0.00680927900910433,0.0008538330449217035,0.006104663186093262,0.002037551957144501,0.9864301681518555],[0.24917018041704964,-0.17375618622821776,-0.008981624006253242,0.0006179634146143975,0.0035552403020915335,0.0012771311977086697,0.9852334260940552],[0.29983671826271774,-0.21460817173824864,-0.010753953936188054,0.0006778997702030498,0.0022228670664361516,0.0006424711096517655,0.9852771162986755],[0.35041893975109417,-0.2636965430151861,-0.016639515510718184,0.00044729937146481547,0.0021853990654960853,-0.0006229757650224599,0.9852792024612427],[0.39314684976195835,-0.3044863118125818,-0.0235106451937952,0.0005059530244473365,0.0016910756754100476,-0.0015907772000858245,0.985076904296875],[0.4153714937821107,-0.32449979853794275,-0.02920602761474811,0.0004973155450276323,0.0021975143480688075,-0.002121999556944587,0.9845403432846069]]",704b76d62dd8427c39cff7811e0ab8e8b18e194bbee16277532d151755a2e9bb,44b2f3c0b4e261e4e40458a43867c423bab928a375c77971948e48a33c53c22a,"[-0.05740398691287043,0.010365566132115249,0.6916492359261186]"
libero_90-task57-episode1-seed179,57,179,14,a8ba19b1300415cefe29d52fb10a1460747315ce649e6b6b4f524478c778a7fc,true,"[151775,151890,151902,151879,151893,151665,151738]",2b63a0a5a5f6779659b25feee9688f54306ce6f34f124339451d1e50e786caba,"[[0.07993731877749077,-0.06683133313341472,-0.006624669270877348,0.0005917649059898888,0.0007194895964346415,-0.00012895207126462083,0.988032341003418],[0.09475920735088295,-0.07691407928426486,-0.000745004724365117,0.0005217238068493391,0.0004545521999119728,0.00021361992272517227,0.9887497425079346],[0.11274604945099043,-0.0947486998336089,-0.0032892447014205572,0.00044357122863836196,0.00030764943343797313,0.00033206435805155365,0.9889793992042542],[0.13438824843548502,-0.11064942610676809,-0.004312324460414629,0.0003772582723242657,0.0003547103548413588,0.0009699428415075317,0.9887824058532715],[0.16019337994632465,-0.13353672021352736,-0.0035913581831152896,0.0004832150444364913,0.00022511655355117455,0.0015518362143005504,0.9889405965805054],[0.1811796771315315,-0.16699783175653238,-0.004826512542308592,0.0001738714706038813,0.0004068755838204652,0.0010470720614783602,0.9877310991287231],[0.20313583314904093,-0.20808740925978952,-0.0036239556435475606,0.00031683282869154894,0.0007604829459921802,0.0006762268381397263,0.9878425002098083],[0.223009949022412,-0.2528914372559399,-0.0012895515801290003,0.0005811710743939269,0.001950878972678538,-2.222109826277574e-05,0.9880019426345825],[0.2398710132462618,-0.28936457568114804,-4.817258025013871e-05,0.0010691609773783028,0.002393484008962332,-0.0003823445741382159,0.9876384735107422],[0.24813851901919293,-0.3072911888163077,-0.00039828131775720976,0.0012128052131124,0.00308834511730538,-0.0004961111091752457,0.9870897531509399]]",8ee18251d1a1a77efd85edae47eaca43c315c10b14b0565e63651e9ee5322324,9d0f46ad8f94624c5c7ae427a23e126a38d99e3f0a81f636faa8dcc1027ba3ba,"[-0.06152819872480261,-0.0015472646485842078,0.6782481459535172]"
libero_90-task57-episode2-seed180,57,180,15,e49cb9915f90038fe17f975c4d41ddf4acb5566a00f731775fdfefc87a8fe181,true,"[151804,151899,151708,151891,151913,151840,151788]",5c23e02ea2e94558ea5b5d9a06608c0dbe6498f15ac00e448f017636bb389ca3,"[[0.15877183264920092,-0.013321219064508227,0.03379115827090118,-0.008463672545634404,0.0005624874509635447,-0.0061340662307109994,0.9879722595214844],[0.19548352777151123,-0.03483861800756216,0.034377584946014395,-0.010904969359696537,0.00036947709679679974,-0.006241171435735993,0.9887971878051758],[0.24172659113233408,-0.07209874147331874,0.019696114663787512,-0.016267995096312937,0.0011065232218356869,-0.006520966007842688,0.9889184832572937],[0.2901615266252229,-0.11381104984579338,0.010230074244390153,-0.02133893376178353,0.002229460957934748,-0.0065571542444811115,0.9888806343078613],[0.33457285023240146,-0.16531910800111405,0.006150914317231582,-0.023745053148978235,0.0034615156816641957,-0.007162193867905842,0.9888821840286255],[0.362400073398792,-0.23951627902121686,0.0039454804406489075,-0.022541647402519516,0.00447912990385646,-0.009461643822538335,0.988200306892395],[0.3817420691827422,-0.3280879193795627,0.008324897377718798,-0.0166586933908337,0.004386308964342334,-0.01178300506212615,0.9882766008377075],[0.38905428387096563,-0.4213291956427412,0.01837261408854829,-0.00840224124168465,0.003928112949665774,-0.015253670268004171,0.9883095622062683],[0.3933839950349274,-0.49815345966646163,0.025993867576346474,-0.0003072435155346831,0.002679603288868293,-0.017374443143184592,0.9883288145065308],[0.3909585092050669,-0.5388496983974989,0.027213023516935664,0.002724548673086691,0.002853249052037654,-0.018220899844742178,0.9878484010696411]]",c03eec1412b560ee512fe0febeca940ca0ae77c2aabd5147dfc0478678dd0100,9d23a78769069adb0c719aec715045cb606092600137ecf5aae3bf25401a74ab,"[-0.04722585400779769,-0.0142079045328581,0.6969461658603022]"
libero_90-task58-episode0-seed181,58,181,13,90d189270258224a19e0d030699d17a22f409c2bc39cf14dd4fb4519aeb45399,true,"[151775,151888,151916,151832,151740,151738,151807]",1af566446d33883d46be7ab9e4e0cb1e6ddd6bcf27b53c974883e43ddcf5c63f,"[[0.01892949007172362,-0.19224787471223692,-0.019179769533650415,0.0005078632362420787,0.005403903325415627,-0.013418979062919334,0.984954297542572],[0.017310527722344204,-0.20545165511578034,-0.0008752307597603703,0.0005892825534643542,0.007144134569713856,-0.01267264813915503,0.985141396522522],[0.011209069438015362,-0.22815158159371407,0.016943567632210943,0.0011203306604790075,0.011830355660521263,-0.011321857651601874,0.9856348037719727],[-0.0003597086633675417,-0.24795807218865207,0.03183847756741898,0.0024660979400656924,0.01661712366612278,-0.008687264208639078,0.9852496385574341],[-0.012415358547247735,-0.27400734877989663,0.043945403700831775,0.004937681300554608,0.01835284643641444,-0.005856273799928147,0.9851678609848022],[-0.03731102116126905,-0.30967438615647325,0.04913566199036268,0.007607262266202897,0.018553701932574995,-0.0040367015685784935,0.9845452308654785],[-0.06846922603226702,-0.35145864861835463,0.04742847237918113,0.011264542694724877,0.015894814491360876,-0.0020350654579672778,0.9846301674842834],[-0.10803531678938327,-0.39229213311251954,0.0317380096826696,0.014409046607312348,0.01233462947121211,-0.0012242917798168662,0.9849879741668701],[-0.1418111251797356,-0.42258357476832487,0.011769635373951814,0.017039029897544022,0.008146356424703072,-0.00023042508434123476,0.9848624467849731],[-0.1613097463226758,-0.43421666504926293,-0.005542455425370463,0.01766003329236132,0.006921213370375767,0.0006017172423309347,0.9844134449958801]]",f2ef77c1eb5323fe8501e833cf10198c08d5b9e137c3c86f302a70cf590490c5,6d8d7688ee469ac6a1bc7902649fc2b2f12bb067ce5d3cb18d5fcf15f7048597,"[-0.05517886361853363,-0.0016168204781186488,0.6767953812406988]"
libero_90-task58-episode1-seed182,58,182,14,c07b49d74fdf2c005ee9babe87e69cba12a89139bbee3ae9c4cf69ec3fb56df2,true,"[151775,151905,151760,151884,151850,151734,151825]",6713b1c5e8e0526634a73948e9a41a153b8c69d60558d565dbbe4105176ebd2e,"[[-0.008665620316321565,-0.21468038207441253,0.015867087008388125,0.0003713246192613706,0.018925124718464303,0.0009774836167739664,0.986721932888031],[-0.002453093992754063,-0.23425573809440436,0.015141097336851317,0.0004393355416152378,0.021477695589823043,0.0007591005196658784,0.9869881868362427],[0.003612651237622444,-0.26608291781514026,0.004775323327834258,0.0005329636037865182,0.02687155841903177,0.00025867745831220645,0.9872708916664124],[0.006171586464390089,-0.2960466198685552,-0.0043125974709710135,0.0005967757514224736,0.032512493568248146,-0.00023615083429540107,0.987133264541626],[0.009221543074485083,-0.33222035958271334,-0.009042832972994574,0.0006838703355711573,0.03650416139805657,-0.001125251274890715,0.987199068069458],[-0.00041594899802177565,-0.3796073548909007,-0.01177818033951894,0.0005223051756564345,0.03974144434596383,-0.003629443569387547,0.9864862561225891],[-0.016765111400324884,-0.4336816730696924,-0.008274362858884388,0.0008188217234277317,0.04033455694181498,-0.006121398476727435,0.9864296317100525],[-0.04312611284363399,-0.48607239880468,-0.0015830379282419926,0.0007807466806011298,0.03980035242483382,-0.009274583945767745,0.9867373704910278],[-0.06612633491680064,-0.5250323607586438,0.0024441407889810307,0.0010218024897907796,0.03769993978798425,-0.010793516881321352,0.9863525629043579],[-0.07957227765751007,-0.5409785452065208,0.0023179007077089864,0.0010604312171955677,0.0366264264464462,-0.011225848426063223,0.9861554503440857]]",07f1b6db67caa31a24d10bf464fbc0a038e1cf4f2f24edb5f47ea30f66ed0c9a,fe6c8401a5ded12036a721b3659bf83c9eff94e3cef8de111e119e6dd3d5bbab,"[-0.05580224225609628,-0.014091758459867433,0.6937430171217099]"
libero_90-task58-episode2-seed183,58,183,15,a3c958848bfa77abbc7090874f2518a6c1bafb87b33524e4b922959c9cfae2ca,true,"[151775,151888,151730,151910,151822,151914,151871]",1cf317b37c119f1aed72d44c754b5af8a824066d5a17c90584b47b968da7665d,"[[0.014343563128850434,-0.11925670342996852,-0.016949273287991673,0.00029398411176506656,-0.000267627877576615,-3.455204342550644e-05,0.9891397356987],[0.013070695146573996,-0.1319259530981043,-0.013961827973702157,0.0003183554612815609,0.0023322819708511133,0.00025950076876313233,0.9897861480712891],[0.00944888822634482,-0.1529821591276459,-0.01792807073474023,0.0003813832224317526,0.00911003777832775,0.0003351704838436831,0.9900048971176147],[0.004172450047473575,-0.170641660643156,-0.021207528140138265,0.0005162607856779022,0.016365304538680903,0.0009379085803260523,0.9898650050163269],[0.0038576101206651003,-0.19414681693074698,-0.021213916587157655,0.0007546404527396522,0.021099996690338685,0.001649978562371146,0.9899855852127075],[-0.0011214694285115456,-0.22355835847186256,-0.019895002589265687,0.000565547941212774,0.024282502672122064,0.0013580588727144516,0.9890447854995728],[-0.0035962207320565653,-0.257758588161181,-0.013851531708922948,0.0005661939065539912,0.023094251646284647,0.0010399990762408606,0.9890880584716797],[-0.005610631211602879,-0.2919448780269107,-0.007033966697008509,0.0004089290301965143,0.01989389051854573,-6.987954641068939e-05,0.989368200302124],[-0.005018386054835844,-0.31783266791180154,-0.0015512048973675974,0.0004978323173006061,0.015969849798835867,-0.0006008212292520909,0.9887436628341675],[-0.003819239704327515,-0.3292815680237027,0.002194390732000784,0.0005373284838778858,0.014808709200394787,-0.0006456542256252362,0.9883913397789001]]",eb14c33fab2406ba83c1ce405d8707a1b42ab17507e8d79714f7d0cd985a3d2b,cdfabcb2ab26abf135d71ecc74aa6c91ece660bd4493a4f5b2016e96c86c74ed,"[-0.060450934032242484,0.006272781912574373,0.6816748937865953]"
libero_90-task59-episode0-seed184,59,184,13,1f36d92629b22466d969d3a8512d00e29633a23e9a1c88e8cb6f07ada88f38d2,true,"[151790,151784,151797,151765,151882,151763,151871]",b1096ce290442c898c5d72876f00b56ec733092b36563474118dc7b53da1271e,"[[0.006886642147851063,0.05108599334946007,-0.001278358147317249,-0.002113528714951407,0.0003691295272147954,-0.00045290602210279474,0.9899674654006958],[0.008613361684743026,0.07805842450800071,0.002028345711607926,-0.0020169476683631338,0.0002554345516614376,-0.00024397228357919687,0.9907951354980469],[0.013394805458215586,0.1144027220637156,-0.0026210786657259177,-0.0011577214837812377,0.0002782251856814355,0.00013448856143050136,0.9911479353904724],[0.023776047262476396,0.16227412624161275,-0.005976050791019816,-0.00017362097066575544,0.00047214915132087754,0.0009318273099498953,0.9909259676933289],[0.04304560161065929,0.20246427762728558,-0.0074295043910979075,0.0005769077031418934,0.00040356870751168117,0.0013879600113639867,0.9910353422164917],[0.06656174267213366,0.2390588770153812,-0.007272850933844666,0.0006326729682415433,0.0005033410386658943,0.0009913863364339193,0.9906759858131409],[0.09709830202303671,0.2710894141625886,-0.0030418425352252143,0.0007557570499723276,4.5452871333395706e-05,0.000651246850594589,0.9909284710884094],[0.13253938054224434,0.29903773547104606,0.0018135410058448542,0.00045842843148635737,-0.00021418160642383555,-0.00022537295202873509,0.9910352230072021],[0.16454781213650804,0.3212090248889865,0.003837204453986942,0.0002809356118724793,-0.0008091214252203827,-0.0010733265816789128,0.9906823635101318],[0.18241360949750884,0.3313680813241149,0.004207079155776228,6.73979262186819e-05,-0.00031496685464560414,-0.0012919342180008897,0.9901010394096375]]",831cd692f78130e6c1fdd9683a64913a50e52d25a184408ea1f40686c34cb973,97610a4c876d04538152729b00153c1d3e0319f8c073b8620c59d7bd3d7e20c1,"[-0.054854293320544784,0.003221331490406076,0.6948472129951859]"
libero_90-task59-episode1-seed185,59,185,14,af482842d1c1d4dced25e6fc64e4dadbfbf1ed5b09064de73e08dc228ea118b8,true,"[151864,151685,151827,151858,151850,151789,151853]",5e439eb91e43d503f455c5add197ad63e41a6d0b1cd99c1d1340a73e1d50503f,"[[0.01859716884780127,-0.01568319917318206,-0.0031966395206950438,0.0005337664464248881,0.00040214863750520635,-0.00024752748779910405,0.9882946610450745],[0.01191803315430029,0.013323728738399154,-0.011670286567635912,0.0004147242621148628,0.00014210700680905575,4.506581949925703e-05,0.9894304275512695],[0.003320016089723765,0.05406009571160553,-0.031308427307351394,0.0005196751739100502,0.00024210774083144315,0.00048188814851890527,0.9895269870758057],[-0.00315852613386447,0.10886123219236765,-0.05158503053422692,0.0008428331779684051,0.0005957945474790449,0.0012648750989505686,0.9893211126327515],[-0.004463840463056812,0.15613445394038195,-0.07332092978708715,0.0012104981940366244,0.0004996071482992193,0.0017872281568607207,0.9893666505813599],[-0.006761968863186141,0.2054736395432144,-0.09837827546891731,0.0010310582503227916,0.0007257855711486627,0.0015774523962850395,0.9879064559936523],[-0.006238545277632568,0.2508983996838765,-0.12188060762369446,0.0007994981316490346,0.00023463996009809307,0.0012707692533151516,0.9884738326072693],[0.0001993396867590036,0.29085454653092313,-0.1448959981501048,0.0006497356813259803,9.798553101347807e-05,0.0011082402856619211,0.9886258244514465],[0.00734640909088391,0.32239237241348917,-0.16755860443555548,0.0005312840938993535,-0.00043434211022486124,0.001064848082577896,0.9881274700164795],[0.008595747953560107,0.3357888503784068,-0.18418647617846773,0.0002621287923667559,7.598934175234717e-05,0.001310905637797788,0.9875400066375732]]",723d8a64cb79c73747f893669588affbd0db3e5467c3746060d0088a9fea3660,1cc60b7596ed79edcc358676e979a4ba4844db73fdb948f879de3d361df8c4fb,"[-0.056264623138243375,0.0059406335334401955,0.6883269821843772]"
libero_90-task59-episode2-seed186,59,186,15,f3dfa7120d2a7a133e4e11d2881793b22944a5df4cf5c1652205241944764937,false,"[151833,151736,151718,151675,151834,151672,151726]",1bcc74a19db80151de5c94feeee86b9fd417ed5177537af9ac9bcee4c2dbc520,"[[0.019531800217738038,0.020468810815970073,0.00674334722458525,0.0007597066666300556,0.0006690721459250426,0.0004378223277932136,0.9915030598640442],[0.011945270427833776,0.030712428680956805,0.011377701419206687,0.0005523702482519433,0.0003811852264306026,0.0004967264482367284,0.9924900531768799],[0.0014157907556224814,0.041565708830546555,0.009989988761105906,0.00039867663742376713,0.00032841423332286013,0.0005919684981279261,0.9927060604095459],[-0.006818738934116553,0.059931426408752486,0.006195797252701141,0.00040990720628464317,0.00047209949852344835,0.0010819879092380802,0.9924011826515198],[-0.004648232831856447,0.08500691407348882,0.00034556324416712414,0.0005606755169247357,0.0002966066512897214,0.001360154572044081,0.9925523996353149],[0.0019936447435533466,0.1270741242046114,-0.011360037371360932,0.000377018342340385,0.0004860122123631072,0.0007994053085589314,0.9914959073066711],[0.016081318838162773,0.17664854433050436,-0.02661777833600354,0.0004599418360000662,-9.552497658660286e-06,7.369456927008855e-05,0.9920129179954529],[0.03964522445387253,0.23094610468412213,-0.04665959248438867,0.0007107332656894894,-0.00011848080465881594,-0.00030109880191275806,0.9921957850456238],[0.062134162731148024,0.2765556699860383,-0.06760337890895585,0.0009716848073886286,-0.0006151974595809406,-0.00045477718221853536,0.99172043800354],[0.07305304271103985,0.2987693938669622,-0.0828381323847509,0.0007939520577908699,-0.0001322842823441306,-0.00030764786231785024,0.9911463856697083]]",ca8be94edb61b88057707109d71abe5a835fd101d94de95240c6c327a5796856,54b17f3eadeb85cc614ccc75cd13c038daa628fe67594d3603b43b3875a91f4b,"[-0.059512670249215666,-0.00045029533417476807,0.6880391637787395]"
libero_90-task60-episode0-seed187,60,187,13,f0a1f73bc1b12ab4c7349f78612edb353910c3d342f6327f0bc7a2dcb9b1c9d0,true,"[151775,151685,151803,151815,151900,151806,151755]",8d547cbcf7dd1329caf9e185bb4de51dd2865c80ed0a4a30108c48cb814a56eb,"[[0.1199721819943349,0.01749809091101895,-0.015255734204629334,-0.013207623555380854,0.0010740105700790537,0.0010007795602149372,0.9881654381752014],[0.12252974873572242,-0.0035119907022362895,-0.007328654291569592,-0.012384617570288636,0.0007095888286272611,0.0006998408788003729,0.9889688491821289],[0.11535438258551167,-0.04109882878335469,-0.009103059101732924,-0.00938990379225313,0.0011956698543400535,0.00018023842626035957,0.9889842867851257],[0.10392196743055493,-0.08349321477400196,-0.008239308303444659,-0.005479635651881587,0.002565918243874421,0.0003451437672605806,0.9888937473297119],[0.09128674191584629,-0.13675205327285056,-0.0064187101071411234,-0.0016660131546324397,0.005109124597638015,-0.00042558708441298165,0.9890824556350708],[0.0647603303203006,-0.21581294149164876,-0.007174403327212531,0.002543290798341147,0.009279701387143291,-0.0027715540795227867,0.9879955053329468],[0.03138999090467287,-0.3101744773277204,-0.004910053772562151,0.008801707550571303,0.014713197079259999,-0.005111028149030972,0.9882930517196655],[-0.008137031802075256,-0.40547054508710545,0.00039912791532970004,0.014588624972170727,0.021507705740589245,-0.007766372757677331,0.9883389472961426],[-0.042442488179226245,-0.4832867403077401,0.0011733312511239546,0.019264601971868522,0.026184621897158422,-0.009298909027272373,0.987971305847168],[-0.06411761910222324,-0.5220891105060588,-0.0016639582571542633,0.02060629966980554,0.02799013663951655,-0.009854587446843865,0.9876382946968079]]",12e094f9580374ea0ec68920b38d0de9c6e45cc949d71c29ed86d721cabf7769,b879cfce73226798930448bca02864731fd2194138f314843cb52f7741606cdb,"[-0.06417821080580044,0.0012692572900347642,0.6775416346639139]"
libero_90-task60-episode1-seed188,60,188,14,46982ee5918a4804336b8b46a72d9af735f4674eeacfb6c3e5b04d722adcac1c,true,"[151775,151729,151708,151735,151838,151740,151731]",9bd2920ac124f26c7354268b2cd33a2549d2c3a0b294c36436c1b539bf582338,"[[0.014303347316550585,-0.08885205195685586,-0.023654467154898384,0.002956847037864696,0.02580295077387973,0.0012041559531947854,0.9843224883079529],[0.03107148696862083,-0.11205078837225102,-0.013829144843299446,0.0025177659392867646,0.03292854428846681,0.0007052298199337059,0.9848405122756958],[0.05188358920834446,-0.15101777148736062,-0.010181778412118092,0.0011744256437677958,0.048554498111741395,-0.0006523904020419025,0.9848267436027527],[0.06763167751594423,-0.19188010936638022,-0.006176604345739634,5.266991643892993e-05,0.06445725635012423,-0.0026403109090047394,0.9847689867019653],[0.08166973297935165,-0.24113596352378863,0.00024929972198606265,0.0001428651342254561,0.07516269739264203,-0.00515584243380296,0.9845629930496216],[0.07897628888312447,-0.3056048289075264,0.0009937449071344417,0.0004568227462096175,0.08254727989861976,-0.009679914650039478,0.9833923578262329],[0.06880221810753895,-0.37951110860891646,0.0018573865012001534,0.0018512219879136538,0.08107946376213704,-0.015006471305113678,0.9835110306739807],[0.051606669569972397,-0.45388539738755895,0.0014601015395498962,0.0032901466977801608,0.07479600155306798,-0.021292802118354714,0.9837889671325684],[0.03582264748497188,-0.5127598835692737,-0.0015175153947097897,0.0050048801521938024,0.06692903218950619,-0.024634712796668623,0.9832419157028198],[0.022850907000821152,-0.541301006125714,-0.005423968843899729,0.005590650751685855,0.06285033293636388,-0.025762554556431283,0.9832266569137573]]",50119dcf8f213c41ec539ab45e12671cdce57095a40f6caf9fd077fe4a9fd4cc,d378f15a4f2364df693b57740bdc796c5ef7a2ea4cd3ca336d7b5925f8bc6cea,"[-0.05397460690334203,0.0028294214320623307,0.6938429395289253]"
libero_90-task60-episode2-seed189,60,189,15,d2585915e8c64634224455dfd3f06b8294e9318284eab0290d2317df350e6571,true,"[151775,151890,151803,151873,151689,151887,151785]",271df77e3dff9ff64f14dc6d7df6f411b8d168aaea8655f1405edfcaed94af5b,"[[0.07118682595475434,-0.009365896619897285,0.02082916307489313,0.0020589275293438902,0.001112580863122048,-0.00035491336684145836,0.9859593510627747],[0.07935421157148781,-0.002337560564882324,0.03632207533280507,0.00013897088602554675,0.0005753177338192472,0.0002044138149557284,0.9869475364685059],[0.08807751126538044,0.004551582251650643,0.04598184404301264,-0.004603798929954106,0.00043880233256743395,0.0007106000494658815,0.9870017766952515],[0.1011324644895808,0.014073506749809894,0.058967208942647176,-0.009410740788545535,0.0004114138495054931,0.0016967575652646616,0.9868638515472412],[0.1209260604489728,-0.006259878427172794,0.06791966190337462,-0.012120657675714686,7.712142553373269e-05,0.0026388305487365926,0.987038254737854],[0.13306028788048607,-0.07384388438818945,0.06470949457718689,-0.012813667749925095,0.0005574030045067957,0.002141232939157689,0.9845161437988281],[0.14506472992433572,-0.17271090445646564,0.054589320864693036,-0.010032454745238173,0.003222924059457455,0.0015108390961646734,0.984897792339325],[0.1534019843069636,-0.2949620298442568,0.03332878759260893,-0.004854904114237835,0.008002313659360993,5.8220075112913605e-05,0.9848139882087708],[0.15951461119778187,-0.4008741445054653,0.010518373391931846,0.0005949301361618531,0.011455854401191345,-0.0010505171398680346,0.9844346046447754],[0.15983571967052512,-0.4576598608709759,-0.006595074926565303,0.0027810429562142858,0.013008556960159012,-0.0015235651287284213,0.9841208457946777]]",2b3d66e0a80f69edd896223fff72f992519def5dbdb762fb787450ba33d2c7d4,55b046089cdf73f98bd9db67e49601ef7d2f7a48058a8b622f576de55769acb2,"[-0.0646139762160844,-0.0059876288705704465,0.6763436364052292]"
libero_90-task61-episode0-seed190,61,190,13,be329f836f2a97a490ca6cc2089177ac2a8a2e76af69f99605815ff7858773d0,true,"[151804,151844,151765,151762,151712,151788,151756]",ae017092781a44ca9400973a922cb3399a5b0a7cd570041a20f36b1f533cb76f,"[[0.3716947378112323,-0.03988632037788875,0.0024042812477489406,-0.020997245780508544,0.06041855739059088,0.0006142540151063969,0.9863350987434387],[0.3914978690235955,-0.09748966889610244,0.008109109833952743,-0.019216014808254744,0.05954975260229389,0.000942960712638552,0.986575722694397],[0.4001167665263914,-0.1893737085853786,0.0016831511641157704,-0.01331292513407556,0.0538524515974359,0.0006006881042672774,0.9867312908172607],[0.407563534228764,-0.29112980834177904,-0.0013394033077247514,-0.006509359774239609,0.046220935799283325,0.0008099586516117085,0.9867359399795532],[0.4113054147049269,-0.3865392396665257,-0.003659774628545165,-0.0010409309500891695,0.036158180705569976,0.0011626161986253436,0.986661434173584],[0.40452399576543385,-0.4886124704095707,-0.002931928485224944,0.0019246590191337454,0.024576586260735667,0.00035070111280433025,0.9868462085723877],[0.3965713299193112,-0.5895111172672074,0.00494715617202246,0.005001188921672561,0.015075205694756733,2.8056974047174776e-05,0.9866076111793518],[0.3838528033751736,-0.675253844676007,0.01757383980267946,0.0074079450461321805,0.0075179208287607935,-0.0006444192599488474,0.9867568612098694],[0.37359931630285104,-0.7412970388863016,0.028840384841430478,0.009562710090982973,0.0004226453122839757,-0.000794055934404625,0.986951470375061],[0.36296247674533433,-0.7721369511011034,0.033106666203934765,0.010254898866402407,-0.0019077193600196551,-0.0007033420919935196,0.986457109451294]]",4b920e3b81135a106a3e002a4243f63cad6a0f0ab45fddc4dd05a62237b85245,5127d3217a7bc642073519af25663c101533496baebb972b9a839de8262186ca,"[-0.06760484038474322,-0.0033592193391767527,0.6657081945112572]"
libero_90-task61-episode1-seed191,61,191,14,ce518c5f1f7981ce3111f71fa29275b5064eb0cea2bcafbdae16aba1992fa93e,true,"[151804,151688,151751,151716,151801,151744,151771]",c0a497a5275acb0bc1a9adf7bd202155f3bb8bd285ad81bed4dc84749cd330b2,"[[0.07716834311721854,-0.07589995711818176,-0.003369509804997506,0.0003649480185359266,0.020767680447704606,-0.00030467271773382265,0.9881791472434998],[0.08549712171942758,-0.10182357029972167,0.004942788003120313,0.000412048119986963,0.022082307773558796,1.1759169439073958e-05,0.988854169845581],[0.09659655348011675,-0.14316821582504247,0.008091964771011817,0.0004925538576552313,0.023907246690271222,0.000165287856935592,0.9889389276504517],[0.11609159890319276,-0.1845015352436974,0.009700652173449953,0.00047123700139506397,0.024999012400144238,0.0004862479515885809,0.9889779686927795],[0.1547224402647167,-0.22734712052432826,0.012047450916128355,0.0006392802708745648,0.023192723074146215,0.000740239225699213,0.989099383354187],[0.2048253387125314,-0.27641263459052823,0.013217956375569884,0.0004431098248232068,0.017794431215406803,-0.0006321070263872741,0.9886122941970825],[0.2708632340840573,-0.3277407050236292,0.013565608018069497,0.0005386296426366233,0.005347318997465322,-0.002238217311733237,0.9883177280426025],[0.34191155173443377,-0.3768746882233387,0.009722220007404303,0.00034488618065298127,-0.010955849329945977,-0.0046034572560351705,0.9882358908653259],[0.404923152049534,-0.4155959819476962,0.005157210494104447,0.0005033783911587708,-0.025468805907166825,-0.00629608998513298,0.9879781007766724],[0.4398289762063534,-0.43380328778063415,0.0014958659224362236,0.0005622627460488694,-0.02984383305536653,-0.007304738845522962,0.9877513647079468]]",85b1bb6e641562542e7af73590b7226a5013bf6ed043532f6a8ce76460308824,5abd8de7a23b39d73c412499f7794ea1882ecdd276fa75beb8239ebff19ec15a,"[-0.05405015358891452,0.0009513093585027196,0.693082045850625]"
libero_90-task61-episode2-seed192,61,192,15,fdf2c64cfb66b32aec095a5a07020561f09cb522ab4a8bddf2cd99757a7064bb,true,"[151804,151689,151902,151839,151881,151704,151771]",700f0c448129301d2de58309c70d1dd7ee0bc4f5304f039b151de2e6334f8e14,"[[0.09093173032142765,-0.046290029337683336,-0.027163308029770405,-0.020708120921856032,0.03096487545573723,0.00016566208895874013,0.9870069622993469],[0.13724458643663695,-0.06439719393792842,-0.009362582936631725,-0.02127225168241731,0.03466371094742726,0.00034950357033025625,0.9875514507293701],[0.1963682756421079,-0.09563741483674448,-0.0030667957000787283,-0.020812998009040795,0.04106357917478931,0.00014277780074323232,0.9877194166183472],[0.2625245670713596,-0.12671871149677827,0.005484550151209078,-0.019655151275290494,0.04653448328448917,-0.00018104516888683975,0.9875566363334656],[0.330994746554957,-0.16623160270331283,0.012741552954679491,-0.017277389766575224,0.047316653871831704,-0.0009584747737747534,0.9873795509338379],[0.38833066411770645,-0.21945420791070092,0.014442900139954418,-0.014239682381043561,0.044338121581887435,-0.0034210337556963566,0.9872865676879883],[0.4397242650024289,-0.2807378748537559,0.013788876051080479,-0.00949632196818051,0.03667556285478213,-0.005863945556402683,0.9872062802314758],[0.47942738087631653,-0.34494301107503844,0.006736303552230538,-0.0047270768012872555,0.02649808993788838,-0.008936671140466146,0.9873901009559631],[0.5098511064003937,-0.39691984704788297,-0.0021151355026347574,-0.0001772014642713593,0.016463458188638924,-0.010703102424528765,0.9873604774475098],[0.5212610960529922,-0.42379736440757654,-0.010707924356381682,0.0013632228568529747,0.012771276171804402,-0.011495426463937974,0.9870597720146179]]",60e249bd851502c9d76bf030b9282d8e26dfce854f23122c562d7fbc4aed621f,4b467d9c9053e7c8068d3b5dc10292b3b928487c9ea6be0d4745abe69007c424,"[-0.0631046586115161,0.0009641749325470066,0.6718904849203866]"
libero_90-task62-episode0-seed193,62,193,13,68e20f4827df6dd1678e15344cfff02070e89374e2433ee8069db78a4a161d8d,true,"[151873,151765,151756,151682,151855,151697,151785]",166eca48d87cf208044d8173f2633fa58c449d5017bfc231ce9e45c4f240ba0c,"[[-0.3575345253104718,-0.19165204975251982,-0.10983499966124555,4.4770683123473987e-05,0.010843913464555044,-0.004879546931112699,0.9828014969825745],[-0.38286682305013287,-0.23179254051665765,-0.12174999937352027,0.0013295772906518621,0.012911674421815178,-0.004537929228781934,0.9831464290618896],[-0.40661896162264455,-0.294110419371556,-0.13869532779139604,0.0047896721847291435,0.01785935721332521,-0.004374651797082407,0.9832929372787476],[-0.42824345858657686,-0.3593003631299041,-0.15569045333475628,0.009832548270162,0.02278104180010132,-0.0043830907292043975,0.9836894273757935],[-0.4381075453512189,-0.42050264610288934,-0.16643664025303906,0.016501577505575016,0.02493454320796218,-0.004145397259701866,0.9833991527557373],[-0.44034086934689576,-0.4808788407801856,-0.16903127797880302,0.021515099080287703,0.025697388926545273,-0.004711273501904145,0.98251873254776],[-0.4287237969550013,-0.536619634119404,-0.16170127215255548,0.02520288752906774,0.02316883014802329,-0.005419937972538591,0.9825204014778137],[-0.4100791989786394,-0.575762505008619,-0.15277333553979133,0.027003460549252845,0.01929380666993552,-0.007394348703465781,0.9827989339828491],[-0.38204259754908954,-0.6029690944538402,-0.13944130183566017,0.02816507233813481,0.014901460625992513,-0.008250236052006699,0.9820637702941895],[-0.35731768659475627,-0.6107976378820723,-0.1276612785424618,0.028139593619461944,0.01396961664607943,-0.008294938067171742,0.9819645881652832]]",69306ec8e0f8cf381e30665fc0c729f5e651342aef84996eec0f755e2ab8a436,f91923b5211b7adcb2679e4911c5ac8f81758d9c13bb722db34bd5815d75c77d,"[-0.07271549925505777,0.008066315361783186,0.6664066712109356]"
libero_90-task62-episode1-seed194,62,194,14,028d3111022118aef92a3b1135480728e0e22bfe692507907997d5779ab79f35,true,"[151873,151774,151806,151793,151885,151823,151811]",da7998441acd4d9235f1d952d948c8cfdd536657a6b3756dbad3f0c094b2f93f,"[[0.043505368553692136,-0.1821169029216918,-0.0014340833686787846,0.021683031612851567,-0.005004762946867913,0.00016942312079137878,0.9857574105262756],[0.004092724737908782,-0.2057105668392012,-0.012880869976754639,0.018850759661979577,-0.0051782796127639585,0.00041568650362400206,0.9859452247619629],[-0.052969186735987606,-0.24411314084701985,-0.030085995240085595,0.011138607137416434,-0.0034490514283760376,0.0005625912843107983,0.9865062236785889],[-0.12411607947842285,-0.28484971281763194,-0.05491302921655006,0.003904275175751648,-0.001762981455513568,0.000609931635239036,0.9864410758018494],[-0.19406307541062517,-0.3286992216434115,-0.07764672745088319,0.0011687503768413876,-0.0015549263037257788,0.0013377006506551936,0.9868373870849609],[-0.2744403137526348,-0.3811522665897371,-0.1129017818432203,0.0005982891559361825,0.0003090297812065046,0.0007028908697890301,0.9856826066970825],[-0.3436911479285598,-0.4378655163723266,-0.14242809192461436,0.0007522226967482393,0.0072132512637352875,0.0005005997496763115,0.9856231212615967],[-0.39759110771463924,-0.4857890411406274,-0.17081747684500215,0.0012117716685664526,0.018846693159645156,-2.2183675060460928e-05,0.9856570363044739],[-0.4359715162516,-0.5197234916934335,-0.2003720708200376,0.001503544985117955,0.027890274933326964,-3.0229954752769572e-06,0.9857374429702759],[-0.4564012371893025,-0.5307132488658795,-0.2252070767047485,0.0013572061511033517,0.031137170662816516,9.723376352610558e-05,0.9854577779769897]]",cc3894ec20cfdd1399d19a7ece6d93b1ea88c9c482f48708f2610b65b19fd86d,7f0cd4054b7682bb87ebe3c4c376bced34a999e8e8f5520cd171e9ebb96b1f4e,"[-0.0565681081243514,0.0015499898252049093,0.6822504386496568]"
libero_90-task62-episode2-seed195,62,195,15,eec185bb4dae3f9535a0b4e1f6cc4c8c5e49839d937dbdc7a6dd77edfb4a35d2,true,"[151873,151775,151688,151858,151665,151673,151720]",466c49fbe54b0cf0e358f722e4894e4b7643724a588f1450f82a7d5b54234821,"[[-0.23730213678331147,-0.4414966354197958,-0.029859724090954387,-0.000261786011665599,0.01761210614324682,0.0010604321447047482,0.9847981333732605],[-0.2625204529342149,-0.49247969521907464,-0.01963094677913091,3.892008274730685e-05,0.018618151263638083,0.0009257460395737382,0.9847590923309326],[-0.2930491986750443,-0.5656734039381917,-0.007253685592786496,0.0015828233886379106,0.020330199580115504,0.0004167343532888168,0.9852702617645264],[-0.3257692868116635,-0.6341058941614719,-0.002556429765974144,0.0035742330267711786,0.02221746268816105,0.00019034269088535893,0.9852557182312012],[-0.34910072649151047,-0.6808817922032162,-0.0023891288970219193,0.006266930323558739,0.024237020709676926,0.001058673254195952,0.9850088357925415],[-0.3685135745023995,-0.686013441011184,-0.017023750567773277,0.0068708156368337825,0.027124390463541204,0.0011494245198093722,0.9847059845924377],[-0.37419768889047944,-0.6623599178512052,-0.036561150412183,0.005589940189810516,0.029611936031386676,0.0013926004884510235,0.9846646189689636],[-0.3701493559785476,-0.6093757758760177,-0.0677996188968848,0.0033569671982909277,0.032449772154535594,0.000522735573845523,0.9851306080818176],[-0.357808796267463,-0.5507427253888864,-0.09833519440311989,0.0014701116646718138,0.033563524123110255,0.000689942441788105,0.984958291053772],[-0.3454946792254976,-0.5069280661220787,-0.12098442317130775,0.000506266779041642,0.03412432267839449,0.001414549196608661,0.9847294688224792]]",0833c4d98b45dcd844b7326ba987d55ee0ffe926ce033059da4017531cffc21f,5b1c42cecdec2362c466d40907bda283ad556627ca5d04cf046609d746c167bb,"[-0.060646124546407394,-0.0037812149120391354,0.6725798820337978]"
libero_90-task63-episode0-seed196,63,196,13,c415b403c9067fc1a9ad96342a4c6809eff46849abb332378fb3e0751767932f,true,"[151775,151778,151672,151767,151786,151853,151811]",2efa95492aba8432c57207db1cf9573d0add2d3da0d6a29f31f57c8e8e387dae,"[[-0.03696130692961219,0.006488602738272675,-0.028663937853991683,0.0005581562520939887,0.000666659019969984,0.0004070604554904378,0.9847190380096436],[-0.016129295434842206,0.004916990127341592,-0.01574709860400958,0.000995880823455364,0.007081194683692615,0.0009829661159130865,0.9854381084442139],[0.014393755641018302,-0.0009101636288733062,-0.00890987683203548,0.002569166324295047,0.023005571750076115,0.0012234476139880712,0.985517680644989],[0.0457910040066416,-0.005092315702910355,0.00022429195502127186,0.005457683400234448,0.04016692909769404,0.0015147311092054139,0.9853616952896118],[0.07830405354865455,-0.028310116877037217,0.008371745989194324,0.010111716034483464,0.053588179548398784,0.001744079204591742,0.9851690530776978],[0.10088697587026196,-0.07789857932522182,0.013572324077756548,0.013260981634443336,0.06492717042499407,0.0010415521391369253,0.9844029545783997],[0.12059894829843287,-0.14541980483073758,0.01887664617774476,0.015934161549849835,0.06822391756310253,0.0003286588466409057,0.9846722483634949],[0.13339931909724,-0.2224823783386043,0.018030804871955297,0.01709687147981187,0.06705572626742651,-0.0012703784534675577,0.9848765134811401],[0.14168536563983736,-0.28834819854360205,0.014330419790724136,0.018008697699321452,0.0637948483101809,-0.0022736945075276793,0.9843230247497559],[0.1431025867573723,-0.3238031148546128,0.011326866853607953,0.018213717870547486,0.06158539813017683,-0.0026119066984477968,0.9840636849403381]]",ba50c1ac3e0964b53313e42edb2d1f81b3c7a66625d1e7080e5da44a07f4dc7a,7e93c3c1a35ab533c03d8680ef105537b6eb40afeb9075e262ef06dc320c57e7,"[-0.06163518467568501,-0.006479927195391049,0.674457904588107]"
libero_90-task63-episode1-seed197,63,197,14,dce4a23931fdeb38b032268cb6bb4459fd2a7fe6832285366268d37da8752d9f,true,"[151775,151777,151854,151873,151766,151834,151723]",a6a5c086dbeaf6dfec678a237752813e54d905e28153f5366f00c383e75ea277,"[[0.0013998986673371405,-0.015888094080196424,-0.024017898807557003,0.0004055976946510942,0.005853588850612823,-0.0010301027830053044,0.9845716953277588],[0.008296491102209202,-0.04636413589985011,-0.011999701104969063,0.0004840640274563768,0.0054213115961943,-0.0002843706304780369,0.9852975606918335],[0.013683070281835796,-0.09612617990132577,-0.009974945614601438,0.0001920507809209937,0.005049829226948077,0.0001271161905744833,0.9854828715324402],[0.025063394702968367,-0.15416202169625137,-0.00542325901645313,0.00024741001066330703,0.005262392852742437,0.0016722079445461446,0.9854780435562134],[0.04530183670028087,-0.22407654066416427,-0.0016851438763296755,0.0005854990421800821,0.006253105189287567,0.002546544931828265,0.9856456518173218],[0.06390966215013805,-0.32814116745569777,-0.0011877186425977015,0.004262675203211552,0.00811195696664413,0.001667024831025543,0.9842913150787354],[0.08733852916011209,-0.4528466755327898,-0.002489651383882574,0.015310685030583304,0.010729870919419682,0.0015421810281033288,0.9844964146614075],[0.10990383775053658,-0.5810933087962411,-0.007935283747855237,0.029061792196736214,0.014226182580955538,0.0008537063751177243,0.9844503402709961],[0.12953330375369276,-0.687737366694563,-0.016103978003314978,0.04096924045444483,0.016376446626424013,0.000253176247571929,0.9842885732650757],[0.1391338908656259,-0.7418603205078611,-0.023077705053481168,0.04483604435542876,0.01752630610928918,-0.00013422874279100938,0.9838351607322693]]",8ec0a9452e3bb94516bd7730ecf4b5f5242b1175bbb5348e151e72382269b209,9c326a45aed3baedc4b0995b2fe0194f3a6e0b6a40dae3acf23b3ddd13e04fc7,"[-0.06255600137811354,-0.00013555111497301616,0.670427875658006]"
libero_90-task63-episode2-seed198,63,198,15,8add17a9616365c56bf4cfddd22711971c7bfc4198f0cb80b3f759dd5ec29aed,true,"[151775,151729,151708,151765,151898,151723,151756]",31ff7925431203785f45dbb62e3c3ec3b5e123bd8ed8b96488de962806649c51,"[[0.029929110689042915,-0.15485014673789266,-0.004820287901623033,0.004334746479138785,0.019694544467427022,-0.011449096539472237,0.9859106540679932],[0.033146463962410166,-0.17699145528524696,0.0014566070044281787,0.003792818470162773,0.026083588384949508,-0.011554386719184961,0.9863474369049072],[0.03482625769417069,-0.21310297828676994,0.0018835955146130345,0.0020706933266303462,0.039882100790521235,-0.012196999237733763,0.9864508509635925],[0.0337850168986531,-0.25000517628214425,0.0006777078870641162,0.0006046934408905358,0.05437364708149062,-0.012406269785078194,0.9864776730537415],[0.04233782980099576,-0.2921706314199568,0.003688905119759056,0.0003665537038126665,0.06540804783753629,-0.012413286635512222,0.9862112998962402],[0.04664723440770402,-0.34686481050428597,0.0035112298496642325,0.0013338037495986832,0.07408020682532879,-0.013895376428386896,0.9853614568710327],[0.05514791243153283,-0.4098803980295429,0.005168949948028967,0.005240177641770316,0.07522247936074677,-0.015692457315145347,0.9852933883666992],[0.06366673392282074,-0.4720115754971843,0.0036365416950445706,0.009990911287599546,0.0721276204969854,-0.019530038308118947,0.9856389760971069],[0.07217359220320496,-0.5203940382075345,0.00022713126480766732,0.01460984031959156,0.06715054324939729,-0.021725695011131307,0.9852173328399658],[0.07464459120812705,-0.5428979359162511,-0.0027946587774749787,0.016109688789211152,0.06429495128588769,-0.02247457071265302,0.9851019382476807]]",21a85fd8b47120bee640010dbe5a4ac3f91735191a6fa4d98333a354ed6a1426,66ab74f927117dac35cb5e42b35de21cb4ff48e585f6b58500ce520a74ff39db,"[-0.05689343436298253,-0.004367175708555259,0.6861228267222041]"
libero_90-task64-episode0-seed199,64,199,13,ff5650d88f1ced5363a19f618130f05dbaed68c55b89a6e6e4019f90fc98c91d,true,"[151790,151784,151731,151905,151772,151721,151838]",b52f312742a6d17b7369bb729f95538d7fd2c92c389e2d799902003d330cd221,"[[0.07239444808568152,0.19001540017029583,0.020185950204052006,0.0007979293586775071,0.000592358573896945,-0.0012746634101326038,0.9885597825050354],[0.07964221152696993,0.2030513901972597,0.015793756372943335,0.0006156194832334094,0.000406825931023036,-0.00032542388341738615,0.9894521236419678],[0.08861996121218674,0.21782924318060282,0.001408993963394778,0.00032223125332886404,0.00038796779855942987,0.0006404876799290804,0.9898064136505127],[0.10029760011832423,0.2382505722446382,-0.010775357963808574,0.0002516180134575219,0.0005906703787843526,0.0030043803889476806,0.989682674407959],[0.1159170508001921,0.2518677299168104,-0.018114318536305518,0.00048299357060521686,0.0004976905503184526,0.005604207676960016,0.9895768165588379],[0.12904479861767726,0.2588862260963509,-0.021342013140213112,0.0017318291367041105,0.0004533108799762431,0.008136935163221892,0.9888245463371277],[0.14312713120483522,0.26121622660973287,-0.01788700994706005,0.005154042777557155,1.4280845107350615e-05,0.011424133119751545,0.9890788197517395],[0.15801068990971245,0.26285846082693354,-0.00777994074127264,0.009026272787407308,-2.5461253954972562e-05,0.013968667626343745,0.9891663193702698],[0.17343007685794376,0.26165912350478493,0.0010858586688584637,0.012515334613000029,-0.00040093570811450263,0.015248391452701071,0.9888077974319458],[0.18233273642601233,0.2564128298976698,0.0057290038033954716,0.013575575983692412,0.0002154839108499118,0.0158645457672133,0.9883328080177307]]",a05a0b3f5398827601c2aa67e0c31b9d23237e7c5a77d0d05368a2e9673db0d6,0cb513adc4166bb5fea8c545cf964bccc2dfdd6e35cb38667c4d95ebfe3e4d2a,"[-0.04425457130640279,0.003333409902825247,0.6925242144525506]"
libero_90-task64-episode1-seed200,64,200,14,db1b6c2224f53ccb8bd0d289d11c8969c3df17e50d3954a7ac2501e1935a5320,true,"[151833,151674,151756,151856,151825,151760,151852]",bf7d2c6424a9790304fcc3c1edf3a33638d46e1868eaffbafba868a8c6efa067,"[[0.028199830760149425,-0.18323772623745072,-0.013954456688679784,0.014351371130417956,0.0007844155943530495,0.0009793734884908645,0.9893654584884644],[0.04815181786611866,-0.1810782835656255,-0.002392841840588744,0.015817693998828375,0.0008452998545607215,0.0012459015353769587,0.9901552200317383],[0.07208742176894667,-0.17597764061527243,0.0035401689686409554,0.020447161493958532,0.0006250896979622667,0.0010578499437450262,0.9904806017875671],[0.09243516601791057,-0.16302175332459257,-0.00833316933272954,0.028775528041737664,0.000691525140922522,0.0010094617431519737,0.9901824593544006],[0.10810480921194632,-0.15042568773029785,-0.04069960823218821,0.04118510361532701,0.000470957484182577,0.001012380752932529,0.9904884099960327],[0.11227546705898561,-0.12795125839865307,-0.09274868859205299,0.053504364006137894,0.0005141355568270001,0.0006012120290996847,0.9894934296607971],[0.10336468486801564,-0.10128048092262532,-0.15872578470063559,0.06908947751292205,-0.0003182638003949023,-0.0005673461747814912,0.9898571968078613],[0.08584714496391221,-0.06633252319595329,-0.23383967049761623,0.08494929239509696,-0.0009764910747946942,-0.0008726633708668885,0.9900147318840027],[0.06756815330749255,-0.033583880136518474,-0.30559771053552254,0.09758989285893449,-0.002311615075427653,-0.0006194018492013953,0.9900468587875366],[0.048527709898756655,-0.012926086564988282,-0.35574276067305277,0.10076645510859894,-0.002062953865902273,-1.8141969210461184e-05,0.9893918037414551]]",7af00b45af1f612e034a1217e5ece7aae9bd373a1c3758dbe346c3c0f20658f9,202232a023c3a530179b103bfbefeee44f3df59175a11db34139ad203370e23b,"[-0.06585542400630488,-0.018878047010416094,0.6777820909597894]"
libero_90-task64-episode2-seed201,64,201,15,d8f6c290f4e69560c367ad2ab74dd1e3b5f1264dd3e490e7c91d7a18dc59aac0,true,"[151833,151674,151773,151853,151672,151760,151694]",709e8c0de8621990ebc6e4d54330d549bcdd0cc1bf68e78927c7001420068512,"[[0.07130915088986178,-0.054039443767308626,0.0036738349370466494,0.002878159231228139,0.02519128789290903,-0.0001947794841363759,0.9896270632743835],[0.06359058433312015,-0.04711037770601223,-0.01674227668414119,0.005492491704049751,0.02267613536969293,0.0004098297724617339,0.9905738830566406],[0.05143348995235186,-0.03507211005267408,-0.05239183133045344,0.01294162559782186,0.015839342386072985,0.0006066196818341751,0.9909204840660095],[0.041783946379561954,-0.014687629272316371,-0.0963374669578343,0.02410836385490933,0.008957544106863224,0.0008671225931475846,0.9906643033027649],[0.04249498489626191,-0.005915175289459285,-0.14896243578533586,0.03857112180940492,0.004477074278042892,0.0013694729494204694,0.990843653678894],[0.05016097512759288,-0.003934490355419484,-0.20525300814918523,0.051612110047881465,0.0017666472330972738,0.0015777330703024006,0.9903250932693481],[0.06312635877642947,-0.008899425023187746,-0.2622176981788584,0.06632563174783757,0.0004669554687097843,0.0004199901718902055,0.9907248616218567],[0.08248605658094199,-0.015230974896169869,-0.31416385355896637,0.08093325204413926,0.0007197477909812733,-3.644191514240447e-05,0.9907872676849365],[0.10104638234470187,-0.01982993794538146,-0.36067491478257807,0.09242547378051347,0.0005450990413038426,-0.0005328232706460767,0.9907615184783936],[0.10597341530474402,-0.020338177763505882,-0.3911182127207553,0.09510853696564059,0.0013291961571866295,-0.0007421312411928227,0.9899805188179016]]",7d046dd47c57f063c1519c08db91edec6c1539f95d97a8642cd40115e85532dc,32cdd4bf337d1cf625e217aa4faf8cac294c6c3c8813f53fafe52c29df0e002f,"[-0.056686089026635966,-0.006297117168812701,0.6821978292440929]"
libero_90-task65-episode0-seed202,65,202,13,405e3abb600d9673d682cb08b4558e4e373ad7339aadb095046c30407acf13e9,false,"[151864,151888,151784,151883,151903,151778,151677]",18c6fbac348d6c59a9de99aa56f508e7df88457d912e0e1617939ae66a943d4a,"[[-0.018231156544647575,0.16435987234608262,-0.012391362049157806,0.000826296465233245,0.0010138909629517912,-0.0215303833182503,0.9877037405967712],[-0.0486212438151874,0.1665231074699136,-0.018407859486529787,0.0006090398648292972,0.0005575023101016541,-0.020569654868424436,0.9885979890823364],[-0.0905257670741122,0.16294498025182236,-0.032409915698139,0.00044292526329714477,0.0005048504837077417,-0.01846869757886971,0.9890305399894714],[-0.13692602967489087,0.16311594808819052,-0.04760934160793795,0.0005469072270805064,0.000599895868546696,-0.014343818661725294,0.9890206456184387],[-0.17967711564783784,0.17123476784291825,-0.060496804922053116,0.0007810604351954353,0.00020233585009066246,-0.010398402711281562,0.98895263671875],[-0.22299886002429758,0.19853263238303498,-0.07423595196786437,0.001332170380093034,0.0005453274441720168,-0.006994163689512334,0.9883965253829956],[-0.25864914022790586,0.2355289241876335,-0.08426297447851994,0.0026303023298031025,0.001324886294369776,-0.003738607050539855,0.988811194896698],[-0.28133924585605996,0.2809636267024729,-0.09273307238822781,0.003965761848159222,0.0032568170589826195,-0.0014625840205564344,0.988957941532135],[-0.29249068006119394,0.3192125551547065,-0.10357836213847804,0.005019211354692521,0.004384888894335859,0.00015093605884786143,0.9886201620101929],[-0.29609809581258695,0.33723869453034183,-0.11406065705295987,0.00501325924547702,0.005438431880747885,0.0014202749465628273,0.9882147908210754]]",1dd1e743faa1a5dd8f7cf50bfa10e3c0692c251ade2c1c147e0d453b1c9710c4,e7a6a92ec765d271bb55e9eb88ab714f81d3fc37cbbcc6263c927f6cf7cfff70,"[-0.05719676959025532,0.0025786493808977926,0.6828221394186736]"
libero_90-task65-episode1-seed203,65,203,14,9bc91d3d5d7b2b2b636adcd9b3f045bb2249b5ed7705915a40266e1f6ab5b761,true,"[151864,151888,151784,151870,151738,151721,151677]",edc32672099b579ec192780b8f575b5a71ff13f60f41d03a6087457b1c60de60,"[[-0.06118839821840716,0.11128809397995099,-0.013348591661952014,0.0007817433128418649,0.0017117908224975054,-0.01660709909132052,0.9871033430099487],[-0.07293119468651454,0.13687566516416894,-0.008320119428134376,0.0006145767106111588,0.00011840276131636074,-0.01676704585801403,0.9878036975860596],[-0.0854799848988268,0.16747870287666444,-0.007845244866359735,0.0005229880533028641,-0.0038474356832693957,-0.016368282925748545,0.9882771372795105],[-0.10481240128511615,0.2060710019834744,-0.008686335788468114,0.0006006607715460799,-0.007668903654050041,-0.015461668426469899,0.9880703687667847],[-0.13192854179011704,0.23869859407483318,-0.007961274352823011,0.0008469488999995889,-0.00987100522003459,-0.014622135017340554,0.9878909587860107],[-0.17285380339783707,0.2691054492700573,-0.010484110302257932,0.0007095151596174798,-0.009709961336852757,-0.013962887885362818,0.9877203702926636],[-0.22004231357756865,0.2966844677521152,-0.011459358611773496,0.00035557229301197424,-0.007965857174355051,-0.013098449335092965,0.9881473779678345],[-0.2704295038269322,0.32321738447279813,-0.013303381113814794,-0.00029428729640512685,-0.004252791190921812,-0.012157480336089321,0.9884105324745178],[-0.30997912861479726,0.345827675835082,-0.020851686180947127,-0.0008476212076917733,-0.001394736448659728,-0.01121684814590651,0.9881945848464966],[-0.3307763540940982,0.3581766170567846,-0.032310485253503884,-0.0013925483414662931,-2.1945835896985955e-05,-0.010307108809234578,0.9877292513847351]]",fd4411d46c6682a1635c6836fbcacd45ff0175ec8e3201458e5274899a668934,fca9aec9240acf71bf673707c796b24b680ac6e7d690982d7cc810d86818dd5e,"[-0.056088515871852845,-0.004348045892000621,0.6882789516720286]"
libero_90-task65-episode2-seed204,65,204,15,d04c73c67c02a5fa9020c3457fbd7787b5e96263d67a2701f35cdaf3131d173f,false,"[151864,151889,151795,151857,151679,151737,151691]",853c4a02fd3074daf88f2e1663945f16d1e8b08fd20a37936736870dfeb28898,"[[0.05781341293919162,0.13868784223070918,-0.026488917353390207,0.017250288248350953,-0.014221652844696564,-0.005264014200093925,0.9869316220283508],[0.04185078143973975,0.16475151988970538,-0.03288773877392259,0.015161983809035107,-0.013290871434648466,-0.005029632683996255,0.9873809814453125],[0.016685174048316043,0.19773426998646926,-0.044574064844169925,0.009795617508796983,-0.009899704536948661,-0.004455841434504393,0.988017201423645],[-0.021532826175306496,0.23832252633404494,-0.060528037329703466,0.005014218965412542,-0.006027233212648753,-0.0034990237093204257,0.9875732660293579],[-0.06848940015545146,0.2652984424484828,-0.07437999233741266,0.002908897953393774,-0.0034073331479760327,-0.0025134088299552104,0.9875694513320923],[-0.13476898770298362,0.2790245562417937,-0.09496597112678273,0.0023189101230312037,-0.0007922494046539441,-0.002225549557749673,0.9871089458465576],[-0.20407526760914863,0.28219074117309617,-0.1127155886437663,0.002592190374671288,-0.0003092071301438182,-0.0016652493726923012,0.9874433875083923],[-0.26875765613931435,0.2806705829110001,-0.13062508114256843,0.0032424467713694227,-0.00017018922790157376,-0.0015079222301608297,0.9877302050590515],[-0.3210364463415303,0.2765192829465235,-0.15352990239364317,0.003764608240904188,-0.0008374433808739923,-0.001315024333829129,0.9878084659576416],[-0.3526107590574661,0.27009968668778583,-0.17488926548713835,0.0036972063715863257,-0.0006386832327649472,-0.0009471168318722079,0.9871994853019714]]",2653b032fabf47112787ee7a5194892697104eb1a9dfc251531b6280f1aa6f12,bc9cac88d7c29e1f932fb161d9c0020994abdc29f325318e801c57879c33deeb,"[-0.05103678616263829,0.0011313779604196423,0.6872121176399395]"
libero_90-task66-episode0-seed205,66,205,13,80a5492166cbe1f3bc93425d17dd154527093e8e5762f3151a15e33cd9b64aa3,true,"[151906,151889,151892,151907,151815,151713,151852]",40fe35c0c3f109379841af77396b26805ff7c765c38e9f2ff0ce96e139fdc93d,"[[-0.15475028688290138,-0.0007996700271917234,-0.012760363117166662,0.00040102056880475523,0.0006050696900388175,0.0005461250752922808,0.9872570037841797],[-0.178052944225076,-0.0003214110796534442,-0.009145648748528856,0.0002806956818885986,0.00025641767705053553,0.00038406389766798554,0.9882422685623169],[-0.20559830354785014,-0.005850806104064077,-0.014628574354503598,0.0005204780165484202,0.00046174192497971944,0.0005724710097219088,0.9885467290878296],[-0.23648983034848214,-0.006431051260946674,-0.019820634513706636,0.001016099538635462,0.0008106422019551474,0.0010355831383677128,0.9884520769119263],[-0.2686699847856069,0.006277455410383936,-0.026055594998297238,0.0013946536847413427,0.0005355954958758957,0.0007490336782431939,0.9881953001022339],[-0.30652233454459754,0.04809579869096581,-0.0307181784844488,0.0014108305025006818,0.0008089937290804983,8.033718768096776e-05,0.9877240657806396],[-0.3457363714015038,0.10484840797545303,-0.03475076281068823,0.0011610910735098123,0.00015553312323390855,-0.0007452373669849521,0.9884334206581116],[-0.38451836418049723,0.17251477164421658,-0.04122684621867734,0.000797108059886531,-9.07050297769274e-05,-0.000882730212289573,0.9886640310287476],[-0.4111952208784775,0.23172929727266478,-0.05074393961211854,0.0003689160913462608,-0.0009856172589621792,-0.0005930933379740821,0.9881949424743652],[-0.42106517888684714,0.26420314130973566,-0.06181681096217062,-9.832909610874019e-05,-0.000710729441834701,-5.848447250045297e-06,0.9876871705055237]]",cd1a4803d9b79195dd3104800f631c9c715c60a91927bf4d69cd497f336e3f95,82e869545316a7a2911d41be2817a588a9db5b7c49cf9ad837e821d21c5e18a7,"[-0.059651535295671174,-0.009619823254048357,0.690083147845457]"
libero_90-task66-episode1-seed206,66,206,14,51a7c19a9bf63688fa9aaa85a583e61616dd15a8b15ebc9d00ef2652df95cda1,true,"[151864,151800,151744,151806,151800,151719,151674]",487ea304cadf4c2c7aad3b9e3271b73f3e409cbcdb75de2c8212fc74b4c10d3f,"[[-0.013073026134122756,0.05007986608219994,0.0017390637260632502,0.0007798976975812444,-0.0023842968403045006,-0.03840068807536312,0.9894708395004272],[-0.006806069408177962,0.09225121489542687,0.005649066312486184,0.0006315286867799585,-0.0023676432920467505,-0.03819452365381082,0.9900588989257812],[0.002963106273648819,0.14837109968716788,0.0015408580621283363,0.000695876062841494,-0.001316573014946698,-0.03667847230483545,0.9904730319976807],[0.006104221667936116,0.21905010523035173,-0.004234188839177477,0.0009260796542986949,3.234453281208971e-05,-0.033908182330279146,0.9901833534240723],[-0.0002278926199785758,0.27483020682211645,-0.011308711386760706,0.0009390174172756449,0.00018020063299672984,-0.031554543578694805,0.9898638725280762],[-0.03174402263491416,0.3221386881239141,-0.021534758593020342,0.0002610398793629898,0.00043824622123622703,-0.02924046115195722,0.990091860294342],[-0.08710570138572749,0.35978748667091054,-0.03145781868380482,-0.0015978084426762074,2.318855696614719e-05,-0.026246511408766438,0.9905564188957214],[-0.16385406965715887,0.3880201393810978,-0.04378795824811732,-0.0044974084382556345,0.00011333817597858342,-0.02311854917808631,0.9909175634384155],[-0.23281787506077478,0.4110741476280566,-0.06316837702260614,-0.006992569533698978,-0.0006029928019728459,-0.020580937963922352,0.9910112619400024],[-0.2740536504157145,0.4228297238589107,-0.08532585917663482,-0.00815330465533215,-0.0006233107266808702,-0.018804234010824317,0.9903969168663025]]",f53ebbf3b59c365c1d30024e854b688d35773a285bf88080219e34380344d770,99e9f54892f21dd9542f76d43163c12e1ab309b6307b9ace9f3212912c1e1f6d,"[-0.05531515681352507,-0.001113028386330584,0.684079329647793]"
libero_90-task66-episode2-seed207,66,207,15,b07a60ac0c78cf818e639dfbaf45e279ed67bd71bbc202d06b8b36375ea1d689,true,"[151834,151795,151785,151851,151918,151767,151677]",70ab2940d6ca76e2dd6db2ef2dd4dcc5185256c3f5290d0d5a60107739eb0daf,"[[-0.37289109436528634,0.0732786024975951,-0.12340837469722032,0.0011319857208498263,0.0008570675675514394,0.02576247756624994,0.9871234893798828],[-0.399453130725405,0.1209975911043415,-0.13093806044440726,0.0009478486862977142,0.0005979991316849009,0.027842889517733838,0.988239049911499],[-0.42346523737545105,0.18839171821831258,-0.14428150598979528,0.0006743561889026584,0.0007196882076243583,0.030788825292354716,0.9880826473236084],[-0.43986313551516254,0.27316398790844687,-0.15534542259359796,0.00046582012060514266,0.0008954491799642028,0.03468944566962762,0.9885467290878296],[-0.4433801870867775,0.3348710769930108,-0.16477553482377516,0.0002247181710339774,0.00031331978290438656,0.0380155076217612,0.9879316091537476],[-0.44166803529748044,0.37355910988829066,-0.17778628970515342,-0.0005111563176043443,0.0007314857122935337,0.040445171608848085,0.9865055680274963],[-0.43218195951058114,0.3962133731941009,-0.1861340242834899,-0.0020504179011144874,0.003730465024219143,0.042354653083759075,0.9872957468032837],[-0.4148317279803706,0.4067016554628111,-0.19602175680827827,-0.004668727674822737,0.009192550797095578,0.0431641917962331,0.9871689677238464],[-0.3907025054685995,0.4076164563858242,-0.20491638613316354,-0.006692647825771836,0.01352576035930042,0.043614430343282606,0.9865361452102661],[-0.3718280460930661,0.4012502619512759,-0.2118315251179297,-0.007418343746247835,0.015925062975554738,0.04376460965417195,0.9862546920776367]]",71befad8adcf56bac57789983b1383a01e79593ae2068545a08e2b440cdb7f19,bdb886d2e24fbaa6aa6e2170827bedd554a973ab4f1659cfba5f93fca62e4175,"[-0.05718122243600247,-0.007200693127107757,0.7007787284039361]"
libero_90-task67-episode0-seed208,67,208,13,db130fc06dc07edcd3115210807738b3163795a3dcf603aa1716a944b0a8dbf6,true,"[151835,151700,151890,151745,151785,151850,151677]",f1534419836266e056371309d408ec141d50014aa8a3972ddabd57ec925a87f7,"[[0.0399018375349911,-0.2684333668197425,-0.031667163178440205,-0.0004746039073677544,-0.000772715994145301,-0.01157322930155047,0.9882068037986755],[0.05292611019986282,-0.33713409614840373,-0.030157960822748464,0.0006517197177311473,-0.0005237667983948313,-0.012062107304990022,0.9886198043823242],[0.06724523490247236,-0.4406446149522836,-0.03414260449528683,0.0040322132256178644,-1.2442290469039108e-05,-0.012809429943615669,0.9888710379600525],[0.07185332247956566,-0.5522756959888397,-0.057258681314891646,0.009051963751835146,0.0006998866720095975,-0.013336348632208228,0.9887346029281616],[0.07143094608869305,-0.6319319479231922,-0.09074659297786525,0.015999745488135986,0.0011354509416179326,-0.012813714900280715,0.9888807535171509],[0.060377292371203595,-0.6739107529230992,-0.13702270131665273,0.020960777764836624,0.000346368684873255,-0.01281655906365664,0.9883490204811096],[0.046719984856299135,-0.6870928036016366,-0.18935128988414363,0.0250391814554507,-0.006834607559966344,-0.011095484700799574,0.9881333708763123],[0.023320253341514885,-0.6565462939237676,-0.255373705745086,0.02712133999594868,-0.01773931520912697,-0.00938080970553834,0.9884703159332275],[0.0017325289040872605,-0.6159729511374579,-0.3189490733870457,0.028160984300332537,-0.027967662382266667,-0.007498478763906746,0.9884344339370728],[-0.017691002121704713,-0.5842056306591914,-0.3639218293296551,0.02785917083676326,-0.03082836858391147,-0.00619177280868044,0.9881892204284668]]",e1fc01460ecd61d39786aded821a47e2f1d4f403cf9a5305592d376406812486,13cac190861d57f0f2076b3ed3380f37f0ede648156fdfa0f30e2b51e05c0b60,"[-0.062091539738903384,-0.0035421304726126228,0.691642738965767]"
libero_90-task67-episode1-seed209,67,209,14,1260c78bfba7db609e84731cef2be8dba8a0d470e80952b45a2c937bdaaf5303,true,"[151831,151908,151756,151884,151875,151897,151785]",23f55946f22daee4a30286ac95771491034535c8b7dfbc720aefdf4092bfe4f7,"[[0.030782957276862533,-0.45716474088681736,-0.08608635738249859,0.014536135674158679,0.005390934014727122,0.0030212769647928184,0.9857606887817383],[0.030656615174994073,-0.49415242280037575,-0.11886345876087034,0.01685679384671035,0.0045493091677428765,0.0020929757197727383,0.9856301546096802],[0.02880885089899543,-0.5472551045254193,-0.16544954328537642,0.022058808107990213,0.0027271011548890556,0.000777550158407081,0.9863316416740417],[0.01958508285818361,-0.5958289835633579,-0.217364466257834,0.027387219330393675,0.0013858698601723063,-0.001689050529364522,0.9859240055084229],[0.0034219903228880355,-0.6308827712007314,-0.2689298811160086,0.032119690613219065,0.0006719619387354214,-0.004505651716785408,0.9858351945877075],[-0.02930105550793982,-0.6466214982740226,-0.3160702316720858,0.033043559472304196,0.000534721606641142,-0.008885943989728418,0.9854786396026611],[-0.0730778433456365,-0.6475032946147152,-0.35675759551324404,0.03064002394647436,-0.0028170706226973152,-0.013037505650123293,0.9853917956352234],[-0.13383038331097552,-0.6244772172642854,-0.3909475811230152,0.02609495643721238,-0.007432109463110237,-0.016728892903254078,0.985685408115387],[-0.18650607841811784,-0.5915189131081533,-0.42339608699572295,0.021868728192298903,-0.012399891707019606,-0.018146334114129914,0.9860622882843018],[-0.2208409793032864,-0.561749036101844,-0.4475862419462544,0.01962096259446544,-0.013515391454063774,-0.01834697861334078,0.9854028820991516]]",bda12cf1a1c1116c20eb6074dd24042e9892db451c96d611151ddd26b35dfa7e,d17793a39c5cac9d33e05405c01564094a26ca4413e7aedf942ba4ebc6868965,"[-0.0486129230410404,0.013597939380980502,0.6994180712280467]"
libero_90-task67-episode2-seed210,67,210,15,57bd31958597e1226688a72ae7495bc47a78f536c12c78eea0bc8297fc3d705d,true,"[151835,151700,151890,151683,151668,151723,151802]",52df0a6defc46b5f63210ce7c46f4ddb7fade4cd97f8a67343797a14c561dc7e,"[[0.03494015099354897,-0.21092728957054163,-0.026195594811611045,-0.0009443683596535024,-0.0081120945933435,0.0014891897736255544,0.9886709451675415],[0.031669824092563914,-0.29197173268705967,-0.05189336865660721,0.0003183093209000454,-0.006496750065139167,0.001519614837107497,0.9888482093811035],[0.02665732701329837,-0.4147495989088412,-0.08530653002924282,0.0035093873345892757,-0.0009346139054429159,0.0010738857859369233,0.9892968535423279],[0.015944072997942982,-0.5503634801883095,-0.12952774251223786,0.008411987432138668,0.004778357522283727,0.0002323315238825785,0.9890680313110352],[0.009889805386883666,-0.657787501966034,-0.17204149237349498,0.015381778130422408,0.00620277711381334,-0.0002575381944183164,0.9890674352645874],[0.0015859243896549913,-0.7402026089865288,-0.2183205492262914,0.0208717729688932,0.005990670293755329,-0.002010890069271909,0.9885002374649048],[0.0009207522055341144,-0.7997153033415927,-0.25857672019469646,0.025542434596640406,0.004002909923713105,-0.002873270343414447,0.9882875084877014],[-0.0004471592936265978,-0.8156595403141154,-0.2985005827138707,0.028233756910058805,0.0018963800622202598,-0.004101088188161128,0.9886484742164612],[0.0009758889229463108,-0.814628557111412,-0.3341521576383002,0.02973736120673376,-0.0008063805908022914,-0.004249995110171767,0.988752007484436],[-0.0017229849701116962,-0.8051907840482997,-0.3567984924945904,0.029650257394508772,-0.001182808378672462,-0.004027233498392846,0.9881657958030701]]",8e22a9e210d7cb49ad8287c80f49eb0ecf7afe549a5276d3e72ac514ded9986b,672fc542111063215f568dd35277f012302fcd2478142b78b8aab7ede800663d,"[-0.058669292228478664,-0.007271659857462014,0.683492698229999]"
libero_90-task68-episode0-seed211,68,211,13,d777446de7fedbd91bae0375fac1888488658d6cf5915c634dac768b3b702c25,true,"[151790,151784,151797,151713,151892,151737,151701]",8c10543050a11dd0f0e0f037f34e7c700a91b0dbc50420fbe11ea8aa44c1e0b5,"[[0.0822683791161225,0.1075126567588569,-0.015375312828325605,0.0007963236734007673,0.01442129821373328,0.006645919936595135,0.9878326058387756],[0.07229366575913865,0.11010618143728834,-0.008900266860450756,0.0005815309693697479,0.012570142619978242,0.006520627055245143,0.9888180494308472],[0.057849611584730454,0.10835581108857184,-0.00702239104941782,0.0005181709974726445,0.008031420129213984,0.006078864863519939,0.9890647530555725],[0.047932374613711914,0.11196776287860644,-0.005179242181156951,0.0006105348131903998,0.0035844460775393827,0.005686894242474594,0.9889086484909058],[0.052532825159490315,0.12993189053901233,-0.0037909288998321244,0.0007602695792845449,0.0013730395773166038,0.004980942954007972,0.9891353845596313],[0.06859610655141601,0.17575526813509157,-0.001363155226130175,0.000668219518161095,0.00080190330960761,0.0038586024049855894,0.9881448745727539],[0.09739632282307653,0.23640764556724037,0.0014930266126498282,0.0006268869643994979,0.0012630586310109493,0.0024735883989155383,0.988529622554779],[0.13913212507803863,0.3061795375901255,0.0034095607184667642,0.00047146770330264154,0.0028108852852710697,0.0013375135346436196,0.9885751605033875],[0.17895504963972186,0.3659487861984445,0.0028991401822509033,0.00039974709427492705,0.0038030673446201035,0.00040451567773303054,0.9881160259246826],[0.20144253114223787,0.39674288149306847,0.002182978890743925,7.162438516550296e-05,0.00485217137094196,5.685412822842295e-05,0.987662136554718]]",96ba424fb79ceacee50eeaaf571d31d2d05f036601b6a65bf4aabc49ea2a91b4,ee64e33d36e92893930ff9608b7a99c1bc8cdac96201aa55336662459639cc56,"[-0.061474880765416365,-0.001739435539359293,0.6741851253159885]"
libero_90-task68-episode1-seed212,68,212,14,69d66be4b6f59fe1f08962ec8ac5945ad26d162fd2224ca8c9131cc107adb07d,true,"[151790,151736,151846,151878,151913,151691,151882]",3140fe21cbe8eb08428b0d1ff6cb79207a3233f6852e9915086ba6f5b36765f0,"[[-0.008065870562308675,0.1531633240406194,-0.01823782851201372,0.00122654581872772,0.0007992419196654055,-0.0006975976304381959,0.9918068647384644],[0.024388025095531063,0.21285436613865727,-0.011935707430552611,0.0008852823289626777,0.0009607426085835868,-0.0013086062546321386,0.9927995204925537],[0.07688480177539425,0.2961956514381825,-0.012998155311777282,0.0005007207051834772,0.0005951391305529796,-0.001909510614201082,0.9929631352424622],[0.13874497614953185,0.39844159249554423,-0.0128708231882797,9.388250520858676e-05,0.0002992283189939826,-0.003051498344438741,0.9929636120796204],[0.20053553434804172,0.48228194397928803,-0.009277567449373691,-0.00012892016905352577,0.00010014046242190489,-0.005561753197710573,0.9928569793701172],[0.2541477590467771,0.5550547930244676,-0.007940853163205475,-0.00032929861789909864,8.945518041514333e-05,-0.009406313617915885,0.9935908913612366],[0.29973147732251704,0.6155313851812139,-0.004597675093947373,0.00016719957143673803,-0.0001850949976898164,-0.013453427120650119,0.993877649307251],[0.3398507893307219,0.658802340078708,0.0023766525794428617,0.0003793807298739793,-0.00023759786569144126,-0.017974131248678304,0.9939830303192139],[0.37059394582933436,0.691107163754765,0.0028615193275811635,0.0007820939797413828,-0.000677164150772569,-0.021055408034470702,0.9936574697494507],[0.38194345725706924,0.705466822030445,-0.002298489392302372,0.0005954284522822206,-0.00032201755188054904,-0.022140868017611837,0.9934937357902527]]",40ea56ca1163c9549201789c99d37a19864c5b04e2449301372a993685a6ed7b,5c48374f0f5a5622ca2a7fb304fb4acbfc861846d9d7d68241b74d2e3d3eb0ae,"[-0.069141330489072,0.0012294833467361415,0.6730558054643945]"
libero_90-task68-episode2-seed213,68,213,15,95c225911d34174bf5fcf25593d1368f7a2bf72f5625ba170d75981d92b4dea6,true,"[151772,151800,151754,151765,151721,151760,151701]",2a59a015f9ddc0044d373af15e5c15a55b71c381862721505cd6e25045d26446,"[[0.2377518032734116,0.4503565705012136,0.008933874724789348,0.0008078587687796457,-0.0020492496938118165,-0.03177979383342766,0.9896328449249268],[0.2446514416918717,0.47827895963784783,0.008308953561225962,0.0005691653471235902,-0.0019513542384004268,-0.03174107953063299,0.9905462265014648],[0.2484927360091973,0.5094140681168824,0.0032664485848101776,0.0004419378591327128,-0.0011452907249349664,-0.031093564572580945,0.9908748269081116],[0.25003568120294517,0.5480122096497553,-0.002571445346575274,0.0005348922717338667,-8.238322092779526e-05,-0.028770088922062342,0.990813672542572],[0.24886805416086943,0.5864049437820995,-0.009559969568897486,0.0006583823888219875,8.956441656948755e-05,-0.026665501581883078,0.9905308485031128],[0.23872466394461256,0.6351539418538721,-0.020073606095252217,0.00045196877807418545,0.00024232621314013159,-0.0240768076965594,0.9900355935096741],[0.22544505839462303,0.6860454703114982,-0.02883014668071837,0.0006844609324545559,0.00020388501737045317,-0.020587561870732074,0.9904136061668396],[0.21120618873785446,0.7349323291386156,-0.04283373175144334,0.00042190370547867673,0.0002607573315458467,-0.01847567700610142,0.9906883239746094],[0.19936728928031044,0.7742117795493897,-0.06287800299483592,0.0003600848223241915,-0.00019523409892485688,-0.017451029726721856,0.9904264211654663],[0.1853245103351071,0.7909952246515672,-0.08283087030395109,1.813845491271948e-05,0.00016320944571646123,-0.01632021282237517,0.9905098676681519]]",ad3a27ee13e9f3d94afcc7c4c9104700f06eb8f12475c3c636aadc25bbaa0d34,9745f1b0a33e50e4d2e8f16a2efbf5c2169874356489a95c0a7dd09ffc7e48cc,"[-0.060273699488219694,-0.010652688068313716,0.663572807433737]"
libero_90-task69-episode0-seed214,69,214,13,a02b910cef79982b39ba8607204728600e0fe51bb9e23e0606decffee2379961,true,"[151833,151736,151799,151768,151835,151752,151726]",14535c92e0d02dab8e893a4774f3efa767fe16f0863a0f33b7a0be0db6d53a14,"[[-0.0047285320223871,0.11346465393515359,-0.016512674806222094,0.0005625395883379625,0.0014607661398144955,-6.727892504443389e-06,0.9921419024467468],[-0.004385395349492782,0.12089683487943148,-0.001722546322554308,0.00039565905647265254,0.001196682771407609,-0.00012244043406184346,0.9928982257843018],[-0.003744370310627687,0.12653262355740935,0.010191252143272322,0.0003467594801425111,0.0006825777068257821,-0.00012927016848429673,0.9932376146316528],[-0.0005205277678772546,0.1374425854896799,0.02033222926016265,0.0003712969350324613,0.0002949581784150723,0.00010947115068304925,0.9928879141807556],[0.011102857314641668,0.15198899640196828,0.028281368426178233,0.0004934028406751167,-1.2412498790581594e-05,-0.0001276609707847598,0.9931029081344604],[0.025308353586011023,0.17652534088966831,0.030423846068458715,0.0003099025433879188,0.00014755888396678074,-0.0015059388004381447,0.9926846027374268],[0.045714192246595786,0.20598859302637607,0.028247842729854256,0.0003160115299005728,-0.00022021938659122497,-0.00277787860071399,0.9931154251098633],[0.07157905152257449,0.23981429245544916,0.017787061047215502,-4.3874217844130925e-05,-0.00035049839648593206,-0.003907759925002807,0.9932010173797607],[0.0950924556132886,0.26856948355280963,0.004101697081011935,-0.000291158978538375,-0.0008667583924761857,-0.004591575389300218,0.9928233623504639],[0.10686924349245075,0.28238415622539037,-0.006013726247800832,-0.0005666631965675073,-0.0004893176875384597,-0.004636951022106928,0.9922699332237244]]",7b5d2f1193fdb2cc536397942208e2a91227e6e6ea370eff6df1d52dc40d5fab,dadf3e381bd34a9d28d34f931da514cecd4af0219a80419ec30ecfe58e7eb8c7,"[-0.05407568721091311,-0.006549497863267854,0.6900120441161395]"
libero_90-task69-episode1-seed215,69,215,14,c97ad5486bbfcf4220da98be30c09d18ad204f2762341b593d440b9e448ebb21,true,"[151790,151688,151799,151768,151809,151918,151756]",18af90b2e264096d50d8be2453ec78d77a03e41de5a4618b06dba5bc538ddeed,"[[0.01659132243805317,0.28660987024814233,-0.0231782821424531,0.0008475764091881999,-0.00012701115525715068,-0.0002720396853153062,0.9899665713310242],[0.022144018084951256,0.29838174377275095,-0.012899980715701531,0.000621414715151758,0.0007413765495414282,-0.00012479809580767665,0.9909824132919312],[0.032222603896755686,0.30853157532462205,-0.005239249901450194,0.0006300614226477652,0.0030790600441861216,0.0002040957177360525,0.9913070201873779],[0.04948313341753341,0.32396869996475175,-0.0005575010742404629,0.0006802898419655534,0.005390447417312316,0.000993444612561234,0.9911130666732788],[0.08056827882710849,0.3478905647288144,1.1562129486719641e-05,0.0008676013347659328,0.0060267281552484064,0.0012784971445931603,0.991112232208252],[0.11918923177814378,0.39102991129183806,-0.006620683316754139,0.0007114991960226469,0.00581716355841877,0.0008938801828026754,0.9909411668777466],[0.1669417786579359,0.44391432202914416,-0.019923668697686026,0.0007034154011811289,0.004076584744538536,0.000524943542782097,0.9912834763526917],[0.22141041033649245,0.5013355303523781,-0.045396645650555456,0.0003999408838772922,0.0018068064156580022,2.4408211821480563e-05,0.9913802146911621],[0.2688116537757992,0.5480492116814872,-0.07393432990517113,0.0002125924787717004,-0.0005760611246472536,-0.0006117488043280161,0.99102783203125],[0.2917701591172168,0.5681698095513354,-0.09528894261498522,-0.00013449392714059982,-0.0007605311976561779,-0.0007182552381159724,0.9908735156059265]]",209fb16e2a9b015bafe0475bb6a5b6fc089c02a9ea730e0eb23b57bf725cddcb,c48acd6189768fa87fa31e8f6f0b3e802770defdbb63ec5cf9471f044c6e453e,"[-0.05231273705499754,0.0145518589881467,0.6965941430435799]"
libero_90-task69-episode2-seed216,69,216,15,fe40ffd8501269da1690ff89e39f67bf32eed77eca33ca34574238eaab0cd97d,true,"[151864,151821,151734,151870,151823,151821,151814]",620c15f228271542617029f740e486d4f28dca2746baa02a0660ccb329d6386d,"[[-0.04448453323451318,0.20820799743937357,-0.031207304197266694,0.007729469680684886,0.0012702880783166393,1.1964997051805426e-05,0.9886022806167603],[-0.040517779709112745,0.2334776176473241,-0.03083895835459316,0.006849757166710102,0.001087585644896194,0.0001556513823395278,0.9894434213638306],[-0.03163233657001996,0.26499412379969556,-0.03556242319481839,0.004669264245126259,0.0006630145046386815,0.0005173840559145049,0.989711344242096],[-0.02275236737244768,0.30478545273254554,-0.0397096173526279,0.0027287382197282994,0.00040707419501018194,0.001183404787511222,0.9894853830337524],[-0.014642369852300163,0.3379115985146086,-0.04075896072714613,0.0016238421878052023,0.00023972440655484206,0.0014314831956561136,0.9893782138824463],[-0.012520776066207162,0.369861674180072,-0.04103339093842351,0.0008902470340137469,0.00035613042484783364,0.0007648449812212021,0.989031195640564],[-0.010421298769644594,0.39878824310861205,-0.03673041695714119,0.000713390951664783,-7.227391137121231e-05,0.00036121703265479255,0.9895026087760925],[-0.005838152942221342,0.42592672216578364,-0.030149388291278,0.000586034270605662,-0.00024014008891981575,-0.00028032892462803716,0.9896912574768066],[-0.0005112132383544576,0.44786923447894367,-0.027638182591545046,0.0005454861033298286,-0.000724572641757959,-0.0007745584459986077,0.9892224073410034],[0.0010990967518473838,0.45793337711522497,-0.027620273099046244,0.0003591343304649719,-0.00032650616476814776,-0.0006287763613812558,0.9887632131576538]]",1ebdee228ec842b4a552dc3919b32428186c166af2a4df89d7f4b67af758daa6,fa1e2632e9500cc4f6b3cfd590babcad6a852ee34ba0a7b51edfaee334e917cc,"[-0.06736852755591384,0.007591926433974256,0.6686547079582897]"
libero_90-task70-episode0-seed217,70,217,13,c0d667206143980829b7a0ee09c4eb4114b6c834e14376028fe8d536415628f5,true,"[151833,151736,151718,151712,151786,151799,151717]",409abbbe56722229e6fc9d3e072e397fe04ed6b3f926d58cffa447017bccbd16,"[[0.012653218816256029,0.02459868855154923,-0.0057307235050529926,0.0005013020739905727,0.0007390230069432846,-0.005356636625823086,0.9890136122703552],[0.008288677492135577,0.03357972739472359,-0.002710735332442482,0.00035118895676800044,0.0004806397796812689,-0.005205877255297864,0.9899518489837646],[0.003356479603400686,0.04250008700580565,-0.007364364072344642,0.0003455967425283202,0.0003428830584937259,-0.0047952137446962695,0.9902280569076538],[-0.0013027275243437941,0.05798313106481601,-0.010836730736883737,0.0005703834531955998,0.00041428378119690024,-0.003653937055302592,0.9900281429290771],[-0.002424179221012679,0.0770161151986315,-0.012008219034328249,0.0008762664984145463,0.0002844615770385417,-0.0022523819938093936,0.9900684356689453],[-0.005267185525880791,0.10693036162791714,-0.011488734547640433,0.0006501786289885292,0.0004887431162217126,-0.001128376112284002,0.9891971349716187],[-0.005314685211978087,0.1416216626026312,-0.006583062462084399,0.0003224158148549261,7.991191274925313e-05,-6.402281524842124e-05,0.9895656704902649],[0.00042518391916956944,0.1808443287320216,0.0017303273882589565,5.158100343516381e-05,0.00013877033882181422,0.0005430189495001514,0.9898117184638977],[0.008350833215207132,0.21493816476777283,0.008093002211126077,-8.264136639346553e-05,-0.0002340923781929405,0.0009385634863665615,0.9892172813415527],[0.013532007153745695,0.23297896145791697,0.012118761273455902,-0.0003059515848522487,0.00025752989971294937,0.0014332795093672246,0.9886078238487244]]",d93abcca19f4585c1a77e10e9e5685e4fa60a9cf13a222bf79ca3f5ee993b89b,3c2cc24ce6e8f7096acb655f37d821c1b5f1c447a274c116f026d2e81fadd861,"[-0.05797426799449516,-0.0018752394629383009,0.6745002521675363]"
libero_90-task70-episode1-seed218,70,218,14,78a512fc6e30b450e889a4486844d1230de4e0b7e96b2d23a4e8671d743c69ca,true,"[151790,151784,151752,151779,151839,151685,151712]",d45c173adf0850ad053de6af76c7bfed4779cc5e2dadaef3adbc931c1627318b,"[[0.0972386379915342,0.11119051521482959,-0.05186830628753114,0.00031144363213053694,0.0008207813031901878,-0.019603930421089544,0.9888306856155396],[0.09874450164594961,0.11698712435759262,-0.041173226945403485,0.00016757792256516524,0.0005960527420256767,-0.01926122744589165,0.989865779876709],[0.0966083842569514,0.1207256620456576,-0.035252829223878734,0.0004238046891971159,0.0004464687244905008,-0.018283752113029905,0.9900655150413513],[0.09480008533352802,0.13009742594412899,-0.0321421469444374,0.0008713848460502049,0.0004946915213537295,-0.015864809873406216,0.9898310899734497],[0.09678240262367588,0.14455435548882178,-0.036006556767944176,0.0011475442574968575,0.0002671824035331838,-0.01341489993386702,0.989892840385437],[0.0971186085802902,0.17143576779922398,-0.04854533099944547,0.0008973249685382267,0.00040462134681718,-0.011240312493757898,0.9888794422149658],[0.10073714879348294,0.20328180728128586,-0.0657377885729602,0.0008365580860822952,7.049774235667883e-05,-0.00851915918384094,0.9893413186073303],[0.10506964107289463,0.2394897815621988,-0.09606227231699904,0.000368307038310256,-0.00024108349207097035,-0.006864398735485722,0.9895041584968567],[0.10897039828722122,0.2691243090313833,-0.12844694832162418,4.740991294616137e-05,-0.0010328767915552817,-0.005751638526255931,0.989112377166748],[0.10687264263355623,0.28080342122990487,-0.15182358641624205,-0.000251635127732186,-0.0006978693673005409,-0.004743925245923819,0.9886230826377869]]",52250596957946243d996910429ffcd968da3d514cfde528c467b3fb68ce623d,65dee3addb9a14b22b1556226928adfc837b877de3a21e4a61c46a101dff534a,"[-0.048764607924857276,0.0046183767624154,0.6880502831502667]"
libero_90-task70-episode2-seed219,70,219,15,4bce883b5ca614e5826ea33f9af1419a8745d22547ec1d856daaf2c4d66a4d7e,true,"[151833,151802,151752,151677,151771,151884,151719]",1b3646a7df35f23586b5f3197cb1dad2c94cb51703b891407183075521bfe6e7,"[[0.03062333007897422,0.01728110115706727,-0.017531440998425296,0.00029866274645073965,0.000583540237073521,-0.002988533806544069,0.99002605676651],[0.017722883268659118,0.02371822469399376,-0.012179505857403683,9.471303207586601e-05,0.0002923563718297828,-0.0031285714296060974,0.990952730178833],[-0.00010283071411087974,0.02743472516094414,-0.0130589274616284,0.00023868947855687495,0.0002614425401503695,-0.0029330539091123597,0.9912295341491699],[-0.015990372096414518,0.03827621795970515,-0.01251345236997281,0.0007259411354370027,0.0005249697972260492,-0.002077185272172599,0.9910714030265808],[-0.020135514312817904,0.06551494074827247,-0.010932939656953522,0.001116602517652554,0.000402049331910348,-0.001316633531528666,0.9912183284759521],[-0.018760892820825603,0.1272603643477055,-0.004540233672884142,0.0009501741615260961,0.0005753971782951339,-0.0006717569092398179,0.9907914996147156],[-0.01195417897414508,0.20568222440353168,0.004791649359106032,0.0006624519704716558,5.1927596118162e-05,-0.00015748726302966531,0.9911876320838928],[0.003106973817320835,0.2931488774957103,0.015019716843482911,0.00039124803599976943,-2.2680697298937957e-05,0.00027935377759114033,0.9913964867591858],[0.019966095674824658,0.3694990337693582,0.022897600254282224,0.00022444132874488432,-0.0005307479817133753,0.0005139224097003847,0.9908407926559448],[0.030860607786012295,0.4116678201150137,0.028182647808989714,-0.00010073762402385,-7.132057766057187e-05,0.0009652836528193376,0.9902470707893372]]",c161f7eb8c7de32bee0dbeb8a5c862cda57f69f261c281df70199fa8e9d8d14a,445a1d1aac76138d4a7364d824e7623c3c4c94834e104531544ad6fcb3524dca,"[-0.06028738489070015,-0.005289516639382641,0.6847279107342855]"
libero_90-task71-episode0-seed220,71,220,13,9d2be7004bbc15714a9ca75fbe8e3ceb50a92abf995821e765d5b1441de3dcf0,true,"[151834,151865,151767,151816,151851,151801,151729]",8f53bd92c68fc5f1cc2eb041029f88882da228d03323bca457bdec3dd4f5d5d5,"[[-0.1626908129393616,0.07262496826946574,0.02203674336789163,0.0010105903770825098,0.0010870891169219021,-0.0014812394869103684,0.9839275479316711],[-0.21298781558770585,0.09566452419932148,-0.00929673279043186,0.000897435705453864,0.0008795007014299472,-0.00016843354970674795,0.9851455688476562],[-0.27942124737877805,0.1266801191908229,-0.05668257443880975,0.0008313165387421328,0.0018480281680837152,0.0014726300066012499,0.9854065179824829],[-0.34517070134792505,0.1688522879936727,-0.10540381992268522,0.000965160557442335,0.0029426042262912233,0.004775994786530902,0.9856507778167725],[-0.3975193284492171,0.198893632814503,-0.1536929442979158,0.001144895799597867,0.0027620666548386907,0.008170990277328372,0.9852169752120972],[-0.4423027035010314,0.2209548386255733,-0.20485490415586582,0.0011558126138644376,0.002619632640133318,0.011690043683799445,0.9844163656234741],[-0.46981552818751027,0.23516443880026827,-0.24741828733627358,0.0013207460216297928,0.002506742039898313,0.016101865004692684,0.9850793480873108],[-0.47773230440092185,0.24677446687306315,-0.286551074467269,0.0013391098934729673,0.0032263302413610973,0.01942777726401701,0.9850441813468933],[-0.47158352300925444,0.2506403079500785,-0.32022774562892664,0.0013494914793139579,0.003410105175206013,0.021306478155024067,0.9845708608627319],[-0.4631182048818605,0.24571903772972803,-0.3453183439965244,0.0012219410086524718,0.004491006853001522,0.022249748680970072,0.9842370748519897]]",14c5cf463e2ffef072c88185ab8fadfd6d76f6c2a278a0036b07517c7811e6b3,d2a0a008c938a3c65889cc146bad4e17ebdc7156dbc868fabce2b186349bdd17,"[-0.050612332900901336,0.007609068599613941,0.6916294773034872]"
libero_90-task71-episode1-seed221,71,221,14,b5b4dfd963364b815af9d420f24cac81f949b96458aae1263b6e877925ed2dc8,false,"[151834,151865,151803,151736,151743,151821,151856]",353f622aff58f779d32909a1b0849e90991f47013f41f967cb11c142da53316a,"[[-0.14470560419277234,0.24447091102501872,-0.004086107913394699,-0.008829390437602669,0.002182916425624626,0.02524278155570414,0.9872564077377319],[-0.18396974527246712,0.2685692785554039,-0.029365684188121577,-0.008245640786820996,-0.0014737837021669975,0.02520614424063794,0.9878401756286621],[-0.2318746796210398,0.2972800877144266,-0.06210898685961297,-0.005787595014268732,-0.010754715778119817,0.024617888923451403,0.9880428910255432],[-0.28329631238371,0.33247711728904505,-0.09314318884602812,-0.0030131000491304682,-0.02005079195728854,0.02283151107255499,0.988189697265625],[-0.33139658698412333,0.340281881018214,-0.11111640200869033,-0.001842094078571943,-0.02608114406618256,0.019347878727074885,0.987991452217102],[-0.37750920278693734,0.3127798390620029,-0.11784518398766863,-0.0025588203088813266,-0.02767632955863064,0.014997001091151319,0.9883085489273071],[-0.41541346670099344,0.2658895524678684,-0.10354106889647596,-0.005162217511283762,-0.022735240658619205,0.008951076929580637,0.9884089827537537],[-0.4396296542514371,0.19942355110828203,-0.067259822424802,-0.008867004076614116,-0.01251562244726756,0.0031319747972400336,0.9887197017669678],[-0.4449015455272711,0.13876030881363022,-0.02681740365483165,-0.011592165745835992,-0.0031655041633769088,-7.543689195443903e-05,0.9881625175476074],[-0.4361118963647872,0.10297052924038042,0.004114637781384545,-0.0121480650623349,0.0011960372850410295,-0.0012579726619001974,0.9876816272735596]]",c5d5ec6c25694b13463a9b95e182d746e8ea69d6ea23bc3718bf5b3fb01ccddd,5fbd488accfc1a5f2495be0b2512f1b5b6a2035cc385fe6b4a5c47c393517994,"[-0.05759972513613289,0.005940194040875254,0.6815094487259903]"
libero_90-task71-episode2-seed222,71,222,15,6345a17ff807e213215a88fc9ee31d93bb602006b4f54a18585de5a2a382c4e6,true,"[151834,151894,151753,151740,151850,151915,151678]",8251d4b2595e6397546d5b3f058351ff1ccac344a0afac7ec74bdaee0c82eb4d,"[[-0.37723378406801444,0.3610728204047575,-0.0679973877439295,-0.004683464912678792,0.0014965856678799128,-0.000803636274197217,0.9850978851318359],[-0.4108193729905292,0.3735065280537242,-0.09024075901899664,-0.0046289915782615765,0.0012277654225982815,-0.00017676021222179372,0.9858841896057129],[-0.4463001375857605,0.38471117375671326,-0.12126469580849175,-0.003962198468828282,0.0006465595675706481,0.0006103807136668138,0.9863376617431641],[-0.4782194410515572,0.39962627250318405,-0.149965804182159,-0.002654054056329347,0.00012866102926523126,0.0021435157544988925,0.9865903258323669],[-0.502429095187928,0.4001508608644144,-0.1747460441492592,-0.001178936831202071,-0.00031394400701856284,0.0032421861280571562,0.9859381914138794],[-0.524852257877578,0.3851293684643764,-0.19800020970828314,3.554260682037125e-05,6.159003049788225e-05,0.004210661180762187,0.9853702783584595],[-0.5385948087882575,0.36173424453430414,-0.2140571617756848,0.0007407337417508764,-0.00031344747904427095,0.005024933928329034,0.9858824610710144],[-0.5405403535519007,0.33315002127331184,-0.22515083653013335,0.0011262735416182057,-0.0002758901030688321,0.005261878933785269,0.986045241355896],[-0.528587604939668,0.30033567654534465,-0.2320067868262754,0.0015242527883421175,-0.000510986168336558,0.005341029006681097,0.9855601787567139],[-0.5139308616503744,0.27215806563859246,-0.23683230301247704,0.0015907133938770635,0.0002968449847173815,0.005668613008143808,0.9853371381759644]]",c17413f2e8c53faf3c48c7d9ad5ddea8bbf66ae078d3bc2c0bd8f6eeccaf3251,ca7a1bcddf3a09d3c3a50837b2c948b9943ec696174935fcc9828cf49c00d79d,"[-0.0651118289221635,0.020090880329715646,0.6846978312655331]"
libero_90-task72-episode0-seed223,72,223,13,52c9bc9bff5db9471f931475f1cd56ec3162d70ddda5475f9283fcd4270a1bfd,true,"[151775,151888,151771,151754,151699,151841,151789]",d5cb00985e7546e0f9ffb7d76c753bf169c721043fb91b9d80cff90973429b94,"[[-0.0015404908229683656,-0.13557736688873945,0.0074427456679302395,-0.0011414985256403831,0.03505491540781236,0.00064756066516658,0.9890129566192627],[-0.0006084198450331257,-0.16058392417580336,0.008905099412146456,-0.0009266504531515452,0.034996265523489,0.0007892261975293025,0.9895440340042114],[7.34831764770405e-05,-0.20074071223369572,0.0009716310520673233,-0.00046738755169872803,0.03310612255319256,0.0008497956504758264,0.9898350834846497],[0.0009103782034589614,-0.24039366791768657,-0.005910855870155274,0.00010627581168365374,0.030096289139748933,0.0011695582026547413,0.9897268414497375],[0.0037885236813135492,-0.2831695540803736,-0.010546411311224801,0.0005832566196384281,0.02481283427090375,0.0015909060375172146,0.989700198173523],[0.0017349127173300616,-0.33280588342279316,-0.013276571477177868,0.0005179956640228855,0.018106747311236404,0.0009551980997954956,0.9893121719360352],[0.0014634670204785039,-0.3855948678677379,-0.00968795691773039,0.000631842441374264,0.011488287608472092,0.0006027276687934346,0.9892993569374084],[0.000607236619416085,-0.4345838154029025,-0.002764627616272719,0.0005816047939801727,0.005800897301980967,-0.0005588885310583436,0.9896253347396851],[0.002193002162155011,-0.4718596211701964,0.0036605120218951015,0.0007760957301443661,0.0003608375100441208,-0.0010525754159953493,0.9891470670700073],[0.003992648726400816,-0.48836196357978423,0.007730607998581718,0.0008970850385543461,-0.001196830328666465,-0.0010186887062992867,0.9887720942497253]]",cf1e5cbcf06d019eea1875aaef499da9e453f49c545e8cbb2f646b8f6b383e0c,c97cec77a49ad08d2b68ec643b91e2de4cedfa077de8631bc03f4b01bd0a970f,"[-0.04935366436469249,0.00889093530968773,0.6960439700826689]"
libero_90-task72-episode1-seed224,72,224,14,ab3bc3ede586ba1043f4276c94a5a7be84a39f1f75b6e709644dc925d49ad9d1,false,"[151775,151888,151771,151873,151750,151741,151813]",5121ab631c3d538d75bb2e73d4f33ee7cf3de9ab48b625b259fe51fe958833bb,"[[0.011412708891516132,-0.12065529823047427,0.00045072691048630986,0.0011804792618226312,0.0007689636437930858,-0.0003312806145796543,0.9897599816322327],[0.007358107433649508,-0.125553198746573,0.0020265984440470675,0.0008041306259531922,0.0003823173102119881,0.00012023032134855782,0.9905153512954712],[-6.58816088474623e-05,-0.13514789732376187,-0.005119780481976477,-0.0003426424162333852,0.00016864146175521455,0.0004000997398598827,0.9907477498054504],[-0.004274989480599345,-0.14283545378621199,-0.008043887347184864,-0.0010959671971608742,0.00036937779120194136,0.0015108952309681456,0.9906234741210938],[-0.0021465974122953924,-0.17213260677493736,-0.009016405551136586,-0.0011955842808528683,0.00029338915001630994,0.0024992045809000274,0.9907238483428955],[-0.005826675322904151,-0.23771076437036243,-0.012269326330454078,-2.027802673709722e-05,0.00048678679600300256,0.0023767745745271185,0.9894469976425171],[-0.00955495923464511,-0.32669962569869426,-0.015533003725693106,0.004271368051089075,-3.2462298392488265e-05,0.0016977118569236893,0.989618718624115],[-0.01101888543386309,-0.4303045970572583,-0.015134135302815821,0.010631035256516874,0.0001154831768275244,0.00038022801943071727,0.9898578524589539],[-0.010420989756816823,-0.5173556691586967,-0.016503174038859925,0.01659506714660175,-0.0003923060519213095,-0.0005355738760162154,0.9894578456878662],[-0.010172808311427417,-0.5608234728150308,-0.01912926258071934,0.018689203730141157,-3.875827310650948e-05,-0.0009117893288870249,0.9890791773796082]]",d13c490768c0535fb87d6f2772e2d706dc5f89df57d0777fce6e0d6b226c87f6,e425bfbc60e245f7db20666ff7b793ded605b8e7205645121292f17d6d13606f,"[-0.062340983648977485,-0.0029197060603505204,0.6875742385702158]"
libero_90-task72-episode2-seed225,72,225,15,635f8b3c04dd042f83fce0bcc86c1cc0bd767dc238abd0a46159d3f2703f5acb,false,"[151775,151888,151718,151674,151767,151893,151731]",61ab78792ac11af5bc100fcff4a9a8c1800d88f2c468487e87759f99eadb81b1,"[[0.007268802726423829,-0.16560805184447247,-0.010607456471632304,0.0005122650286386587,0.0005011960378169533,0.00011027574953281771,0.9883379936218262],[0.008692601402721323,-0.17714407585380343,-0.0032439249490607835,0.00047923774354985404,0.00025283274507614806,0.00019812671696683992,0.9889087677001953],[0.009018830659467625,-0.19646011015556297,-0.0025103455840564948,0.0005043011987890811,0.00018303084245019363,0.00031095767194599944,0.9893192052841187],[0.009113079571937632,-0.21234028543879901,-0.0012523675423494751,0.0006288986850335743,0.00040075835917718905,0.000981244648606605,0.9890151023864746],[0.010863593096567925,-0.23258162678061467,0.00035719349386909016,0.0007693223221378886,0.00033061881752871614,0.001534546694831107,0.9890973567962646],[0.005886235190288858,-0.25863689954597646,0.0005811167522153937,0.0005851668314331704,0.0005120799310134316,0.001057288595710304,0.9881551265716553],[-0.00030161425174668466,-0.2891266761918132,0.0024405916517480364,0.0006682933427715199,0.00010303025523228371,0.0008789483250790653,0.9883059859275818],[-0.009180259108628519,-0.3194248827620072,0.002968375659349931,0.0005927984505358364,0.00017896924362048594,0.00024934036933466075,0.9886164665222168],[-0.01594454990852512,-0.3414417066347397,0.001339430873628089,0.0006996595741257661,-0.0003923854963971962,0.0001351808906733254,0.9881950616836548],[-0.01951272103079127,-0.34964585655959723,-0.0011618918439637582,0.0007216223957271506,-7.570988495331221e-05,0.0003457051152953028,0.9876642823219299]]",96bdbdf70ec49a2027f941f7f69ec83a7cc2634879722f2b6141daac7bfeb76c,b3606fb5c1fde67bc7b8d405e88e4a726c5ca892b8b79043571b6a8a3d4c0070,"[-0.05185048644011405,-0.008968813306359225,0.6826794382940465]"
libero_90-task73-episode0-seed226,73,226,13,9ce2c3fdea1cf253a8f3f6e8f79a2b9b22d4d790371178d6ca26b9009658e80d,true,"[151790,151780,151894,151856,151780,151877,151730]",5b42d7e74a711388d2affbbe0e05fed3a8ac87c670f3631552653cc6d16b88ea,"[[0.052637712942173565,0.13213089771014097,0.00906016940817267,0.0012387914759819374,0.0004533704633331581,0.0011817581666093702,0.9910948872566223],[0.06990195061688453,0.16350318818759035,0.009357587108297594,0.0010097690782915336,0.0008256373467787625,0.0003845878225003929,0.9922657012939453],[0.09705367174176871,0.20427214974830576,0.002527900427679697,0.0008159517916974668,0.0022479715208163498,-0.0003423765940659962,0.9923053979873657],[0.12915365942243184,0.2577489004894318,-0.006417945677583248,0.0004727042655272573,0.0035579215531527097,-0.0013710281560932458,0.9922754764556885],[0.1668575505900236,0.30927530591256414,-0.01478970518488154,0.0002468747822377271,0.0030115024480039665,-0.0036186843987220385,0.9921848773956299],[0.20181246364176886,0.3700109122914341,-0.029881128118574907,-0.0002398231900642145,0.001547291104614601,-0.00737299876654518,0.9920707941055298],[0.23591820944280073,0.4325080613776322,-0.04488939203679365,-0.0016015734978078733,-0.00039113424590198065,-0.011620494806074078,0.9924249053001404],[0.2711957318867384,0.4912258782920276,-0.05858764210125855,-0.004431787587664271,-0.0019361604823870948,-0.01601532599311639,0.9924241900444031],[0.2994001272817677,0.5386042637091748,-0.07652569150425848,-0.006806116251994787,-0.003670691585540453,-0.018925878129948615,0.9920065402984619],[0.3090235813429558,0.5601967429520727,-0.09333080170037533,-0.007877394401945681,-0.0035730841163541527,-0.019994216998030723,0.9918686747550964]]",02badc5a9fc2218d47170190b4ca4e0a546845050b4fef9511ce3953babf0afb,01d998383a83ea8a06e444eb846654f5a4b3655ca67494c7f683ec9b4380fce1,"[-0.2896205708889693,-0.014907994714734425,1.1917339608692623]"
libero_90-task73-episode1-seed227,73,227,14,a41e4789da4a53fc7bb0dad2b1b8295fa9b02544afd766a0b7543b2cf8285caf,true,"[151790,151844,151747,151860,151752,151722,151785]",ae5b0da15d6bdf0c88fd24936f35b0c93aefcee9266b743f884c8e7baa899f0b,"[[0.23192823581062783,0.03622368143496146,0.004767788236478054,0.0005551571272954803,0.015030478454832519,-0.0029939788824808744,0.9871758818626404],[0.2452995740257755,0.06598848475547925,0.005341601823886322,0.0003813832224317526,0.013150484516330607,-0.004443510489341662,0.988074779510498],[0.258622706239791,0.10574414413973443,-0.0036930819164240347,0.0005603340781015209,0.007923772864387502,-0.006142898106457295,0.9881859421730042],[0.2744067283247915,0.15907432173577263,-0.009692871107745304,0.0008252813768399037,0.0029158215073579186,-0.008314903345606695,0.9880089163780212],[0.29169105183330757,0.2084119698580622,-0.012382079690240744,0.0009422380159054278,0.0007477023159339069,-0.012134053411440249,0.988059401512146],[0.30639149836538593,0.26247234821326515,-0.010727417310107512,0.0008924433161738854,0.00026641775045277427,-0.017574095927534117,0.9877369403839111],[0.3207189222696556,0.314982126191623,-0.0026321628943151154,0.0008362627876405959,-0.0001371899787301345,-0.023916112465819594,0.9882121682167053],[0.33525568029239494,0.3625585391026931,0.011500446965357014,0.00023402007194750496,-0.00043670558338249066,-0.03071716200369856,0.9882031083106995],[0.347263389043281,0.4023182984350626,0.020369959319054942,-4.664264073506175e-05,-0.0011901172704540386,-0.03513016215546472,0.9879604578018188],[0.3491857137001517,0.4226044317100275,0.02248022171568209,-0.0003885059554598058,-0.0007914648904545629,-0.03670721332421323,0.9873876571655273]]",d5933c71bc5fb93ac413dea3fb0c1396dc8913df41c55bdb19d7264fdb1b9088,643bf466b4f397e02cd320e6c8800e43c50fd3cd1af043ac028fc6feca7ce2c2,"[-0.3054386053413206,-0.012083527661984663,1.1606634789258359]"
libero_90-task73-episode2-seed228,73,228,15,3466feaa7ff8217419867414bd8e820d801d1154ef09e87ff42fa7c895ec6bed,true,"[151790,151816,151909,151866,151683,151758,151683]",c7ff0f19abcc2d1f521385483b74e28553f2533d3aee65def5bb855500665603,"[[0.15755750052544215,0.09314561857657111,0.031108884156537897,0.0005028339346568877,0.0007723400340182707,0.0010302129088355372,0.9896519184112549],[0.17741431168045807,0.11864545087114209,0.026336550426719896,0.0003554984684015494,0.0006112464980390087,0.000423376971699696,0.9904180765151978],[0.20437938905736885,0.15214335944847335,0.011120307066647683,0.0005182817343882817,0.0004037375270229404,-0.00041325613925025095,0.9907174110412598],[0.23794498043545786,0.19674812996626656,-0.0020721090389486108,0.0006088183909980227,0.00037671647466197555,-0.0015898977548314264,0.9906205534934998],[0.27858758359514724,0.23623104030221498,-0.010390140068750497,0.0007137969870221195,0.0002199923848564822,-0.0039029323319041964,0.9907121658325195],[0.32012738342792346,0.2752869410420544,-0.014576538542456774,0.0006331805124382139,0.0002596550394429187,-0.007672590212676411,0.9904775023460388],[0.364987923397301,0.31183121356704646,-0.01123701881465422,0.0006640576557483957,-0.00015020894221606795,-0.012049364704601828,0.990600049495697],[0.40999696610276715,0.34448207286395416,-0.0015764310727774955,0.00011005009489162276,-0.0004148285608351898,-0.017010670905083458,0.9905200004577637],[0.4481755892631938,0.37010787606433837,0.005149730004859521,-8.931326556060881e-05,-0.0010707618759937532,-0.020434351280455232,0.990391731262207],[0.46615386729350305,0.38040510075092016,0.007004290714377248,-0.0003117099044653848,-0.0005943929374581103,-0.021812554263703987,0.9898532032966614]]",dadbd7c5eb8d8ae271a99f0c6e18ec44b9b5389a82b9eae2b8f1db52896cd7b1,de3b3dcd95016a0ccafb7cc1f80154f1e460f6916983a9dcaf6a17fa018612ff,"[-0.3021329020510192,0.00591105720027547,1.166305121960099]"
libero_90-task74-episode0-seed229,74,229,13,33fa049492599b1e3e1e80df5fd5c42d07b7b2c9e93581e23f3e9ca74b4ae709,true,"[151790,151780,151752,151915,151889,151689,151785]",c84867bffdf0e283a2cb8bcda0192602a48cadc7216b41deb527a6fa66830e2d,"[[0.18085644971368353,0.2662157033403645,-0.021143370659387983,0.0006068158984402494,0.0007263019602419263,0.0009558904290383197,0.9886133074760437],[0.18824759510705746,0.2681497513646036,-0.016727643318318997,0.00042037184481236167,0.00047257616537876856,6.433876869138544e-05,0.9895056486129761],[0.19443182468453912,0.2645106374183115,-0.01652015529546702,0.00047049875529081575,0.0004383653879500571,-0.0010699210702682649,0.9897842407226562],[0.2041470997002648,0.26478635892900115,-0.015506412497501287,0.00048227378065357485,0.0005503721683908225,-0.0022284311443279137,0.9897615313529968],[0.22587220241198125,0.27110683894207455,-0.012019903886141492,0.0004951377190201001,0.0004139064199364384,-0.004520564862907861,0.9899735450744629],[0.25298348700111717,0.2919056707287382,-0.00579548160902732,0.00046370689113173214,0.0004176303797436276,-0.008219212217287719,0.9897536039352417],[0.2889028732330239,0.3205773253832689,0.0056708525548856414,0.00041920910719817073,0.000598912743157598,-0.01282168604237377,0.9898484349250793],[0.33073950195921853,0.35381816721383075,0.019103135735321075,-0.00010941201574876658,0.0013188981669998157,-0.017836002208934332,0.9897423982620239],[0.36877377198438666,0.38173963386213927,0.027933116160454574,-0.0003912282379692211,0.0015166751897197628,-0.021310746543864667,0.9894199371337891],[0.3878468383187972,0.39315399191117706,0.03231209628063425,-0.0007149952950635807,0.002341557113410886,-0.022723921509676615,0.9891095757484436]]",4bcda538b9c2f9e30954442fa0b34ea654e73baae1c2074f87a7ba4dd13e1cca,d63f82fa4e90ccf25b1f8394f2889eb629753496125e5e37918d911fc9f12d50,"[-0.3051833226567666,0.015201961864425786,1.1707126429372425]"
libero_90-task74-episode1-seed230,74,230,14,9e15b0997773c1df34ba7dfe98965c56feb70139ac0413e79d1c2130160b8070,true,"[151734,151821,151728,151765,151790,151741,151842]",0cbe7cf850e107ece81f0a755a4ad8d7731b010fe1ebef2494215300456ffea9,"[[0.3080231743853936,0.21224080890334562,0.008565747290560921,0.0006748729611756321,0.0006122196928686208,-0.08462051347989075,0.9913627505302429],[0.31839982514192755,0.24671030268507366,0.006600071284594833,0.0004864633272951835,0.00019802598727380882,-0.08599267261596566,0.9924029111862183],[0.3270655160157858,0.2913509477488674,-0.0010729996068050696,0.0004040104655269605,0.0001066449788851287,-0.08728128445287275,0.9923888444900513],[0.3342205756087431,0.3477073995468061,-0.008748199980544769,0.00026121521281274873,0.0003143227694124562,-0.08742669230546696,0.9926165342330933],[0.3437015306116393,0.386906490974539,-0.012464037459267274,0.00010420872259175873,0.00011730046921343273,-0.0876341104042968,0.9923499822616577],[0.3469858955239431,0.40610726548493403,-0.01765680744591691,-0.00025456965599657266,0.0001631995151569754,-0.08797509191218822,0.992599606513977],[0.3508541181019744,0.4113334693462889,-0.016162893681382684,-0.0009004796287559458,-0.00019069583323982897,-0.08801034456876877,0.9926732182502747],[0.35345371058793873,0.40548591834820513,-0.014377841459520369,-0.002575919934270976,-0.0003180949808836431,-0.08915044242728953,0.9927709102630615],[0.35622608538931644,0.39526146774065296,-0.016774655736128352,-0.0035736780003150503,-0.0008983177105221785,-0.08985463482524736,0.9925295114517212],[0.3512839990900929,0.38197343340335976,-0.02298619191498119,-0.003952084497200081,-0.0004154243944043401,-0.0892425783513886,0.9924677014350891]]",6126a9e4a9cd73fffd327b2993094e8c83dfcc40b0f62a957dc3fd79edc99cf5,afeca1f61994655e2a58170f64444dc1c33b8566ff998ca0d8f5ff30275be007,"[-0.3048071204820688,-0.0008023643945886108,1.1614253247117745]"
libero_90-task74-episode2-seed231,74,231,15,9f606caa7df92042779a80f1169bb3781cf0004916c1581181d4c34527eca58c,true,"[151790,151780,151894,151795,151802,151793,151691]",8b6f0bf0528fa4f286345c2e803c62323e1872c3f398e3803ac5661fa2239bc1,"[[0.09799964829695362,0.2028324529679537,0.016303139469044936,0.0005441388041895756,0.0003352464582491166,-0.009968185577470479,0.9911664128303528],[0.09504672171477857,0.2291103529159244,0.010920845554153402,0.0004417256133777414,0.001090157659803026,-0.010213083013418611,0.9920518398284912],[0.0927510654172714,0.26220164913901556,-0.0014038337990314176,0.0005094689215188186,0.00357469426812429,-0.010192612521752409,0.9923195242881775],[0.09409791989945404,0.30527057909317534,-0.012870058758721825,0.0005727827530344065,0.006067473240818799,-0.009705699236434384,0.9923629760742188],[0.1072874702824933,0.34155245493884934,-0.01907924704678976,0.0006361242687789037,0.006461061035480498,-0.009669380018587859,0.9923492670059204],[0.12738504657503213,0.3746358587618204,-0.020055532796419584,0.0005646712739639792,0.005786537712964446,-0.010368351879822768,0.9924945831298828],[0.15813694372220155,0.40381026955387256,-0.011804280148709267,0.0006872201272691836,0.003794775327449429,-0.011451098680796079,0.9925433993339539],[0.19539612128594186,0.42896755118349006,0.00048277834980581247,0.00018353326649322987,0.001486218163776698,-0.014337232178117887,0.9925702214241028],[0.23084872156915637,0.4483726056086823,0.009597727193693117,-3.419396580217615e-05,-0.0008686054765405515,-0.016648563999485333,0.9921830892562866],[0.2501396860918348,0.4557777268954055,0.014439624013277808,-0.00025714428928513833,-0.0009152195227670745,-0.017445790478397782,0.9919041991233826]]",0e060e6fb1a4c35dbf18db91c78ffcbb367919d4d84e0a343580081778b084cc,21de1b79549c0a25a5c410f987eecb086c73e5b8cf77b41d165e0e2808e5587f,"[-0.3128462842654188,0.005281667566716332,1.1611221115330912]"
libero_90-task75-episode0-seed232,75,232,13,4f44d9e83c01f8d6eec529fec0bc9e1769e9130f95c9e09fd1d3333f89dd22b6,false,"[151790,151844,151902,151745,151817,151724,151916]",26e5286ed150eff7e8c6534665a837c50af7dde2df79a8b95e0f6d793ea43a32,"[[0.08272695415253395,0.034113028145696944,-0.003069580407753847,0.000911453153358277,0.003590970455121578,-0.002843575032377643,0.9884994626045227],[0.10471423217626885,0.050511283122531836,0.004577663685012112,0.0006485637156354862,0.003133191523943424,-0.004970504024338851,0.9893789291381836],[0.1353161698125902,0.07016458940604764,0.003899778473510196,0.0005999409815944379,0.0019328847988901998,-0.007773445742914831,0.989599347114563],[0.17090155732236667,0.09848118855387611,0.003504677596311012,0.000569866680922626,0.0008816258411599165,-0.011755966798453699,0.9893505573272705],[0.20980203444846524,0.12860576232142762,0.004093233753764025,0.0005365533254684252,0.0003073813083318555,-0.017383667962555194,0.9894226789474487],[0.24548374567112674,0.16724664581339255,0.0027116365321262492,0.0004376929440332855,0.0002645905275073801,-0.024800497582923242,0.9887084364891052],[0.2798331701592005,0.20835139312467277,0.002160701229342976,0.0005644036597511892,-0.00013192678220264042,-0.03301958710291508,0.9891120791435242],[0.312368601058882,0.24967415517693325,0.002502237435379584,0.00024275906020654325,-0.0003300811661830494,-0.04132845488526016,0.989112913608551],[0.3380508337536483,0.28433173407840684,-0.0012470165354443452,0.0002179447630275,-0.0010149223400048868,-0.04648789823039756,0.9888484477996826],[0.3475636612224946,0.3005837234062625,-0.00676854583409181,1.1614204966425845e-05,-0.0006176403772144567,-0.048417475964951606,0.9883038401603699]]",9e4204f0a70df5d634c824368001a6c6c1907ddb17e42fa9f92836d5997f2c02,ff6fa5eb05f8d856becc5e4cab01b2b51c0b07e4c4541b4530ea66513acbef6a,"[-0.31038282678241585,-0.00013485211146062117,1.169621885205208]"
libero_90-task75-episode1-seed233,75,233,14,22702ddf395e6022fd97b6487f9d20573a5cdd8d95ce7b414083d47c1445b68c,true,"[151790,151894,151843,151839,151804,151893,151867]",a73fad0d9ce9f3f396db66627732cdf779357ee4d997888458bce2293f7e6f54,"[[0.05465371263054841,0.2118798084718776,-0.046360591323036715,0.0007003885921537112,3.257924078070573e-06,-0.042661768737332295,0.989389955997467],[0.07896269231870257,0.23230124003461583,-0.03893306612604874,0.0004716522648287036,0.0005980487844823301,-0.04534737000505018,0.9903213977813721],[0.11695771771474384,0.2556760692215221,-0.039147707025477985,0.0005069773409169809,0.0023504747558291683,-0.0487306146103208,0.9903958439826965],[0.16003657800857596,0.28702171003622823,-0.038813269093907365,0.0005490850530880387,0.004267877111914231,-0.05286679533456429,0.9904919266700745],[0.20766031068387747,0.3207088312190365,-0.035206581235627255,0.000674771452336298,0.005459862028118323,-0.05752817328009385,0.9904346466064453],[0.25298110318787437,0.3651595461864332,-0.028965887529352585,0.00021608069161427323,0.00634404925305887,-0.06237219516452086,0.9906080365180969],[0.2987283333941946,0.41316891361837804,-0.017728008599021905,-0.000624301761156687,0.006492679936883405,-0.06694388840570298,0.990781843662262],[0.34218268841845756,0.46102535298565783,-0.007446594851927557,-0.002547792757699119,0.006401785525909531,-0.07205808709924177,0.990872323513031],[0.3776744008967299,0.49962164954187926,-0.00221396532404583,-0.003917940614878601,0.005703071360485978,-0.07558645888308924,0.9905004501342773],[0.3924775279770074,0.515462516572569,-0.0007552699212851621,-0.004536175586804969,0.006090700819456174,-0.07661322057339959,0.9903661608695984]]",342d4bee40810db21b7f646cec78e2d8bff73e8bc23331da6c30659799a1b89e,f61538925f9b6d9c7346447a1de43a8ede3a46a40b324b99c4f1e5264c8e40cb,"[-0.31004604339699665,0.011755958366088089,1.1623310310593125]"
libero_90-task75-episode2-seed234,75,234,15,eee755d02c5a9cc25a05c32e8d97d512f1d5e8f3461e5a8318a4375f667a3a06,false,"[151790,151670,151909,151689,151876,151807,151731]",a9729c472a46fd43d9c0bb0fd1de58502d40c63f8f66f96bf1b1582b106abfa2,"[[0.1955576025607968,0.06767899586172632,0.02929434679458609,0.008449850229210298,0.038796909111027844,0.01471643934339717,0.9875134229660034],[0.2241420837339838,0.09256568091579709,0.026340481778731828,0.0075150091874007785,0.038738239365585514,0.012993718359638251,0.9884698390960693],[0.26412869680500606,0.12474976111988667,0.013832284729545563,0.0052640137628612305,0.036457309018402384,0.009857167504026876,0.988318681716919],[0.3103277920549061,0.16968027251536455,0.0031899510269113307,0.0029110111828671847,0.033539929113771905,0.004985676989100796,0.9885200262069702],[0.3629238942865527,0.2163579767997703,-6.034885106487309e-05,0.0013350218556706928,0.03134688421803844,-0.0008794369704858696,0.9885045289993286],[0.41522387393981575,0.27794391241755534,0.0017331120959340751,-0.0006099613305816654,0.029819266252332,-0.007770545444735433,0.9887008666992188],[0.4683168687985173,0.3453534143369552,0.01581958317157728,-0.004280244118614718,0.031083227863689444,-0.014978927828209976,0.9888647198677063],[0.5218025748166255,0.410684550058491,0.04345322026978238,-0.009960235820090091,0.03430801816776352,-0.02237581088174423,0.9888009428977966],[0.5660917059227657,0.464336778578911,0.06711712007182769,-0.014450728486095521,0.03617669126845158,-0.027431498398463816,0.9883987903594971],[0.5862107365344897,0.4899157398720888,0.08045019121607311,-0.016093556769955386,0.03683520652907646,-0.029738563974767374,0.9881694316864014]]",22b4c7353a72cd88037e17ff01c73571304e8fda97c6b2880dbb991e1acb095e,d15ed413865c60049af32c0fced6ad648a2a301d3ff37a9bbea85c9a2e79032d,"[-0.2886660531994982,-0.010401869645365403,1.1826488004918]"
libero_90-task76-episode0-seed235,76,235,13,5f8337b83e6deda200bab1c62b09903c716a9587fc4e7afb6da72569ae8ee276,true,"[151855,151888,151718,151856,151847,151903,151771]",42528a73e30e5073e688fc2a9c3ff999639680dcc19b7fc0abaae1010b4e75e8,"[[0.08994748032028888,-0.0018133821984633869,-0.006692703501528285,0.0003509767110130291,0.00117334595661589,0.0013136562431679266,0.9895722270011902],[0.0975381597110232,-0.002808952099329076,-0.0024353768852733992,0.00022560406635907526,0.0008575343038472738,0.0008441073237239749,0.990378737449646],[0.10870341120402749,-0.007004326506034886,-0.005122619791762872,0.00039404414311960956,0.000497114577868274,3.9751724770553665e-05,0.990686297416687],[0.12881639399326517,-0.006091370559673237,-0.007560931672941251,0.0004658939452155675,0.00025875135852970743,-0.0011257190649196502,0.9905104637145996],[0.1674193359109104,-0.001163437923636934,-0.009016787765915524,0.0005766954573869221,-0.00010372399326286086,-0.002920255173920694,0.9907803535461426],[0.21859212505784598,0.01211598652261614,-0.010831434332089884,0.00046208274970238605,0.00024457051958393095,-0.006117412905680908,0.9897081851959229],[0.2846444115982081,0.029759498240480298,-0.008656577637822238,0.0004420855083535624,0.0017401326392700867,-0.01009168214510936,0.989762008190155],[0.3584416190750517,0.04968278610732568,-0.005039406174176975,8.463597275287782e-05,0.004744990842411312,-0.014375497402484783,0.9896551966667175],[0.4233133000345717,0.066230074198117,-0.0021812586593910055,2.800326848073631e-05,0.006954361577939494,-0.01725803827238437,0.9894354343414307],[0.459465593649238,0.07251037471966981,0.0006964910133433477,-0.00011028868299756134,0.008308979266843153,-0.018596553949578265,0.9887192249298096]]",86f0e7b9b5cdaebcd14e745b548948127a6ac5818dc2f3b8c9d103d22718451d,a686a1fc94a9383c0fd8c928a08ec79e5499094fabdca1ee7f33154f5c672dcf,"[-0.3008659487175637,0.006491085888984183,1.1699261499671862]"
libero_90-task76-episode1-seed236,76,236,14,15bea6351abb703fdbedace1ddf199d5ad4a4a75b4a4b32db510c1b2e193935a,true,"[151855,151888,151752,151765,151767,151843,151845]",52d0ebdb46261818196851c8a24bf6559274b18556a0181916390edddaab0964,"[[0.10549122285935297,-0.00284113669202668,0.011905430824697305,0.00033174539999736297,0.0009265020394764178,-0.00033532232042965404,0.9910061359405518],[0.11039291676751795,-0.0030613039057669766,0.012851139392012101,0.00023667775792279855,0.0005675222446228645,-8.471784612851252e-05,0.9918278455734253],[0.11668993602713584,-0.006025771389843726,0.0058550254762224085,0.00030614671633255597,0.0003124458936696328,3.7281793417776043e-05,0.9921438097953796],[0.1304026009829009,-0.004016079322894939,-0.0006173995903111518,0.0002486927132694383,0.0002131502293707399,0.0006001828910360274,0.9920163154602051],[0.16159718107819643,-0.0009387607669708586,-0.004993977217594647,0.0003086198407817875,-8.421044387318943e-05,0.0011592481104170105,0.9922266006469727],[0.20364905931127808,0.005076683106395308,-0.008940672422795615,0.00023937235620330455,0.0002880266478939575,0.0007687931290654149,0.9914580583572388],[0.25981487772932965,0.012964265787474005,-0.008052459878655327,0.0002918524261390498,0.0017261106892760836,2.184472246291591e-05,0.9914048314094543],[0.3236722020093481,0.023103437474247812,-0.004095881691313252,2.200501888371953e-05,0.004742706813729569,-0.0010313190370805358,0.9913913607597351],[0.38088213062774656,0.03157782522919206,7.521573252233793e-06,1.2260170307643037e-05,0.006973914849567109,-0.001969013505881634,0.9911549091339111],[0.413660533899435,0.034496065798279574,0.0036790767397292257,-0.00011214352633448499,0.008325960523563936,-0.002530286694199191,0.9904578328132629]]",76b4522be0027c77d4de7fa0577c6298341b3c0c95043a885305933abd57f72b,9a949e02293f9b156006694696e1fe9559f1dbf156c0e936a5142bdbb5c833ed,"[-0.3028817366105398,-0.012149347236945343,1.171881432934651]"
libero_90-task76-episode2-seed237,76,237,15,06783ea8b0762ff9a5aaac6f683eff46dcbe79d2bc6198bb3613905f7b403879,true,"[151855,151888,151859,151727,151855,151798,151692]",4df2abb16fb81bee504dde865ca498a351e5de10f0e77c308399ed35388fb5e1,"[[0.13811812155605452,-0.00941868345186947,-0.0002793033172849846,4.430005123201575e-05,0.007477145951511943,-0.0056458057101096415,0.9883966445922852],[0.13526363763186922,-0.023282453003119485,0.004563630942413965,4.591638899764661e-06,0.007575091059720762,-0.00616132903359734,0.9891519546508789],[0.13261742835360124,-0.047251774666605684,0.007267909707621811,0.0004221805477677698,0.00849609086867531,-0.007016224667276916,0.9894842505455017],[0.13912020601182462,-0.06847090238434106,0.005903675957370069,0.0007088045977421409,0.009244666373277255,-0.008361794618107155,0.9892796277999878],[0.17396104918543287,-0.07760363930774616,0.0042104644866753915,0.001073313611714699,0.008539457621949964,-0.010150885651171393,0.9893679618835449],[0.23491162222868311,-0.06777703741533969,0.002849397658877706,0.0009189463513163965,0.0071989810497541384,-0.013495509511653125,0.9890202283859253],[0.3238148776463987,-0.04642030518901663,0.0049409861334481775,0.0007491958877208216,0.005498948710254581,-0.01789640325747044,0.9889361262321472],[0.42589029043941906,-0.019981636025612204,0.0023761065583300933,2.177431697614196e-05,0.004146545536116264,-0.023336314792356205,0.9888272285461426],[0.5174883142940523,0.0019646174902021585,0.0010279804309050178,-0.00017880714954809918,0.002702572672959036,-0.026960882917753892,0.9887847900390625],[0.5698927402831018,0.01085771244632383,0.003289217665212618,-0.00026389924113900953,0.0030725555277228978,-0.028565645967816522,0.9880502820014954]]",f58f0a953c1837d609c1761d769e829d285edc449a7e1b209d770226c86f9374,c6bb0d405cc27c797373fa733ee01d425c021f14f606eeaa3fcd2d67df95ebb3,"[-0.30717203248436087,-0.010792486093431702,1.1607702795029688]"
libero_90-task77-episode0-seed238,77,238,13,4cfdf80a541ab752f550892363c5e2530b6989efd71e3f023f0e5657c9216d5c,true,"[151855,151784,151747,151856,151847,151713,151788]",9b63ec49d171812e8e25fb69c00734525a7f2919b2fcdaab224234df0b8361cc,"[[0.06287941338235115,0.012609107782068918,-0.010529593860951536,-0.008811857092626774,0.0007747531599733293,-0.009910778385119556,0.9892135262489319],[0.07233374913736945,0.010105166969935908,-0.007294473369910293,-0.008119225369544791,0.0005360026488148151,-0.011849150572217582,0.9900146722793579],[0.08585853429385004,0.002805721845859921,-0.013602982898390792,-0.005406161708356283,0.0002773115742087384,-0.01458660168674264,0.9903080463409424],[0.10952931420327872,-0.0003287909862592642,-0.019230112680247657,-0.002339404338622453,0.0002714823357905516,-0.018156419667153756,0.9900606274604797],[0.15062184004020196,-0.005929217611750914,-0.023983171864784936,-0.00042360955771680864,0.00019047876206457204,-0.02326083219328723,0.990254282951355],[0.20294768848161837,-0.013310764196816649,-0.028961628564672992,0.0002439587101259466,0.00019570223635412276,-0.030204726094401835,0.9894423484802246],[0.26876185856583845,-0.022637531164733105,-0.03070299909751384,0.0004646389268383455,-0.0009834424664347807,-0.03898941118257859,0.9894757866859436],[0.3413790784874955,-0.03378283011876704,-0.029428749626646322,0.0002536205060152952,-0.0023422309903224914,-0.04860485393894187,0.9894580841064453],[0.40429294245964087,-0.041726582089012254,-0.0298615805627378,0.00025412805021196583,-0.003956493087542867,-0.05477098142634773,0.9892637729644775],[0.4374800372684007,-0.04534130134402403,-0.029625808646244423,0.00011025311257029102,-0.003745846059729274,-0.057453626261082746,0.9886363744735718]]",1f499d291d430ef61012e3844a3854b4f329ca1b165d551827d18057ab88d8f1,ae345a2f38779919d020468b6a7d991ffd621726f1282c921c9bad248f8f5fcf,"[-0.3018867985483772,0.00021411900224443985,1.1770653776568427]"
libero_90-task77-episode1-seed239,77,239,14,d7dfe17b73f65c0049fb1d99bd9e8480c19f190b7f066cbe8403e831e48f9303,true,"[151855,151784,151731,151908,151835,151845,151846]",afbcc0cad91034f4e33d683b9ec0d153fc1be546d46da171d3f6fb2f428ece73,"[[0.1733163601373242,-0.008209403755543576,-0.08884354559353369,0.0003504783948926615,0.0003881664097491466,-0.002476453417669333,0.9900100827217102],[0.18434237927907304,-0.017437156976498613,-0.07163929396398316,0.0002563427885247105,0.00015763840184490618,-0.004465627601909716,0.9908648729324341],[0.194093234914682,-0.034897452263003004,-0.05611520390053215,0.0003634807544037333,0.00020457022597497598,-0.007366954919371338,0.9910443425178528],[0.20731916052201882,-0.04966823283584887,-0.04241280407561021,0.00039968249774080533,0.0004051178747914719,-0.011314634973555115,0.9908037781715393],[0.23284167772951747,-0.06340382775917419,-0.031045900356332368,0.0003581746105294492,0.00028149233975227617,-0.016927928204765408,0.9910463094711304],[0.262330330436761,-0.07472234952103918,-0.027888642475971892,0.00023272814126507058,0.00028339900717355704,-0.02503065027715934,0.9905040264129639],[0.30133640166057774,-0.08587646336351895,-0.02727988353734645,0.0002910495835006799,-0.0001035253820731441,-0.03465862980629808,0.9906376004219055],[0.3435201842264277,-0.09609830025414823,-0.03322392397305407,0.00019762453900806776,-0.00025503592814857257,-0.04476684257914165,0.9905804991722107],[0.3795868371431119,-0.10181337167878723,-0.04271295188129898,0.00035937426044885257,-0.0009537103713341821,-0.0509624969731739,0.9902346134185791],[0.39577266419359347,-0.10318644430228119,-0.049389206629228966,0.00019498530918538037,-0.0004996653305227028,-0.053537943044878133,0.9897078275680542]]",20adaab6cae80a6010c11f9c3b43f8e5ace893f2a5b8123aa9761b22b8e2bd76,d4bf690e7daef034ee3069cd0c15d2c21046cc7c675ed091997fdf213ffa2ed3,"[-0.29334238629670023,-0.008174782363711377,1.1739487261257047]"
libero_90-task77-episode2-seed240,77,240,15,3fcd5fa9e138d61c576fae8bf48791256d87937fae50d49ea17f2cca586e8e24,true,"[151855,151784,151731,151690,151838,151760,151738]",18d872366ccd9447753bdcc52f5a56c34a5058cd727b8137ee062a8af5d090b0,"[[0.11773563543631127,-0.021337437617674482,-0.0538427732334128,0.0004400276473379705,0.0007514461368600678,0.0012784410097896881,0.990511417388916],[0.1273779834246831,-0.016279229130304884,-0.04930386352930327,0.00028662010687519057,0.000365723345311153,0.00017926542300017445,0.9915810823440552],[0.13763350115273099,-0.01215652630392583,-0.05186453874185304,-3.104719178281812e-05,0.00023122384763496484,-0.0016469868499626727,0.9916730523109436],[0.1551083531419124,-0.00334666029452535,-0.05456919972183982,-0.0005162778999525663,0.0002845708131928859,-0.004133309565354182,0.9914940595626831],[0.18726343339529805,-0.006580801865823105,-0.059777749718648465,-0.0011343283103528723,-5.020820819368055e-05,-0.008164686611515037,0.9916368722915649],[0.22276362165398922,-0.02732905054262602,-0.0754637350420353,-0.0017509668250788035,0.00032818583045468586,-0.014729202799163232,0.990563154220581],[0.2669103419912169,-0.06105112378310906,-0.09412564463423223,-0.001807156581688396,0.002281715561949227,-0.022648682161422684,0.9907943606376648],[0.31456568226433035,-0.10467226549891961,-0.11677776731431777,-0.0016169197886999331,0.006018326901923388,-0.030761265247626568,0.9907062649726868],[0.3540492224517422,-0.1417729009830282,-0.14077757930493817,-0.0011678539115620445,0.00866924010387038,-0.03587001886522856,0.9903174638748169],[0.3707592235475019,-0.16134999948096862,-0.1575667456845622,-0.0011621786446356364,0.010052368429057879,-0.03817729026914485,0.9898869395256042]]",7248677a9d0e93930690d9d2866581dc9a26458a5e13dbab0abc6f05537c0d72,9982b421b4467194beadc359b232bda95e96c5fe5c529f898a9e6b43bde3f9fd,"[-0.30193863235173635,-0.009536917323073305,1.1722744854594633]"
libero_90-task78-episode0-seed241,78,241,13,de3a03a8dfc90f0f00c0798f695d14ed03415c4efe50d9693cb49802d8bb9f9b,true,"[151723,151919,151742,151715,151838,151884,151715]",5d71a776ec31ae360e00c9f111a61254a09aae1a2b2eb1886cca2b33464a97cc,"[[0.3006107512515932,0.02786501471554459,-0.06800808975773975,0.0002607353528449874,0.011622747383910337,-0.03689507779983359,0.9877026677131653],[0.3147145381579364,0.024811578357386566,-0.0663386302054505,0.00025451562941669614,0.010504745135875737,-0.04397569737060536,0.988822340965271],[0.32565164989466666,0.015788412547337316,-0.0741170831716147,0.0004022940433345834,0.008446706196352238,-0.0550154672070704,0.9887852072715759],[0.33829769085834727,0.009125279370607586,-0.08336782746624749,0.00044287912291562925,0.006337564597714618,-0.06969658947517132,0.9889196157455444],[0.3596558629094311,-0.005152892436299794,-0.1001848409226227,0.000540309152523788,0.0038755207066287767,-0.08524175734991779,0.9888720512390137],[0.3779876516147098,-0.030664973325862377,-0.1272194928601209,0.00018536965367754732,0.0014702597546829566,-0.1014947102500443,0.9882324934005737],[0.40326913881654747,-0.06765439771736936,-0.15689994470164947,0.0003297982758974083,0.00010787636826137259,-0.1167291906991732,0.9884799122810364],[0.42682986601460016,-0.1099689884678412,-0.19393546473850165,0.00026976041146942187,-0.00025177870463721774,-0.1311345226778151,0.9882508516311646],[0.44239413583436615,-0.14463543350711205,-0.23208759795096512,0.000514802749622012,-0.00117839921026075,-0.14064570439252932,0.9881349802017212],[0.4369066860388173,-0.16301488591150104,-0.26153407974567244,0.00042259581120140943,-0.0008946533340719043,-0.14454391097325292,0.9879400730133057]]",bed5c6a415911a696be88042a55919b6621877b9b139917fe7eb67a0a232a697,82551ccc84daa76b9263c471a010843e95a9963180ad4662d5e2655c55c9e39c,"[-0.3131613753866137,0.01137819614668588,1.1501904711302406]"
libero_90-task78-episode1-seed242,78,242,14,d8691bb63fe0f0e78979be370c72c1df1268e5db3a985230ddd4c2e942f3e3ad,true,"[151855,151665,151909,151889,151869,151770,151839]",6aa2669fd6f7fcc9dd06bcc70aa12447e3a1331972820423e3ca54003ad84471,"[[0.2666725786925923,-0.01855480283246891,-0.018109185937845496,-0.005623741291430839,0.014622769404581959,0.0005483704674311696,0.9910852909088135],[0.27593563550722067,-0.02152716271666577,-0.011819514137755505,-0.005392577980038116,0.015754714158134675,0.0004704927834140449,0.9920569658279419],[0.27843819796526503,-0.029254693673230747,-0.01246616694160707,-0.0040662634852983714,0.01836295574597102,-0.0001249665002180933,0.9920704364776611],[0.27782026059910336,-0.03213787968594062,-0.014448168978844933,-0.002660079990155273,0.02148111170228617,-2.0499922150918337e-06,0.9920390844345093],[0.28251884479004374,-0.034245714260876525,-0.017734233239707464,-0.0012818667942868789,0.025110612027646084,0.00018377491887910935,0.9919877052307129],[0.2825266142554277,-0.031441349750664926,-0.026922403514817006,-0.0006581688011890741,0.029703436206489187,-0.0007399419838574062,0.9916235208511353],[0.2854940202958183,-0.026586908684578248,-0.033632129356959695,-3.962007466840056e-05,0.0345782088302542,-0.0018979842678881198,0.9916813969612122],[0.2883802001071949,-0.017202434946952394,-0.04161184570529031,6.104900972214722e-05,0.04011004685295916,-0.003595669129298429,0.9917099475860596],[0.29034746405816136,-0.0075074926383678076,-0.0513271993647777,0.0003250827289065228,0.04355003238109134,-0.004663596342155074,0.9913668632507324],[0.2861630772126311,-0.002186477476868731,-0.05969453610106257,0.00013563032240382356,0.04449567983868974,-0.005032589116979125,0.9909090399742126]]",d0d964aae1034988d84ec47fedcb72362dc12bf51ea1f3ca325901a94ae271c6,2ce42ae7ad22dac625b76a6d961d72cbf3fe60613059d0e82d1b620f25488f91,"[-0.2993370609878052,-0.014070606759293527,1.1632366566760053]"
libero_90-task78-episode2-seed243,78,243,15,5c18aec98cea8fdd543e56f5280b1461d94285d3839da683143f0f9525401a36,false,"[151833,151699,151741,151828,151885,151910,151676]",0459d55cfe94025eb0e5355ae2aec105a9352fddaddbf0bbe435d4d798bab444,"[[0.09597671789229878,-0.00560337423536339,-0.03281981374749421,-0.0015653071579366795,0.012341997946350602,-0.02520622123081928,0.9914929270744324],[0.12103209599358777,-0.0031844048479001685,-0.01176747832570868,-0.0020122413494485514,0.01220271191900224,-0.026036398839369923,0.992788553237915],[0.14706739791642676,-0.003995477083620358,-0.004859000798518309,-0.0030981090880346507,0.011573193892076006,-0.02866773646373133,0.9930490851402283],[0.17280216279191407,-0.0024750113254157213,0.006455048077043557,-0.003670738906871085,0.01125287376530082,-0.03107556401226752,0.9929201006889343],[0.19463674433404066,-0.0024953060685817263,0.019989382603455397,-0.0044206954399479415,0.011901796105462381,-0.03259131597562437,0.9929937124252319],[0.18013715614001313,7.259393413505677e-05,0.03840328940623294,-0.0056606720527958565,0.011878935957525982,-0.03387466985260623,0.9927080869674683],[0.13881490133798735,1.2939689071345128e-05,0.0403101043362426,-0.001813966902000086,0.009295312226655028,-0.02732903367052586,0.9930048584938049],[0.10023637143373598,-0.005547717439711164,0.013509586251899464,0.013338718949220674,0.007137123594716854,-0.005983624957405453,0.9934353232383728],[0.06888326775779419,-0.0056303313942152045,0.004255292820033674,0.021908464288860063,0.004785596900148903,0.002967743073881479,0.9925880432128906],[0.05838552811746389,-0.005780081999091635,0.01074022177004963,0.02258349807043203,0.005552454564764275,0.004482522033978142,0.9920410513877869]]",de8ba1748a4f1df4d472c0d6cb96bdd390e408a218f11b37925c5b63656a2107,58489735d420d17c16c99d0540176a805e09eb6193f3d1b3d47fb69d4af836f5,"[-0.3017531854569005,-0.010514172076450931,1.1811891810951813]"
libero_90-task79-episode0-seed244,79,244,13,152db94bba6cf08f66f0f83fff807250e2e55baf6eb4c00ac8fa73ff769487bc,true,"[151855,151727,151675,151696,151876,151853,151918]",54b82203381bacfb1267f9bba3256f4c946ed8e65f3fe75846ae1b5fa09ade82,"[[0.22906668873609348,-0.00035431316327105833,-0.03214575068378167,0.0002432942886321232,0.0005132517370327605,-0.037017227132189134,0.9894283413887024],[0.22641827222334143,-0.004241166474372449,-0.01903076037197593,0.00023626249448915893,0.0009767109482368141,-0.036947526417877796,0.9903935194015503],[0.21723705966338258,-0.013863027207818845,-0.006705480395567065,0.0005630563606109362,0.003379409815835288,-0.036395870992555146,0.990430474281311],[0.21038174251336272,-0.019191166029166595,0.0028087190859764632,0.0007604725969632131,0.005833320578702228,-0.03463836514224461,0.9903890490531921],[0.22135258079300968,-0.025670416532967977,0.010537156518211077,0.000877143165663341,0.006090085124768052,-0.032797162299956995,0.9904822111129761],[0.244280361430409,-0.03386605906548823,0.013717620295864208,0.00021680048156591525,0.005016780324979209,-0.03194138722102302,0.9899399876594543],[0.28552439184231915,-0.04355172524146411,0.01716809151378129,-0.0014053292271460904,0.0019427756361380943,-0.03132725375943579,0.9899855852127075],[0.3338159453831224,-0.05351157544758678,0.00988706378134907,-0.004559965567514368,-0.0019114830420647877,-0.03266934335245075,0.9899625182151794],[0.3779216111589463,-0.060800668202674046,0.0006370839162741504,-0.006996639115348646,-0.005709226906233766,-0.03356231709448565,0.9895772933959961],[0.40116237764618745,-0.06426758432816371,-0.005382307432995503,-0.007853908947754284,-0.006235774961851348,-0.03366466955281666,0.9891288876533508]]",dba9dc7f22ce3d7a0c8105adef5fd700736c81dce64aa3acf7a5fa0834b2463b,d4e13b49adef33179cc9f04d3e0f63263a02da4e03c39c2109bf98b51c77c49b,"[-0.3019045600197532,0.0007699652656277955,1.171461115014284]"
libero_90-task79-episode1-seed245,79,245,14,5d0934d23ec2e7f85c98adba816986fb7a8935407abaca8844f7e0a8bf7b284d,true,"[151855,151727,151753,151743,151677,151745,151708]",165bfbdc2e9dd190d929b59acc07a07ea02737d6d0f80974b93016fc965fd87d,"[[0.11288457548721098,-0.00866593297807583,-0.03308037502250727,0.0003493341134310768,0.013012012794860084,-0.02512997145610285,0.9873963594436646],[0.10965804011838998,-0.020725571610960003,-0.023162338325960263,0.0003482821127325231,0.012901485667782708,-0.026334100413784256,0.9882733821868896],[0.10335991724153004,-0.042298422352260445,-0.01739832105113237,0.0004783241639958469,0.01306790198364638,-0.02785277138692166,0.9884778261184692],[0.09932888904795334,-0.06158252830807953,-0.014925118420848094,0.0006306058791496483,0.01279389798631314,-0.029142524631499356,0.9883863925933838],[0.11196398212859293,-0.07566139138727834,-0.013147219075563044,0.001149029977781657,0.010589035724791529,-0.030582606879775653,0.988463282585144],[0.13587663079278656,-0.08235107172804845,-0.015156139953660386,0.002440905291758222,0.007454762470430865,-0.03319223904679447,0.9877183437347412],[0.17666623576911533,-0.08508737709956193,-0.014884712858503235,0.005043019791554526,0.004492337547972625,-0.03603898462367994,0.9877410531044006],[0.22502171082057743,-0.0813546818375599,-0.019817522193363857,0.007260674176410964,0.0022836917432869086,-0.040177392028461156,0.987722635269165],[0.2697205929363413,-0.07529429228299023,-0.02599449523577846,0.009223384497241582,9.643273827464327e-06,-0.04287294786799478,0.9873964786529541],[0.2941745437854095,-0.07094276110247932,-0.029239553311072086,0.00959684474522815,-3.028120076464802e-06,-0.04385369773105907,0.9868490695953369]]",d11b35158200639e1b3c42d15bbe21479a03cd3e1a9a6da0eceb5c41c414786d,b20c278a91dd2ff2f77484e5e94f728871ec66f10e551f475d9df549acecd0fa,"[-0.3076956412118682,0.007628442245554496,1.1746031104333843]"
libero_90-task79-episode2-seed246,79,246,15,e3155e1d9ddd87f5a95ac394d604aa3fcadac4e310abb8eb67247cd6d712446d,true,"[151855,151727,151843,151702,151914,151719,151842]",3fc5e9885b18d2ef24912e4caca6509fc4ff7b8a10e2f771e7f93c47152093dd,"[[0.19426486946816368,-0.03295300062042372,-0.022076247730552723,-3.962007466840056e-05,0.003789204283577874,-0.03194043292936399,0.9888513684272766],[0.2120573866442932,-0.03219389522705285,-0.011507408469697111,-1.0743999503404211e-06,0.003072426430449582,-0.03487416874003024,0.9895879030227661],[0.23202385320847796,-0.03523564673308499,-0.007012344260942882,0.0004991611602882529,0.0018833015153774113,-0.03895200669186494,0.989752471446991],[0.25113973989187954,-0.033550619307440854,-0.003805726071988147,0.0009705866663085594,0.0008642672231786719,-0.04392455856464217,0.9896031618118286],[0.2742734113619534,-0.030860745848322324,-0.00023070743824860074,0.001339986560721762,0.0003044915155214767,-0.04905784309136152,0.9896261692047119],[0.29388195278220053,-0.0260161959070615,0.0022868867085037436,0.00030569454059370393,0.00021741043939016436,-0.05458902981669311,0.9891500473022461],[0.3160805514354408,-0.020746840091803165,0.008235950538448833,-0.0026525960202734566,-7.561057935845383e-05,-0.05954401149598354,0.9893462061882019],[0.33405927091264687,-0.013406907980098026,0.009320075457850407,-0.007656317377952249,-0.0002555225255633786,-0.06470227601024803,0.9894848465919495],[0.3479121394028404,-0.005590151902694629,0.007920077324712338,-0.011727034081005838,-0.0010015955291748924,-0.06804794772039457,0.9890875816345215],[0.35137670293842405,-0.0012845913904158124,0.006417918641375309,-0.013072533746379733,-0.0005864683509884117,-0.06912689606633293,0.9885315895080566]]",d35ee068563898b5bde331b781df9d03cce743999d7a76b0f80de462d475e074,1604ece681852e5e932b8c5a5b90af61bf8ce81c5bcc13a1fec2cce2de7352af,"[-0.2985445672536086,0.005466537522767446,1.1733196544714346]"
libero_90-task80-episode0-seed247,80,247,13,052c515dbda60f03464361994d858b075ac06cd4cde33dc1c6a21270207a28db,true,"[151855,151916,151914,151730,151743,151889,151684]",19e9d9680761cbe7d06c6db803a2d6bccd283a36c39a672dda28b9c2e8374acc,"[[-0.028549006574525748,0.13552965219822966,-0.07402540622678089,0.0016642703900890954,-0.03042426432675427,-0.007469026703684989,0.9859763979911804],[0.04846052168106141,0.15195014939358487,-0.049317787067678864,-0.0007954733485029397,-0.027953322654369117,-0.012301896473822183,0.986754298210144],[0.16154720928947697,0.16980562842896063,-0.03112905937180699,-0.006875437561183695,-0.020573655775336874,-0.01964782783740482,0.9871326684951782],[0.2853247695555794,0.19058068051656107,-0.009602668419915972,-0.013787589694878255,-0.012484172365375912,-0.029999759215323607,0.9868000149726868],[0.4006138357322051,0.19221737980380738,0.009054654594933709,-0.020953883049960265,-0.007441394536229495,-0.043326479656847994,0.9869240522384644],[0.4911126568137689,0.16214733534617665,0.016643092213854516,-0.025465194256105494,-0.004081230845244477,-0.05935906603014374,0.9865260124206543],[0.5589776126018329,0.11176645542619212,0.015447032966335428,-0.025783156853205202,-0.005522472804543099,-0.07594444923643273,0.9866719245910645],[0.5997250152548261,0.04168142986607393,0.007813876218278892,-0.023364773352603674,-0.009459820473963987,-0.09223980262478193,0.9865520596504211],[0.6236487883808195,-0.020219791761704187,-0.006792570763053618,-0.01954437744734805,-0.013776833293647428,-0.10246281107072619,0.9865648746490479],[0.6260463747668013,-0.05753787824392731,-0.020772840732263376,-0.017506587497715387,-0.014647495096568264,-0.10661581352441019,0.986437976360321]]",40b4a91fa3bb7f87c7f787a95d3ee219f29f482b9b42a8d219aa06b6b6e0c64c,9cf046a2f44c30b7e4c4d195a7fe2d5f2cb56adafa942e6b638e88ab3aaa8ad3,"[-0.2904654996709508,0.016174833343596724,1.1877233286481634]"
libero_90-task80-episode1-seed248,80,248,14,38e91bffdc9dc8ff4ff9012e72e53cfb90ad5fe8bffa1558cb39b9433ea96322,true,"[151855,151727,151869,151793,151772,151721,151900]",9f291c727e4857ccae5f752017586ace4254b52db63c9748e04740c0d0661904,"[[0.11711805122766705,-0.05329356070660651,-0.02029479924803468,0.0003571041536782893,0.0004444726820338474,-0.0275886010017814,0.9875723719596863],[0.12737718882026883,-0.05456731208703047,-0.020701038955934337,0.0003058975582723722,0.0007621314188668293,-0.029618454206937983,0.9884083271026611],[0.14228184868681382,-0.05917257880646787,-0.029792672698306433,0.00042444142646203,0.002646584178577882,-0.032503053352964884,0.9885087013244629],[0.1624289553211753,-0.05861811207335421,-0.038258675449668544,0.0004508337246889038,0.004741107993652349,-0.03603995762694012,0.9884982109069824],[0.19694983778397201,-0.06001732186607711,-0.041812563066343955,0.0005319392873168738,0.005641521752792755,-0.039842660195356316,0.988555908203125],[0.2389608380344086,-0.06399560402012838,-0.04110841423931788,0.00017096462656840394,0.00588146393108957,-0.044548160096415046,0.9876720905303955],[0.29345789889312,-0.07001929903907467,-0.03183926903318479,-0.0005582379629027745,0.005017048450085326,-0.04987492257910198,0.9876155257225037],[0.35218552194276853,-0.0758612126085012,-0.018350472667577833,-0.002111184783570419,0.004011648816060642,-0.056406094693487674,0.9876529574394226],[0.4042040350546223,-0.07895134350228261,-0.005739241434412179,-0.0031203487519251283,0.002608242288403062,-0.06069709520570754,0.9873256683349609],[0.43221286947436255,-0.0796602757806042,0.0038696381080853826,-0.0035421825758925607,0.0029459011720405215,-0.06247183444068405,0.9867720007896423]]",684ec032bb11e69f9a19fa17d57f582fb9ee6ad9e81ccc869fe4c0df981e1cfc,e9251b146df3048fb3acd7af04dbcb10a4dd62f9e81c010ee2733f5dfa8102b3,"[-0.3064396350402561,-0.0043946578855969575,1.1794232093085308]"
libero_90-task80-episode2-seed249,80,249,15,2a8f574a203e84d67a9875e14a84b66c1115b61afeab5ea4ebe05420e12de229,true,"[151855,151800,151814,151745,151817,151666,151776]",101e75f66570b6093060cd51f6a6b9aebea78c0c109cbfffca7031092c068b6d,"[[0.08035806181484517,-0.004942667596736783,-0.011922384515401063,0.0004986628441678853,-0.0013648752562858135,-0.04335058019913873,0.9864766597747803],[0.11577587608259066,-0.0029972422164803447,0.008658461675508988,-1.9659745624789338e-05,-0.0014169411796700615,-0.04407310996623082,0.9873044490814209],[0.1641453008559921,-0.0033762824196514885,0.020522080801072207,-0.001143021158230395,-0.0008011074637153115,-0.044974092273561084,0.9875516891479492],[0.21871440584826374,0.0008263693949572826,0.032719537234982,-0.0029118772801617343,0.0005335100783838698,-0.0446161393434199,0.9875013828277588],[0.2778263525662794,0.0037803820113424536,0.04528359224400447,-0.005769664862011803,0.0034019323247491684,-0.044152035499912756,0.9874866008758545],[0.3317340818177428,0.0052277661944089004,0.05563243959852571,-0.008907293857753462,0.007857456588141076,-0.044329084670064134,0.9867086410522461],[0.3849202219716723,0.005150379673750649,0.06727623062408838,-0.011013334659723872,0.013863439104056852,-0.0439762961418424,0.986720621585846],[0.430297872835979,0.0045860218158111365,0.07293945240149924,-0.01295421135202135,0.02098271678281094,-0.04441676723308774,0.9869309067726135],[0.46561309484490465,0.0048854205268611395,0.07473138448938244,-0.013832059794582907,0.026158305914520952,-0.044698152291292814,0.986769437789917],[0.48169641792594575,0.00444262613051194,0.07567894952848064,-0.013945841975400164,0.02825857952353772,-0.044464126295617135,0.986000657081604]]",615f5278b68af44a0aab31e8794ea8ca5dec8a6142cb0aab08abcb43a3bb3b9b,f94541283a590c8ae5c0664b0392dc4cd19346f08892e98d066e6822d8e58c48,"[-0.3016128072810114,0.006712592819183318,1.1784167071981344]"
libero_90-task81-episode0-seed250,81,250,13,5708b55695b97189b8713c450982b19f7d9110ef08fe2e7a003d7ebbdc3bf572,true,"[151855,151727,151731,151865,151893,151861,151871]",7031bd646b6457310c2193f841111ef90957677b6566a6e2193519d7b16aa6ad,"[[0.21071724215494214,-0.003640421576918129,-0.017397720427908325,-0.0025693034035616513,0.0009078226570835568,-0.03667358857693337,0.989484965801239],[0.21291520625418414,-0.00815528444043423,-0.010278915568079583,-0.002408421121293358,0.0004602920632947871,-0.038538012516257325,0.9903062582015991],[0.2099975954237543,-0.018824374420987056,-0.009556038216885554,-0.0015400499130950873,0.00022464981725534017,-0.04118684548770091,0.9905142784118652],[0.20911452505136552,-0.026018707125281537,-0.008054370952550016,-0.0005578780679269535,0.00026578219464568065,-0.04376027070648014,0.9904880523681641],[0.22135028526914624,-0.03346462289574248,-0.00408971165273897,0.00014526443406426282,0.00011608894095616051,-0.046356299539457524,0.9906527996063232],[0.23987948902668066,-0.041574474013970075,0.0017571370248958829,0.00018107859819660455,0.00020260397519678008,-0.0495853231279888,0.9901524782180786],[0.2709486982032807,-0.05103725676057991,0.014014546576987641,0.00027480816920721907,-0.00019886868369667354,-0.0532868520689469,0.9900990128517151],[0.308321945645158,-0.05977978112220228,0.02759654874654416,0.0001768798234786928,-0.0002925635124455539,-0.057651520154923475,0.9901717901229858],[0.343090479817068,-0.06554779312686776,0.038835519719100375,0.00040984260975052145,-0.0008651893640774233,-0.06052629571034274,0.9899106025695801],[0.3610503053670904,-0.06814777522357929,0.04654632066939257,0.00035998331348485735,-0.00032904838799652225,-0.061570534036134106,0.9892645478248596]]",e3cb82b4bd959d329c1bebe23801ca3e63b59dfdb68b06407f33abe7bd4cc017,45fe68bd581b471af9f9106c63bca6eeed604a91c1477b7255b1d1e378c98136,"[-0.29548372368729,0.006208221713659487,1.1744367903152029]"
libero_90-task81-episode1-seed251,81,251,14,a9bc28ac77971b2a9b70dbca3a5119f61997b1d4854c931eac28eeacba7092f5,true,"[151804,151894,151752,151910,151781,151789,151686]",47367dc5196f22e25a130cba30d91fc212fb01ca6c133a5828905c998861f4b5,"[[0.23790198350770808,0.013999605185048836,-0.08459156998418393,-0.0014058459994190642,0.018599481811804708,-0.03418977321609695,0.9864113330841064],[0.256539783201859,-0.025699269917822676,-0.06991768939542453,-0.0012425551892356612,0.02106094973044037,-0.03662518166473916,0.9869472980499268],[0.2726877341085938,-0.09016680281842326,-0.06052110286157131,-0.00046671390212860153,0.026224264690625887,-0.04056693014135604,0.9869351387023926],[0.2864480753292149,-0.1605822329472062,-0.05154528019721738,0.0002307533329362066,0.031139752608282834,-0.04535831629172726,0.9870587587356567],[0.30664515375229584,-0.21880164991895157,-0.04175331977560859,0.0011032494912419644,0.033226679545350635,-0.04967891855697815,0.987073540687561],[0.3239255925281199,-0.26763131446987387,-0.03252763785005186,0.0009902978372919868,0.033566463568718063,-0.05449120556584219,0.986750066280365],[0.3490832097307113,-0.30912437811693394,-0.01773412403548491,0.0009465013871574612,0.03146136370779118,-0.05864838070658429,0.9865421652793884],[0.37243733978105453,-0.33567687208986285,-0.008239089894999552,0.0002920831280466274,0.028141756421746322,-0.06334293432096594,0.9865657687187195],[0.39307860207171075,-0.3520445824532459,-0.0010062212247134994,0.00015010917412339175,0.02405501341542049,-0.06625672356479839,0.9864085912704468],[0.40078767752017086,-0.3580910834335782,0.004155207150063234,4.88679490020516e-05,0.02259367200372253,-0.06726262181981824,0.9860140085220337]]",5f9320af80c8f5856aa989351ebd806755109bcd3bf73d6001e27ce2d6dd5392,5cdb05b1d0550a08d99cefb1da1aa3995db8ac1294f5dc00be6dda19a00cae75,"[-0.3043241522351793,0.0061254418484108526,1.1549779634778115]"
libero_90-task81-episode2-seed252,81,252,15,9d66abbb691865da9919552fcfaa55e44c7de72ac1d310b8dc66a34659f0435b,true,"[151804,151736,151846,151795,151757,151752,151718]",6cd3cff321cec6c7f1cb4bad93f6c3341dfcf9cddc3a4557130afc615f641ed6,"[[0.22121158265416696,-0.01694003826763435,0.0062620296136799425,0.000284322315875718,0.023641405612835342,0.006733920596838416,0.9891517162322998],[0.23916425676446096,-0.03194149217126352,0.006749189650491871,0.000269861920308756,0.02128327509620931,0.0035967335467876893,0.9898711442947388],[0.25800088414093736,-0.0577763927254793,-0.0020900731335586897,0.00038161392433933017,0.014867001584576656,-0.0012416561456909392,0.990114688873291],[0.28168636423203,-0.08115783307871993,-0.009394197559061013,0.0004567858339044051,0.008261511192500848,-0.008192117818811795,0.989932119846344],[0.31326835812397036,-0.1047416571207549,-0.013954129076012123,0.00037551416590297926,0.004076088216564244,-0.017214421530086454,0.9901691675186157],[0.3455967504290456,-0.12644514245884864,-0.018207688146588907,0.0003385834045379621,0.0012347466059168255,-0.028709351064705402,0.9895803928375244],[0.38338778321406863,-0.14863949408493227,-0.01678366508448903,0.0002628670384710041,-0.00022841209816704122,-0.041581978369341854,0.9897198677062988],[0.42252037311851254,-0.17079996988972113,-0.007276072458409999,-1.4584303658082831e-05,-0.000514968322690379,-0.05450213314091812,0.9895661473274231],[0.4556971380698869,-0.18580075755178171,-0.00029617536966952684,3.892008274730685e-05,-0.001226661729361922,-0.06261290120180973,0.9894000291824341],[0.4702708893425793,-0.19161043527915922,0.0023864263573614153,-9.861516647413637e-05,-0.000754215361823185,-0.06608274309723683,0.9888633489608765]]",53fd72dac39059fd407b65e8cd7ba2a95ff9cfc8191b3ffdb96e9c30188baa54,0c9a5539d61c2f427fd4ce7d41abe7a1c35f83f3378c15e7acf02693ea89f9c1,"[-0.2967445863550267,-0.008871938860594186,1.1676956347609373]"
libero_90-task82-episode0-seed253,82,253,13,4ae7aa601b9e13aa791901cc9a9123e62834181c79927f880c165fe94e9bb3bc,true,"[151855,151884,151863,151767,151903,151749,151730]",0237782b719380c908a5e97904046ca29afb7af80b6439d180d414fbf736d569,"[[0.1275972942430208,-0.049758585442418735,-0.020604557025308168,0.00042835413081454554,-0.004734929784518727,0.0003454618644802565,0.9894477725028992],[0.13653597587786948,-0.06385651328034925,-0.025987997584536515,0.00034687021705814836,-0.007550789579525485,0.00038614088539645763,0.9902461767196655],[0.14651550100602861,-0.08816756561916606,-0.04128379622073908,0.00035331141431771407,-0.01457847770814169,0.00024988300576822553,0.9904758334159851],[0.15851287989952922,-0.11055502480143531,-0.056854571089331785,0.0004308364833400802,-0.021276213067281446,0.0006307202241249144,0.9902468919754028],[0.1761205191152726,-0.13001619726644265,-0.06887680934815421,0.0005886089038942277,-0.024953588619922584,0.0009550484069862364,0.9905222654342651],[0.19339989841854432,-0.1433979154181486,-0.080559477076946,0.0004541558321580208,-0.02553418871082158,0.0003244113131781745,0.9897277355194092],[0.2147789067631578,-0.15351453739029353,-0.08512055523823392,0.0004888626271339902,-0.02329307990717666,-0.0002700001207891489,0.9897638559341431],[0.2351770201030483,-0.1575893733224376,-0.08455433134429313,0.0004353766968812067,-0.018358594829223307,-0.0010089025388939632,0.9898291826248169],[0.25525623220467963,-0.15723078161048676,-0.08208396802379525,0.0005455968402454658,-0.013950876279196223,-0.0012264997487534401,0.9894793033599854],[0.26633769707666843,-0.15506877647109008,-0.07920512630883536,0.00039266915975044725,-0.011520967678606553,-0.0012300923761756621,0.9888731241226196]]",2871d0afac463358a67f561130d1270826a7d37b38ea396fc6749dd1c1196748,bfba676380516729b6cd5de9d4fa27f1916f05e7e0354163f670bf87d5fc3eb1,"[-0.2958321661614346,0.0025350040674991105,1.1756059873935625]"
libero_90-task82-episode1-seed254,82,254,14,116eacb734d0e7f5800762b04fc6bb880d8ea1e487f9a96c9fc29bcc917bbceb,true,"[151855,151688,151843,151889,151887,151760,151861]",4c448281a8a4eb67d3ffa11249daa2f07dea2ff4449937665b2dd802603c6be3,"[[0.18926460046793991,0.00048258874556950104,-0.011902673153230126,0.004127280867692429,0.0005649899519539758,-0.00027276943776044504,0.9885105490684509],[0.19109113114820175,-0.0011846551551286666,-0.00980562446753197,0.003666698351328268,0.00016427201558144588,3.245420031916524e-05,0.9894688129425049],[0.18890464466827694,-0.006066258377472877,-0.013316594824743788,0.002708676381845354,0.00040101655372382083,6.141975891083007e-05,0.989701509475708],[0.1903134782947724,-0.006090858066158944,-0.017446698521723647,0.0016833079115023963,0.0010018749859739273,0.0007118911499457425,0.9895374178886414],[0.20730088462049068,-0.006600994110286251,-0.020929876404295555,0.0011115363037621506,0.0016999734567093583,0.0013816542017739408,0.9896185398101807],[0.23341405777592783,-0.005467358456670013,-0.02443587796938118,0.0005908697825884879,0.0028486809946741687,0.0010442466097035918,0.9886550903320312],[0.27426272834705046,-0.003966777446819947,-0.023268484830282432,0.0004547556571177225,0.004312554699041016,0.0004889611337564048,0.9887214303016663],[0.321623800118747,-0.0004836665262786255,-0.02271771333383299,0.00020917809053955239,0.0065924522680376185,-0.0007216233263243055,0.9886987805366516],[0.3649535788287288,0.0029633648508564647,-0.022330420558546393,0.00021502869091571952,0.008072602159401754,-0.0017611089054216933,0.988436222076416],[0.38931888714091656,0.004139844962267603,-0.021116724829084887,0.00010079433435961072,0.009283852361008371,-0.00230348337657027,0.9877117276191711]]",8f7a20ac5325d3fead40ab7e47acc98c1674bfc620124d429cef0ae5954a48f9,edf46f252f9a1101d63436094e0400ac957ad55d933a978203b26d2606f02164,"[-0.29501924895366355,0.010799113836718473,1.178245578606926]"
libero_90-task82-episode2-seed255,82,255,15,1d8fccddb57fa08c3560695b21be856ac22cd64db4cf7e88436eeec6373e7847,true,"[151855,151884,151832,151817,151772,151869,151756]",2f32cd132785135040a16149d4a10cf5a93fe7cf327610050c67a9f437147f81,"[[0.18713011643245991,-0.036556342519418195,-0.015472340780064542,-0.0005573151552724642,-0.002878391827522364,9.137703236383743e-05,0.9899893403053284],[0.17755928284137212,-0.05256981736572186,-0.01838640085679799,-0.0005044751903608979,-0.0036993909024545246,0.00021361992272517227,0.990715742111206],[0.16045224440661698,-0.07951375388486781,-0.02484626743773788,-1.4501250971354906e-05,-0.005528311973520772,0.0001171616187587432,0.9910751581192017],[0.14574738340557047,-0.10374721470562065,-0.034506309158501836,0.0004625072412123288,-0.00744050078587577,0.000552075364460336,0.9907876253128052],[0.1504842851871544,-0.11617302995446721,-0.04308959724488659,0.0009005547952443127,-0.010048454387487027,0.0010584487149820632,0.9911973476409912],[0.17109800119144936,-0.10984670751533088,-0.052798671661577146,0.0008671491590270808,-0.012289394371620688,0.0006442674233628765,0.9905178546905518],[0.2115280035256326,-0.09202992174028424,-0.058399701634243684,0.0007456246221915208,-0.015054469285416872,3.5148670885831734e-05,0.9904459714889526],[0.261924640738588,-0.06473277469108751,-0.0653684052901724,0.00021825851762180548,-0.017492938028283334,-0.0009997899891303064,0.9904626607894897],[0.3102880618341928,-0.03957416057833285,-0.07074862432483542,-3.5956528376068775e-05,-0.019641712489828933,-0.0017810554722554883,0.990180492401123],[0.3385200035155833,-0.02671441707093436,-0.07209183626224558,-0.00026836563006971126,-0.019632407555590703,-0.0021802487713475927,0.989594042301178]]",9e44b099fa79a02b9f7c938a215a3b8819a7ba50ef769f154820277adec9d0ae,b08e40b7c08cdf12539a2f5e8e8bb4d04ba5a709de26c0f8b02dca2814d8e958,"[-0.2913564225870328,-0.0034764203345986344,1.1765518550313068]"
libero_90-task83-episode0-seed256,83,256,13,fcba25b965cdc5326ae554cc9871eef14c06fb1839171bd0e77f4f650946c86a,false,"[151833,151869,151836,151743,151834,151840,151879]",9ccc7f5f7e49e09f89a0f23b39f8c306088c7897ea91b5540715190f28bdbc78,"[[0.06208811981981022,-0.00032592102257922306,0.02726140098752694,0.0005593651300896951,0.0008266800555247755,-0.001495086071766849,0.9887564778327942],[0.05767064901276164,0.00045409410617480717,0.024502356304708428,0.0004920370853822575,0.0009103052969550163,-0.0025874319241339094,0.9897806644439697],[0.051076845004415006,-0.0022125121473948184,0.01266046881943339,0.0004120758042158723,0.002514279334548064,-0.0042017004675845016,0.9898602366447449],[0.04554096848428557,-0.00035913060230541305,0.001510062471368201,0.0003969694433076931,0.004498514355972816,-0.006399845813550797,0.9897009134292603],[0.0496580788227412,-0.004787279563203128,-0.005790512816901128,0.0003228310782885657,0.005898633868440584,-0.009748623649489474,0.9898468255996704],[0.05607614282146578,-0.014425898834566908,-0.012203585388476768,0.00013013038892717432,0.0073499652761768175,-0.014968299638752569,0.9884716272354126],[0.06987798005038748,-0.029482035796171147,-0.01219577728656418,0.00028512515851408793,0.008285682174289377,-0.02157671324271604,0.9888200163841248],[0.08887984100034174,-0.04842123361687101,-0.00623344514357882,0.0005753758424755784,0.009567250667615212,-0.02877478553395285,0.98881596326828],[0.10775059222194194,-0.06359181038021688,-0.001279340985320232,0.0010410430288827488,0.010018117929391224,-0.03312644905712503,0.9881798028945923],[0.11798028530652616,-0.07144854095173514,0.0022244764953143203,0.001094233660693833,0.010837518184246164,-0.034856841797358484,0.9876887798309326]]",014256b62726f11e5bd98f7b32cfd3d52707d12511e3e1c478f09bc3c74b2232,824756edf995e9f4f268120ec8d9ffda6e232e9d10f5ca092b586de57c65b58d,"[-0.2921747543921691,0.006715079871532034,1.184835841818808]"
libero_90-task83-episode1-seed257,83,257,14,7f4e107a7994afc8386d26917dce577a07649acc7570ee0314cd1d0531969ef1,false,"[151855,151888,151870,151727,151679,151887,151807]",2c89104e8f3c91ce120ee288d6f011e2ccc8a77c9fc835562827eedb1bdd68be,"[[0.08277736738815022,-0.0013172884766277093,0.007892066441627321,0.00024218691947575088,0.012647064733755542,-0.00041413558450464905,0.9867025017738342],[0.06987069617659003,-0.0017348681920736908,0.01948873584515809,0.00019937787350565728,0.010551438626578147,-8.877826357966967e-05,0.9876049757003784],[0.053977371839938115,-0.0040767585549872365,0.026678905664425656,0.00043956624352281537,0.006217931147588729,0.0001700967384330454,0.987851619720459],[0.05193236909044252,-0.0016248870839064011,0.03518733425624987,0.0002531129618186245,0.0017514733382029135,0.0004802041044147387,0.9879755973815918],[0.08369036786014306,-0.005020259114800751,0.041802707650106186,0.0005186139451351934,-0.0009254877212754309,0.001274885805569781,0.9884189367294312],[0.14317878049176258,-0.01776218036326327,0.04079879323217028,0.000416717526596333,0.000707821189038782,0.0006989801451471322,0.9865356087684631],[0.23485705939223678,-0.036373382334815574,0.0439550136724165,0.0005196105773759285,0.013887788835916126,-0.0002461241177122986,0.9862639307975769],[0.34672897342999676,-0.06004566275741752,0.04457365559318305,0.0003146919149892291,0.03574036234576283,-0.001198301365809229,0.9858729243278503],[0.44635047121300175,-0.07981884127392647,0.044799271516978934,0.000313335387772673,0.05427908829406647,-0.002369030115424664,0.98561692237854],[0.5042835781377626,-0.09033136448586276,0.047643058676499095,0.00010729090007699504,0.060628787334906065,-0.0034072058824410334,0.985093891620636]]",c2c75dd133267abbbe9c23d0ccc459ef520212147a6363e62139f7f41f9c8633,9cc5cbdaf8a08461c8355e3dedaa276fcfbff5952751c39acb2533f6ee07a6c3,"[-0.30147619585722835,0.005752695858290724,1.177957202117672]"
libero_90-task83-episode2-seed258,83,258,15,abc059212ee368a651094e6b0066399d6014bbce5cf29701adee905d43dc82b8,true,"[151855,151784,151833,151784,151716,151704,151900]",ee6daeaef8ce4da2b3cc64fde3c2d98c6c6c5ad7971a4fe16fd5bfb182b7c9b3,"[[0.18815065336851688,-0.00797078677528873,0.024714867721797873,0.0003088597707656682,-0.003438793160427167,-0.03322608833328822,0.9885562062263489],[0.18435350374087278,-0.015427567408252685,0.0195016765455307,0.0002684961650158968,-0.003602766558657322,-0.033856837696703224,0.9894416332244873],[0.17623617820223814,-0.030355170996472225,0.005872443549719719,0.0001458919432528738,-0.002187214956748562,-0.03454531234968883,0.9895176887512207],[0.16985612278132933,-0.04259833355682474,-0.006729286916083765,-0.000415378113654441,-0.0005569348670775298,-0.03453799611363628,0.9896085858345032],[0.17820591425582677,-0.05489459044525802,-0.01398989345889845,-0.0016392978737349573,-0.00047564330712646097,-0.03422616728034811,0.9897711277008057],[0.1935378947184887,-0.06789152846643276,-0.021477426376179665,-0.0039048367465281952,0.0003809965458003717,-0.03469333982644507,0.9885828495025635],[0.22324250324765416,-0.08192211465658517,-0.017507088456795827,-0.007306850128353748,0.004866739501707684,-0.035594191152567234,0.9885023236274719],[0.2625282752252929,-0.09651675120856851,-0.004743298924722694,-0.011615217480441142,0.012752030747520848,-0.03761828118456734,0.9885281920433044],[0.2993131622430951,-0.10675283541889513,0.0068658743622904694,-0.014802650403990647,0.01901398336474358,-0.03896828578487188,0.9881272315979004],[0.31939449328983116,-0.11124048487680227,0.014882665544178053,-0.015743618888465427,0.02162214550810404,-0.039391205394231577,0.987662136554718]]",e17b22755ba310961d4178b7adadb7f673e03c15ae1fc0149ef9db90f93b5a0e,261533b238d483a845dacb9ad9a6f0aa709250a56c7b3f4a46e1f4dd32a63bfc,"[-0.30069065318718635,0.0073817120109525335,1.1674141817357804]"
libero_90-task84-episode0-seed259,84,259,13,97290676bffa8561d259f805ded1cf88c09fb105f43a616009c1df413b1a53bc,true,"[151721,151803,151865,151688,151758,151750,151704]",e61a017bdfa34d883a7e691988d89d2b7de4c8df889d3c4b9bf3f82ee5d2ce8f,"[[0.19057119499313302,0.2301643470774195,-0.03719693739589047,-0.008570063037332876,-0.07960894511234073,0.0007834817359739787,0.9896457195281982],[0.20398676618734157,0.22900764921566008,-0.025979698063622436,-0.008131877062156345,-0.08447045050863267,0.00031578526504461024,0.9905731678009033],[0.22424882559363368,0.21487420557718906,-0.018325574104835596,-0.00597921601870266,-0.09090297041558415,0.00035607134233650584,0.990559458732605],[0.2562963693829552,0.20562810508842233,-0.010940310941975895,-0.003953256462890575,-0.09671853445335898,0.0014144930618051887,0.9902791380882263],[0.31087086002736797,0.21594203706357007,-0.002069324331273492,-0.0037775815743084085,-0.1039485875231776,0.0016919486837672082,0.9902229309082031],[0.3819334805572012,0.26181758649940434,0.0029904349123057727,-0.005328304428587005,-0.11223063441212844,0.0015399169243632826,0.9905372858047485],[0.4652225026306027,0.32899000891909225,0.00946722814774148,-0.008265361185880726,-0.12047462739712955,0.0005818829451040841,0.9908065795898438],[0.5574441143716768,0.40422282683287847,0.010203974435199825,-0.012273013215478912,-0.12800417621048155,0.00019256937142309027,0.9911021590232849],[0.6402282977738807,0.4691695924186945,0.005683629448924421,-0.015621817509340774,-0.1322810795004017,-0.0006832645439516227,0.9909111261367798],[0.6834853260352673,0.5012393865690967,0.0017960683302362668,-0.016985681046557843,-0.12944746386503425,-0.0016105366509080454,0.9906837940216064]]",924fa0584d18d1da66c76580579b38bf01392986dbd595f80080e7b1a2f6a563,22f7101ddc21ac86abadbfc0f69fe46657fa0cc9a5af20a697822282a9d8da19,"[-0.31146909492785585,0.0008451414822419037,1.1522204579670547]"
libero_90-task84-episode1-seed260,84,260,14,15b46f8039faaf3656134f027ce24d07486ec1a115e6142c289d1b82d3802cf2,true,"[151790,151725,151733,151713,151788,151830,151918]",45798d5524f08bea4082f750f44ab886609259160b5dfeebd0d34c7ccacf4af1,"[[0.1990977418051152,0.11575109249982063,0.02018638702094222,0.00042331560115305145,0.001577301255380803,-0.00038406604144469725,0.990389347076416],[0.20253034458536945,0.12674264339956665,0.009250566970194996,0.00024379260475249076,-0.0014360078538828702,-1.4493206984766971e-05,0.9912189245223999],[0.21081798033679533,0.13724558298278566,-0.009028964036730258,-4.455709549056053e-05,-0.008926757971323696,0.0006026341107876476,0.9914072155952454],[0.2327723705667175,0.15673345635988767,-0.026449221618491947,-0.0007247585997922634,-0.017714300129782146,0.001855413231478309,0.9913584589958191],[0.2830717128836149,0.18680206583567838,-0.036520963258283246,-0.0015626310158087797,-0.028686903014147447,0.0026004530547627525,0.9913992881774902],[0.3581996178862177,0.23686878723140126,-0.04024930462048815,-0.002317413832792159,-0.04111551459976681,0.001988452715707467,0.9919359087944031],[0.45753911939153724,0.29864147548579467,-0.03277733330492083,-0.0031750527882499213,-0.052502688550987386,0.000627296001113109,0.9918580651283264],[0.5746826156923035,0.3632853574046635,-0.014587841179491079,-0.004647576923936025,-0.06296886269325341,-0.0004534299469352021,0.9919648170471191],[0.6802689439450731,0.4158978390832857,0.0011914045499565873,-0.005593860780361393,-0.07075209757923062,-0.0016766447377971616,0.9918447732925415],[0.7386393481658189,0.4397223300796327,0.010628178237709562,-0.0061493817457318745,-0.0718038530649352,-0.002715101178830892,0.9915057420730591]]",5da75f76bf1c44bf497ed704061eb32e4f54b1a8863c7b00dad46268e76fbf35,2a90a7327361d7d8fe173c5c6ed8abe7da37ab3632c8bdec1f5e47b8d600588b,"[-0.3023834346310896,0.014352788419401177,1.168232850183785]"
libero_90-task84-episode2-seed261,84,261,15,1049e9860b531f7d96e64fb99c01fd12597ad41e5d63cb85c2700359e6f6b0c3,true,"[151855,151842,151743,151713,151702,151756,151823]",ade8f29fc81aed6bdcae0a9764b90383c6561b5919eba89f5f630106febfb654,"[[0.08323073335117925,0.002096225824672615,-0.02035480696832792,0.00010216008965246992,-0.019806798110721502,0.0017221679196364192,0.9878723621368408],[0.06342323181453757,-0.00982447581648671,-0.019113318764226506,0.00048761683683307133,-0.020439444263885775,0.0011021403036846067,0.9884427785873413],[0.037790308738145484,-0.03169667401948573,-0.02095362832270098,0.0019496301936099414,-0.020188538747916596,0.00059468168029575,0.9888817667961121],[0.01954923737016223,-0.04833764592468981,-0.02323244743683972,0.0033350228328421494,-0.020455005450600083,-0.00020638067685396777,0.9884032011032104],[0.031433031977112336,-0.053956881062156015,-0.024260878202738922,0.004186746591389623,-0.025009696281017568,-0.001917706295508026,0.9888410568237305],[0.06935093660028002,-0.03966143822381696,-0.022215646920642484,0.003974703854096928,-0.0321212281233727,-0.005006710972578432,0.9881937503814697],[0.13337503951791518,-0.013797171791232188,-0.012136643200051367,0.003052043873007504,-0.041446341258478014,-0.0089638403853467,0.9882877469062805],[0.21153462522908484,0.018266626185052814,-0.0029100330386029327,0.0013171378437952797,-0.051921790543303814,-0.013578177365566546,0.9883774518966675],[0.28508479902247075,0.04604203218178782,0.004899925345767997,7.719814325257701e-05,-0.06039983688482664,-0.016727489533167272,0.9880990982055664],[0.32953020233008345,0.058215700621602195,0.013138401099439534,-0.000406934423837102,-0.06161032243335285,-0.018258360470259305,0.9874148964881897]]",3a6cfa2d3bcc9bf38756af1495b13e78e41c04a05c175f84bb0dc052752fdea6,aae3e45d694eeda3b7df91d9eb0c9d60423c9aa7cb823b92dbe7c32d158718ad,"[-0.297820482413575,-0.004465671042614006,1.1823903045214184]"
libero_90-task85-episode0-seed262,85,262,13,5c83a3236e9a304b4149c07dc954d78b16b3c2b5d19d23b775d554213919a9f1,true,"[151855,151736,151713,151712,151780,151723,151755]",2a4a3ec0a15a0042e0c4c632b8e8eba823e0d78d4b40b1d14ac0c88f1343801a,"[[0.2505059987268119,-0.0009973900250059842,-0.008943620936804564,0.00130405243159748,0.007786582185090651,-0.0033972138874229785,0.9890406727790833],[0.25641820872647614,0.010948936291867994,-0.000666541490460304,-0.00029196182117674496,0.006930329623983766,-0.002915146906804722,0.9901465177536011],[0.25874931320979755,0.026538271505742728,0.004461470392215006,-0.004288955422644847,0.005950670000146374,-0.0026812144691348294,0.9902945756912231],[0.26548111351808856,0.04916393767345539,0.007598853104070713,-0.009073473055819736,0.005298907519971863,-0.00160365078168212,0.9903095364570618],[0.29219421300629733,0.06465067168576866,0.011309011963220428,-0.013268741104736304,0.005830003771833958,-0.00042676591528589825,0.9903229475021362],[0.33067902373435487,0.06744222385812293,0.010694683609244748,-0.015794982361168497,0.007522220761018161,-0.0008100917765965221,0.9897193908691406],[0.38663550803393676,0.0626627093438259,0.010710955038405245,-0.015705506933333613,0.01077358524227634,-0.0012107258689777467,0.9896820187568665],[0.4494790936601092,0.05308933049683162,0.003940566250633992,-0.014246529613660464,0.01543085875218253,-0.0024000913733459583,0.9895197153091431],[0.5056815521705964,0.043758873575612256,-0.004116029870374405,-0.01197627519387634,0.01891845138248982,-0.0036312960179021303,0.9894275665283203],[0.5356779570985566,0.03639085681932386,-0.009834727392842524,-0.010982669762168662,0.020720391123433046,-0.004384774773308564,0.988801121711731]]",a8f4daef4cfafa264f4a9d8fbd58b27f6f351842731cd56fdb6265cef5786a07,7f48aab7e6fdb8cf51ab5ca71139f1cd5cef98143ac43601610c9c7416ddd7bc,"[-0.2961017559551775,0.011549831607476852,1.1910451342396073]"
libero_90-task85-episode1-seed263,85,263,14,2a3ece61f56f2835d4c5e33dc05cf01d51aed990e85f67b09e062477b365c90f,true,"[151855,151860,151681,151739,151777,151737,151802]",7728ac134da8ee2f2383c0ac1bb6aa4211b3c26adf2b3d22efd95c6f188cc236,"[[0.07007018602926074,-0.02378321041593523,0.0012932920895991629,0.0004076740118192923,0.00555363630134309,0.0001189579324698542,0.9906812906265259],[0.16069883664317786,-0.016033334742147076,0.014745832653318303,0.00014024436055537493,0.005831711828065522,0.0001363784331473994,0.9916386604309082],[0.2859306995661477,-0.006922532541153714,0.006936857106950356,0.0001516133505607975,0.006612233942533408,-4.73694902183297e-05,0.9916391968727112],[0.42005656969800853,0.00983487789049775,-0.0037776059846805765,5.18947580294693e-05,0.007240292177215224,0.0005644998676288537,0.9915944337844849],[0.5331920813332118,0.029617332539615404,-0.026284923865659948,6.902206764802798e-05,0.006508568832060746,0.0005936338306309352,0.9915847778320312],[0.612314197858197,0.06182273247389958,-0.061893690734848406,-0.00023151792139142202,0.005088905978524849,-0.00029114423009701795,0.9914698600769043],[0.6596194707421361,0.09925320878380717,-0.10602584717435093,-0.00015551548495906786,0.00306262496823706,-0.0008213935836955955,0.9917482733726501],[0.677713672727549,0.13942101545225682,-0.15519406554113857,-9.708330580782132e-05,0.0013553433203128407,-0.0013545619470747283,0.9918144941329956],[0.6798723480529745,0.17104647772576698,-0.20448388280973973,0.00025342671641293,-0.0009448324511538431,-0.0014385957478726397,0.9920128583908081],[0.6671732451722967,0.18202244882267848,-0.24359957947990551,0.00015996475961510548,-0.0013432564282851445,-0.0012304291849964955,0.9912938475608826]]",f77c14e6b62ef2c3a534e4225bc4e0ccdb1d7ccc171b09b506791908ba1139fd,de2c93b97c944ca8d2f0364a1bf697956cc518e3b49b9bc50b726c7f61f55db3,"[-0.30744875593045673,-0.004411532751456611,1.167275644243817]"
libero_90-task85-episode2-seed264,85,264,15,569eed58e19330e42c4af755b1ed3e13203f2489907c2e36d8a123dbceea46ae,true,"[151855,151888,151752,151706,151732,151697,151867]",399366c6946b33cc22625ee3bcd42fcbb1fd819a1027f3c956e1642f30e22331,"[[0.19600081524519908,-0.0013971349661545673,-0.0062255278374436784,0.00047447605617745303,0.0008405629776859769,0.0017217749760121137,0.9910685420036316],[0.18576048329040162,0.0016757761455465925,-0.001992608364929538,0.0003814293628132681,0.00044116580572506336,0.002083002436355841,0.9920039176940918],[0.16742860629574352,0.0036841357293582178,-0.00029508332744399013,0.00027947757581658905,0.00029284296924458886,0.0020588457592616294,0.9923007488250732],[0.15573273563276757,0.011513601645916083,-0.0007788580333567552,-1.593160279833583e-05,0.00035983452353605117,0.002524016164034748,0.9921519160270691],[0.1702781460146845,0.01793699035665952,-0.000988748549104912,-0.00019480863385767933,0.0001760496591316496,0.002961324994684489,0.9922765493392944],[0.20464734732373557,0.021952889534659903,-0.004090203071740461,-0.00032459229898451625,0.00027529567063311333,0.002252435984836154,0.9912747740745544],[0.2627723070698522,0.024895729792433485,-0.006971065064817594,-0.00016631233423369807,-0.0002978068478540763,0.0009848185644276697,0.991229772567749],[0.3362118542708963,0.028242517438172854,-0.01339265556575242,-0.00015753643366944736,-0.00036785701446717667,-0.0005484848808148257,0.991250216960907],[0.40415485787031713,0.030227302320327,-0.01936170376842483,5.378651367160536e-05,-0.0006719903292804474,-0.0018903125114135833,0.9909887313842773],[0.4431355017528773,0.02947895929075628,-0.022171965231621016,-4.563678041802355e-05,-6.38031441297926e-05,-0.002781695767350101,0.9903203845024109]]",e21b82482297da63a245b4e4687bf17cc1e6afe2570669410a2e1d6d8a87872a,5de85ae8a3263aa027af89b687c3c4c8f77fd57ceb5116812ff7f757581e3b4d,"[-0.29709612594322127,0.00011849069630155477,1.1682975084225238]"
libero_90-task86-episode0-seed265,86,265,13,d9217f159566ee1efd83b20bc045f5ab8f1985c305f9a34db802f62224af905c,true,"[151804,151736,151679,151774,151683,151744,151740]",de7ba5888019cd8359ca1536be78afb7936609d932956a7813a00369bb956f6a,"[[0.14862835414356468,-0.0932463250964588,-2.2946404840240575e-05,0.004189367365059704,0.0009406232950652793,-0.023113908700999275,0.9874933362007141],[0.1478066448898332,-0.09784656937945613,-0.00048449805146333347,0.003756533674138973,0.0005166877106148604,-0.02297095206815669,0.9881578683853149],[0.14540570350743565,-0.10709338735914287,-0.007075300495245074,0.0026440244792658163,0.000289099148318428,-0.02257310600434792,0.9884020686149597],[0.15030858932222202,-0.11236264067569834,-0.012745238332342979,0.0015493808401154663,0.00036677598461665184,-0.021278880687093604,0.9882989525794983],[0.17361239442632836,-0.12646994714494042,-0.01454918288470708,0.0007674582507246619,0.00022596065110747077,-0.020291506917219593,0.9884397983551025],[0.2088737599138426,-0.1558166070071465,-0.015653182972613422,0.00026266402079233586,0.00025980399783520625,-0.02073282003051702,0.9875082969665527],[0.26086234292609234,-0.19558564247212473,-0.011322634925136299,0.00037712907925602224,-0.00020130167077070382,-0.02216955290218614,0.9874157905578613],[0.321311255715802,-0.24296720534906058,-0.004231950152615127,0.00041693900042760745,-0.0002908653867734756,-0.0257759894860623,0.9875455498695374],[0.376005466758631,-0.2821909989641824,0.0018023475730331029,0.0008646206661200306,-0.0008017132278439476,-0.028143661938514697,0.9873526096343994],[0.4063627103800478,-0.30160507327522623,0.005788574706798499,0.0010135341334231995,-0.00022749848669434414,-0.029093818333686627,0.9868041276931763]]",d2df02324aeb1ed124b7039d265bc4df256a1c24f871ed458cc5909d7f817bb4,b87d2425c51395f07a0ed2f3e81c0f3cf6bb6a3df02c5efd6deabcc9cb0a79cb,"[-0.28754256203875683,-0.007769616253699224,1.1916728992731163]"
libero_90-task86-episode1-seed266,86,266,14,aab4e2fc615b695673afbb1e7eb341df1f98d905e88f501f022762825e3ed52f,true,"[151833,151780,151752,151915,151920,151888,151677]",8a8bd5d183b1c774770bd43e47b9b3c11f640475815662c053d5522dac31e308,"[[0.01807736512680158,0.14666213881440626,-0.007918411695470695,0.000348632779632041,0.0027049460766761513,-0.007010199531704231,0.9871441721916199],[0.01596870573478526,0.13179090951275896,-0.0013570397896671693,0.0002756017837692859,0.0021484573842087684,-0.00795019552744769,0.9879529476165771],[0.01248078965836008,0.1043690215421833,-0.0006151063016375247,0.0004006514457526311,0.001306196981417429,-0.009092407796899238,0.9882972240447998],[0.010060733625330442,0.07573508641030458,-0.0004130238878019554,0.000756421471466151,0.0006267878236343449,-0.01014506634321144,0.9879608154296875],[0.016121887807980073,0.05095151505130957,-0.0006727661311458633,0.0009124497855990121,0.00022125356591118361,-0.011975977804862481,0.9881160259246826],[0.02532645290878044,0.03338354487745221,-0.0004621111858398308,0.0007281651018260504,0.00030345873733494955,-0.014794768249618784,0.9865307211875916],[0.04158904757461812,0.019929155145419486,0.001958891826063791,0.0006975463446523555,-3.335967420525776e-06,-0.018037619711405384,0.9869251847267151],[0.05972606990902207,0.011550808675053759,0.0014518020186358171,0.00044688410803117584,-0.00015314838782387596,-0.02188388288731602,0.9870225787162781],[0.07771873910816751,0.006220261134188831,-0.00034559028037506323,0.0003766030789067454,-0.000722735488253079,-0.024197291696411938,0.9865071773529053],[0.08833853881546716,0.002752730016482019,-0.00023392896281393405,0.00030815843696663237,-0.00023649557358851325,-0.024883801631276015,0.9859182238578796]]",e89e444ebe8439e00cb1eadc7628cf0946d221d45d3c8852d6e4de577b887b00,b145bf4484adfd9505abbd9ee8b74b67c5da816e86482a38e38c65de7f5a9b8f,"[-0.29735330774542806,0.015556747815256972,1.1730060176864752]"
libero_90-task86-episode2-seed267,86,267,15,236232e1775a8436bc10c40bde0604304d4f1200cf1a7977683c1d290210a978,false,"[151775,151821,151778,151879,151820,151811,151835]",d2487e0889931ffeb2c433529cf052d81c7a0192332e9c97524fe76b4569bfb7,"[[0.026611946272305786,-0.11749864567853763,-0.06904192613265536,0.00020192482256531363,0.00034504792046163857,-0.01967524033310042,0.9869410991668701],[0.020810274575604026,-0.1347964292716597,-0.04856951973474111,0.00022820638387655023,0.0009964131782567165,-0.020179742523506405,0.9875136613845825],[0.011582930814928005,-0.1634177570630868,-0.028660443318869966,0.0004965865269996872,0.00345783144409495,-0.02061860441705221,0.9877567887306213],[0.00506646830290336,-0.1904923794283775,-0.009721537216165643,0.0007991936051310322,0.005980004872867539,-0.020745132264078592,0.9875828623771667],[0.011213969498570009,-0.22159458582379443,0.00672936908409838,0.0010548390029558874,0.0063351316106405875,-0.02108500978750172,0.9877970218658447],[0.023730225074586997,-0.2617176005590949,0.01865315973628867,0.0008260657633256674,0.005660340163018418,-0.022704854388097218,0.9871379137039185],[0.049187408141357025,-0.3078532404534329,0.02916024400929018,0.0009204597558301053,0.003801935260838718,-0.024322341326946884,0.9872130155563354],[0.07893011353771762,-0.3548248597682857,0.02758049572582877,0.0005331204810836709,0.0017877993248021085,-0.02753549747769668,0.9873235821723938],[0.10649366047264053,-0.3913891707896866,0.022545198228101526,0.0004710432117926988,-0.000569973691682435,-0.029442714848867624,0.9869472980499268],[0.12201078376382668,-0.4080588935810425,0.0196266061761321,0.0005023725308417326,-0.0007417723707874302,-0.029965348580795137,0.9864696264266968]]",5210c78c697f8e43bc09eecae827526359eb3b9d20ffdc5c78e4e2a7631acf6e,ff011402df319c707236b847f33216c8698ad2f5330dc4a7c60bab2af5ab4ce4,"[-0.2963074927700455,-0.024452913109107223,1.1910667400641164]"
libero_90-task87-episode0-seed268,87,268,13,b7bbd8f978206de1e23ff3a5a0eb33d25f00f70c31f8d958da467ae08a9aaa2e,true,"[151775,151869,151914,151669,151790,151756,151746]",0e9abe8fa304e329d0c3f55b887d7292af2acd1345b0a16958ecace77c948336,"[[0.0898059083004803,-0.19778044719643617,0.015572727026494704,-0.00012439841166500543,0.000529756326898223,-0.028579099609048697,0.9874271750450134],[0.08695707489657423,-0.2319292225369196,0.013351895354531962,6.202718581027611e-05,0.0002710354606136889,-0.03097364192076313,0.987789511680603],[0.08236810197011302,-0.28568441100436104,0.00299600432765601,0.0004450292646942522,0.00086928215571902,-0.03440518116862101,0.9880509376525879],[0.07949423852715753,-0.34173311044696675,-0.007468381094327015,0.0008157764582477078,0.0017468258363635414,-0.03880483994876194,0.9880324602127075],[0.08797363881055986,-0.3957587417419006,-0.013400572871887562,0.0011674215338537408,0.0016957430383683914,-0.04337017124555054,0.9881467819213867],[0.10112646081178411,-0.4563555136277486,-0.015575429566155208,0.0009077803789896421,0.001475741423519139,-0.04892394287347912,0.9872987270355225],[0.1268701429145871,-0.5195496538933853,-0.009391522055608448,0.0005330282003206399,0.0006850901383756991,-0.05424885290765147,0.987125813961029],[0.1563999384726138,-0.5758740235973292,-0.0014939272826381966,-0.0005689240752617675,0.00023775815577664616,-0.060529046315712876,0.987322211265564],[0.1840324835575089,-0.6169847670827266,0.004922148405057669,-0.0012193281211807516,-0.0007792602328464682,-0.06442684124121101,0.9870983362197876],[0.1985848688003955,-0.6337804095305444,0.008649506929259587,-0.0013296959137658604,-0.0004243618979415942,-0.06586718545190351,0.9867780208587646]]",3ab5ff0293f3a49194502c2f578ac705e89963212ce9477c7eb8089013c1bb21,7243c1723a3d6ac7ae3e3d51bab04265095eb57bea1de177e3b2189a32e1c998,"[-0.2918085358760986,-0.010429473400672008,1.1781710874720994]"
libero_90-task87-episode1-seed269,87,269,14,d015501c0ac95d0a1e886a867d8bbd43030c0220209cfae4943aa7931e4cf0e0,true,"[151737,151676,151738,151902,151762,151827,151778]",add483768482f1718f6f38f181c7e943b7640483a98ca73d7680a902d3d3bff9,"[[0.1642448029865342,-0.14896123751320545,-0.03062207876860157,-0.0007797948468639682,0.0005668668276967992,-0.030085982273456935,0.9874820709228516],[0.18678234456714904,-0.20539835579029386,-0.019394738045747317,-0.0007519629687338103,0.0003772825165526683,-0.0374259259246692,0.987642765045166],[0.20860898006513295,-0.2920467617375522,-0.014268855645411804,-9.373351410979502e-05,0.0003263685380687775,-0.0488272600302988,0.9879303574562073],[0.22557766904242627,-0.38318830082332056,-0.010184672324015764,0.0005708633131633611,0.0007569774584936795,-0.06375627359053304,0.9881248474121094],[0.24044304013515472,-0.4570655221424502,-0.0051977522968797985,0.0014697886820012052,0.0009728777522752807,-0.07830186773145087,0.9878300428390503],[0.23999956258261435,-0.5041500437785018,-0.005588812617844496,0.001271458866094921,0.0007825387186102262,-0.09286703420717934,0.9873589873313904],[0.23694510321417184,-0.5365705884900862,-0.0020080607624208824,0.0013360092598351248,-0.0006690111614346961,-0.10479130143035498,0.9873005747795105],[0.2259007198815155,-0.5487888438656441,0.0038114868595755524,0.0008537223080060663,-0.002317821675106302,-0.11597690948624084,0.987383246421814],[0.2145352280761159,-0.5473245986459574,0.006011132912362882,0.0007160670937926827,-0.0045365370671106575,-0.12313662299510497,0.9876914024353027],[0.2029488362435501,-0.5396830128517394,0.004565651220531208,0.0007346893517723441,-0.004780332302487977,-0.12559665591087033,0.9870132207870483]]",cff38955313912478ba33ba2b0961cbc0848ac364dd0c8337d979ad638180f8e,b558ab9ff4a728b9c10621adbcad7ef6618c2a4cf3002013a998374334c9d140,"[-0.3051630258296026,-0.006280410235764684,1.166876842598271]"
libero_90-task87-episode2-seed270,87,270,15,d0d822e6c4994b1ea3fc1f046af0005ba1dd86983bc1bd664c3a11a4dbc5cc9e,true,"[151804,151843,151916,151793,151731,151811,151903]",0d4502a14695fff89e8745f4f2b07e52ba1a328e925e0c8672112ea8295253b0,"[[0.11813479172041141,-0.07525754649801542,-0.02230028019312158,-0.016904787729684845,0.015490104470075039,0.0018710935532482154,0.9844616055488586],[0.13673030080184745,-0.08049400022965614,-0.010345693950171153,-0.017245829745618613,0.021925822017180963,0.000557464305593669,0.9850344657897949],[0.15533146040356272,-0.09253662407786578,-0.00605604288404038,-0.01694299196557969,0.03611275832648175,-0.0017848913504927566,0.9851148724555969],[0.17556191221204287,-0.10097339480886092,-0.00026325029656959487,-0.016583189270521714,0.050286546575023294,-0.00532478948065318,0.9850307703018188],[0.2067416596916054,-0.12663681503319424,0.008092019373123094,-0.01712441594569869,0.057942749744057664,-0.010637574397275529,0.9848376512527466],[0.23394397063086458,-0.17591593639615155,0.014306995484986373,-0.018592159937859787,0.0609498423230832,-0.019000967785393286,0.9843741059303284],[0.2641656017655798,-0.2418943514262395,0.023028536117124077,-0.01971453394630096,0.055689545518958994,-0.02882422158421072,0.9844617247581482],[0.29178366739225936,-0.32247360417983373,0.02795233610362402,-0.020980921313528356,0.04567773419540799,-0.039539532256606336,0.984584629535675],[0.3142111121168085,-0.389073058850542,0.028548918771434728,-0.021053306344049894,0.03519183796200309,-0.046085767209923745,0.9841983318328857],[0.32176497483634847,-0.4235977994331108,0.02772213360248088,-0.02052588487102236,0.030985789214014403,-0.048832218604605515,0.9840061664581299]]",4f1935b208fa9366554d989e345b6f9e6a37e42483ea17eb6cc0efcbd764516e,12a6b97eb40a294ba8b2965811549290e45dbd17db2b57a14af329cf0505bcdc,"[-0.29871901547650886,0.006880157404949851,1.1699163187449262]"
libero_90-task88-episode0-seed271,88,271,13,1b28356e0b4d2969c629b9acb0bf893873734ba37581edf1246b0166f81d7331,true,"[151855,151699,151686,151891,151775,151839,151676]",7ebbb203d7ac51577e12168d733ae9602732e7e6f98f484c1921ff29036f50dc,"[[0.12232085606414955,0.00881286332429454,-0.024991836666401923,-0.009199510121967513,0.019423658665772336,0.009547883448496108,0.9892011284828186],[0.20459896474384465,0.020594166729566155,-0.0033786283575807374,-0.011819157966739713,0.019828845353913493,0.0024187821191254955,0.9904872179031372],[0.31232975373196226,0.03387348867711637,0.0041619232097502845,-0.016776240626782624,0.01971764294879108,-0.00885389101694578,0.9904159903526306],[0.4246960000047757,0.053714777581674866,0.005780930411219742,-0.02162478265334844,0.01903908781912378,-0.025509105918754216,0.9904964566230774],[0.5230433937541932,0.06243413723645119,-0.009488167792568447,-0.02371387147915005,0.017351210484434887,-0.04480918693256086,0.9906750917434692],[0.5889217502172102,0.06253315098341261,-0.048003896464024365,-0.022099677916058713,0.014729999585910036,-0.06662347094748355,0.9904977083206177],[0.6279562506211818,0.053045461052008136,-0.09699542239872017,-0.01623207942334126,0.013030404191027856,-0.08772473068870212,0.9908875823020935],[0.6394654775361843,0.03689053799575959,-0.15281046497545958,-0.008399472818793718,0.011997486976667915,-0.10708191950924117,0.9904882311820984],[0.6368545840096616,0.02509160481359629,-0.20944372018968238,-0.0008924050619907309,0.010061881905045311,-0.11906576447050199,0.9904783964157104],[0.6187720362223246,0.01714385539393959,-0.2543438007221823,0.0016230485732431355,0.009647837157842787,-0.12397392972369659,0.9905105829238892]]",ea60881cbcaac4bff1d0f390094722bf5f3e44f3ee37e42226472aaafc0dc891,9e015017dbe64cb950564a891a1fcc77cda899e3edd373e1ac2011ace780d9e9,"[-0.30465304357533657,0.006669904358132583,1.1633105144051847]"
libero_90-task88-episode1-seed272,88,272,14,90bf3b8d0922e725d6329622c98f30940530d90cffbf64c5c05685f311c739f2,true,"[151833,151780,151837,151900,151767,151799,151704]",3ab45a901a7620fc89e39140d33f3b0852ef61ba0ea506598d2c0c59321478c0,"[[0.02703728035738706,0.0003997697936597433,-0.012102134665724407,0.00031483956421007875,0.001679655532001334,-0.029210073511677592,0.9891169667243958],[0.03093212218329633,0.0005343505905130996,-0.005483157532523819,0.00021355219870722308,0.0012604667549851456,-0.029383904286429896,0.9900063276290894],[0.03671503238688345,-0.00284410915440958,-0.007457133059403986,0.00033410778753095727,0.0009176539109745363,-0.029180097526623427,0.9902779459953308],[0.04358368123318712,-0.001491023777973055,-0.008848176446292655,0.0006142537279405502,0.0007929856671893276,-0.027823880674734625,0.9900652766227722],[0.054005315428506506,-9.078899822156927e-05,-0.009786404524362524,0.0007457169029545518,0.0005553175870147697,-0.02633262219729282,0.9901087284088135],[0.0626594845383579,0.004881525576152512,-0.009491170908688673,0.000539773924098208,0.0005459629999791105,-0.025127913179975536,0.9890899062156677],[0.07430882669840955,0.010771818533328315,-0.004309102935849296,0.0005434743826957522,9.311955686541751e-05,-0.023651792387870074,0.9893688559532166],[0.0851319568463822,0.019962672221254252,-5.931141095061321e-05,0.00021826774569810858,-0.000126991294138179,-0.02346433956747518,0.989547073841095],[0.0957723721237631,0.028765568318860346,0.0025070970232832224,0.00013195754803518867,-0.0008236399031886776,-0.023260083729240932,0.9890964031219482],[0.10198282364691558,0.03289442106741092,0.00468244513655236,4.282355902351931e-05,-0.0003770129903131192,-0.022665616160470137,0.9883871674537659]]",9e2710d330c33fd6f65db4d32d99beae842e9ac3bf334e0862af8300a0f42041,e5e5657893fda1a89733f927ee8d7960638a0b8baac0ae35926b9605b2cfc0f0,"[-0.30763853863603324,-0.0011522826743100743,1.1688366520197313]"
libero_90-task88-episode2-seed273,88,273,15,c0ff302b5408d8019b11d9c67b060d9994416917c10f5fcde6f7f9b42e9b5da9,true,"[151855,151809,151717,151857,151692,151727,151673]",b6f9320e77eac07e6e7c38d6dacfcb3e4d051f04207476edaa14a44196e12a3d,"[[-0.025008072725793085,0.047788200083687116,-0.031152920494434966,-0.009149678509930759,-0.002355249953808425,0.019000516563188796,0.9892545938491821],[-0.022674319561090783,0.03947627277277377,-0.017981963018570468,-0.009841821144968677,-0.002444178114004103,0.01821133607277403,0.9897561073303223],[-0.015343475813821783,0.0245049022384336,-0.009670757252678186,-0.010701499505289425,-0.0014072489536118837,0.016127836707099164,0.9900045394897461],[0.011005650707963,0.011869579640944039,-0.0005019707270719209,-0.011958658796213717,-0.00016756756019731256,0.012320474949994775,0.9896432757377625],[0.07313373920377764,0.0003896224220767408,0.004432149058459345,-0.013178296728889594,0.0005203024342677054,0.0066524877086013845,0.9897912740707397],[0.16872813767058759,-0.0090238584484581,0.004808739819935681,-0.013614572492271382,0.0031944034926141285,-0.00275443296446376,0.9888629913330078],[0.30309380175679834,-0.017324100907245565,0.010280362788876118,-0.012023190733801314,0.013426613653393815,-0.012637358059372161,0.9890314936637878],[0.4596092404694616,-0.02634547298999479,0.009316253310061029,-0.010644479221812553,0.029276024926218724,-0.02210325769928545,0.9887781739234924],[0.5952355003142173,-0.03268317278514843,0.004611407789781197,-0.008963640491660207,0.042639022714979546,-0.027873054762576288,0.9890357255935669],[0.6692624367561635,-0.0364808009754114,0.0032205282092263587,-0.008343107728734367,0.047496456581882285,-0.030890001063589523,0.9882494211196899]]",be8fee36a13c18fe904cbbc5efdcc9c47eac051400ab9397c6aeb234530eca50,38b12fcfe5293679bab68f718fd93ec7cbb9c6c9096124e2d1080594c05e2777,"[-0.3034142673622235,0.01672110974741293,1.1750537912252423]"
libero_90-task89-episode0-seed274,89,274,13,32d5f6ce69b7abbbae36ac0617ab1a7e3c31b614ee28d3e6ea514cc1a1592954,true,"[151833,151780,151764,151860,151725,151830,151718]",fad7d29691c4fe7aa792dc883f794cda18f5484929f289e6c9ac266d47bc94cc,"[[0.07557811896082178,0.005375774321336735,-0.011575879517238263,0.00033407087522574486,0.0009089348797459706,0.0053249183180845705,0.9887056946754456],[0.07986779089124241,0.004879065607283906,-0.014915017030261879,0.00030777085776190205,0.0005494883485965829,0.005323458813194293,0.9895743131637573],[0.08389506678619618,0.0008892010998096112,-0.028256496899643935,0.00042766202509181284,0.000395862593350671,0.004962512026867927,0.9897900819778442],[0.08719241023726632,0.001404974572594142,-0.04026759632776589,0.0006869709692089998,0.0004500040036674591,0.004753016940309607,0.9895524978637695],[0.09241199005582779,-0.0005835002628629127,-0.04861238239209342,0.0008903762270819904,0.0003193377019528043,0.004284796544547831,0.9896162748336792],[0.09281935725220869,-0.001366897848811277,-0.053045964623549935,0.00034320667076581657,0.00042601177194967477,0.003107125790902998,0.9881571531295776],[0.09369761585342218,-0.0024190470336549197,-0.049225454897509735,-0.000981243752560701,1.5621470637938728e-05,0.001967402164405385,0.9884573221206665],[0.0935577213318215,-0.0011746102822485227,-0.03882528155838827,-0.0030555861124299533,-3.743750869489304e-05,0.0005807976722369546,0.9886147975921631],[0.09546402146633781,0.0011665625897450127,-0.0285142188648706,-0.004737301509831093,-0.0005725655677082386,-0.00018257952018174706,0.9880177974700928],[0.09722380537580122,0.0026671435995950787,-0.020513699112143513,-0.005340208647018008,-9.569017063881802e-05,-0.00035637287173173604,0.9873125553131104]]",69c4c674079d6d7ef6dca1a36772a425f3a773677c943d0612d1f16503279917,0c03a8ff1b610317a05fefc70bc163aecaeb9da976ed5d4d85c77f254cb9a51e,"[-0.3023432586982996,-0.007534691270439651,1.1679753872377732]"
libero_90-task89-episode1-seed275,89,275,14,8554c45f4a9c1d4f34ff2fc3d06e9bbea8382b30fec581a6011929a7c3f7e931,true,"[151855,151744,151716,151751,151781,151912,151812]",f4831e955a927442d2cc61c4b546151f3c4bcfa64d33003ab0d61fad84a87161,"[[0.1822612220287283,-0.014735086171739908,0.01968819735765237,0.0004410981041891304,0.01548442419004914,-0.03158309748206101,0.9899885058403015],[0.23267013146541515,-0.020692977023450965,0.01833635828666047,0.0003102624383637398,0.01451635352913172,-0.03399726826338956,0.9909836053848267],[0.29805327279958505,-0.033681100156179866,-0.0018377567773484316,0.0002715783425011331,0.012083843121956761,-0.037675145740484695,0.9909318685531616],[0.3650537872743058,-0.043940349073352536,-0.028384757259033222,-2.2086729692505358e-05,0.00929344528147169,-0.04152189541802542,0.9910067319869995],[0.42698384269220924,-0.049399942481116454,-0.06164923708266201,-7.761206480827454e-05,0.00656200517265404,-0.045370347851271475,0.990897536277771],[0.47108173900264916,-0.04569569060915768,-0.10643317892447612,-0.00031172836061799103,0.004056237028152054,-0.04982554266364758,0.9904946088790894],[0.5038388645339111,-0.03825761598946542,-0.15109011625546032,-3.985077657597813e-05,0.003682798338687121,-0.05407532151851768,0.99051833152771],[0.5214554209769702,-0.025181292722926685,-0.1959170299588493,0.00017401911982473095,0.005023662202702894,-0.05862899548778522,0.9905747771263123],[0.5290092836965101,-0.012723549128139666,-0.23874490576628205,0.0007270946449748905,0.005472235505237677,-0.06141266425716907,0.9906452894210815],[0.5207734738107703,-0.006790514211871823,-0.2711003696413741,0.0006448540289616389,0.006157295151368203,-0.06234008605693475,0.9901018738746643]]",698f2dd95a32f98162a7b2065a73d86cbc58cd8f215cecea2556172dcb52e7c7,f9895c81d66978d4685446d15bdd634aac7e7dbca963e599d95fd18a955d6d2e,"[-0.31244963279338395,0.01358880950873078,1.1493193116194989]"
libero_90-task89-episode2-seed276,89,276,15,efc4119a25a946daa2270e9eeb5d4d1e5cd062038961ca1d45bbe7f15bf6bca8,true,"[151833,151780,151799,151827,151889,151740,151829]",6fa0bbae1fa2caf95a1704e786d02bae12c572cc8d5d1b76e1fdc1dd6b6fb4d8,"[[0.015792303554817977,0.10525666030893888,-0.053824372321912506,0.0007975233233201706,0.0012724827319630094,-0.009723886912759383,0.9865849614143372],[0.012421900642324957,0.09288527187131024,-0.03831895618051817,0.0006306427914548607,0.0006776322882018349,-0.00947264624401889,0.9872919321060181],[0.0069882190788082,0.07016920184767628,-0.02503278824985955,0.000475371179578854,-0.0008273042796389518,-0.008872714887710131,0.9876748323440552],[0.004025845533041306,0.04756885285956969,-0.013291696262001551,0.0004673427531951546,-0.002275169922114628,-0.007006475923073907,0.9873159527778625],[0.013048711091112608,0.029796807768320832,-0.003530422226930341,0.0004678964377733408,-0.0033562702110998544,-0.005033973775464773,0.9875743389129639],[0.028667941049532075,0.020251001072395525,0.0023364654255431105,0.00029771225459152006,-0.0034953079744610704,-0.0036080562092646318,0.9863288402557373],[0.054618220300044484,0.015767092817142725,0.006993916313234649,0.0005249351774028188,-0.0030624448170328833,-0.0021124940635566247,0.9866113066673279],[0.08573735712067432,0.017025366893435034,0.004790065897879003,0.0006442634320782403,-0.0016964963597558835,-0.001575321417529807,0.9867939352989197],[0.11557130959060657,0.019290793224016056,0.001089735418759119,0.0008917973508326682,-0.000828515807896224,-0.0012246098770365421,0.9863461256027222],[0.13378752749829914,0.019685925723536002,0.0003985818942169317,0.0008422425810850065,1.8203416104256576e-05,-0.0008629894730685095,0.9856930375099182]]",6794d9cca13ae901faeb1caa68a6ad3ed5ce639fa392058171fdba7e4041fe08,799900246c8b765f030e660a8e833c0468555298b09c96efff038afa2aea5e55,"[-0.2942160134943383,0.016431781705484424,1.1817582504488955]"
